
Gurobi 13.0.1 (linux64) logging started Fri Apr  3 17:53:53 2026

Set parameter LogFile to value "gurobi.log"
Set parameter LogToConsole to value 1
Set parameter DisplayInterval to value 1

Gurobi 13.0.1 (linux64) logging started Fri Apr  3 17:56:05 2026

Set parameter LogFile to value "gurobi.log"
Set parameter LogToConsole to value 1
Set parameter DisplayInterval to value 1
Gurobi Optimizer version 13.0.1 build v13.0.1rc0 (linux64 - "Red Hat Enterprise Linux 8.10 (Ootpa)")

CPU model: AMD EPYC 9275F 24-Core Processor, instruction set [SSE2|AVX|AVX2|AVX512]
Thread count: 24 physical cores, 48 logical processors, using up to 24 threads

Non-default parameters:
DisplayInterval  1

Optimize a model with 3877 rows, 2425 columns and 13374 nonzeros (Min)
Model fingerprint: 0x2b7f8c8e
Model has 1 linear objective coefficients
Variable types: 0 continuous, 2425 integer (2424 binary)
Coefficient statistics:
  Matrix range     [1e+00, 3e+01]
  Objective range  [1e+00, 1e+00]
  Bounds range     [1e+00, 1e+00]
  RHS range        [1e+00, 3e+01]

Presolve removed 2737 rows and 740 columns
Presolve time: 0.03s
Presolved: 1140 rows, 1685 columns, 7406 nonzeros
Variable types: 0 continuous, 1685 integer (1684 binary)

Root relaxation: objective 5.617272e+00, 1842 iterations, 0.03 seconds (0.06 work units)

    Nodes    |    Current Node    |     Objective Bounds      |     Work
 Expl Unexpl |  Obj  Depth IntInf | Incumbent    BestBd   Gap | It/Node Time

     0     0    5.61727    0  347          -    5.61727      -     -    0s
H    0     0                      22.0000000    5.61727  74.5%     -    0s
     0     0    8.74993    0  319   22.00000    8.74993  60.2%     -    0s
     0     0    9.08980    0  293   22.00000    9.08980  58.7%     -    0s
     0     0    9.08980    0  322   22.00000    9.08980  58.7%     -    0s
H    0     0                      19.0000000    9.08980  52.2%     -    0s
     0     0   10.64027    0  391   19.00000   10.64027  44.0%     -    0s
     0     0   10.64027    0  360   19.00000   10.64027  44.0%     -    0s
H    0     0                      18.0000000   10.64027  40.9%     -    0s
     0     0   11.81633    0  369   18.00000   11.81633  34.4%     -    0s
     0     0   12.02564    0  353   18.00000   12.02564  33.2%     -    0s
H    0     0                      17.0000000   12.02564  29.3%     -    0s
H    0     0                      16.0000000   12.48000  22.0%     -    0s
H    0     0                      14.0000000   12.48000  10.9%     -    0s
     0     0   13.00000    0  325   14.00000   13.00000  7.14%     -    0s
     0     0   13.00000    0  332   14.00000   13.00000  7.14%     -    0s
     0     0   13.00000    0  323   14.00000   13.00000  7.14%     -    0s
H    0     0                      13.0000000   13.00000  0.00%     -    0s

Cutting planes:
  Clique: 88
  Zero half: 51
  Relax-and-lift: 1

Explored 1 nodes (13630 simplex iterations) in 0.74 seconds (1.23 work units)
Thread count was 24 (of 48 available processors)

Solution count 7: 13 14 16 ... 22

Optimal solution found (tolerance 1.00e-04)
Best objective 1.300000000000e+01, best bound 1.300000000000e+01, gap 0.0000%

Gurobi 13.0.1 (linux64) logging started Sat Apr  4 23:11:12 2026

Set parameter LogFile to value "gurobi.log"
Set parameter LogToConsole to value 1
Set parameter DisplayInterval to value 1

Gurobi 13.0.1 (linux64) logging started Sat Apr  4 23:11:44 2026

Set parameter LogFile to value "gurobi.log"
Set parameter LogToConsole to value 1
Set parameter DisplayInterval to value 1
Gurobi Optimizer version 13.0.1 build v13.0.1rc0 (linux64 - "Red Hat Enterprise Linux 8.10 (Ootpa)")

CPU model: AMD EPYC 9275F 24-Core Processor, instruction set [SSE2|AVX|AVX2|AVX512]
Thread count: 24 physical cores, 48 logical processors, using up to 24 threads

Non-default parameters:
DisplayInterval  1

Optimize a model with 2753 rows, 2131 columns and 9816 nonzeros (Min)
Model fingerprint: 0x8ee23686
Model has 1 linear objective coefficients
Variable types: 0 continuous, 2131 integer (2130 binary)
Coefficient statistics:
  Matrix range     [1e+00, 2e+01]
  Objective range  [1e+00, 1e+00]
  Bounds range     [1e+00, 1e+00]
  RHS range        [1e+00, 2e+01]

Presolve removed 1773 rows and 882 columns
Presolve time: 0.02s
Presolved: 980 rows, 1249 columns, 5426 nonzeros
Variable types: 0 continuous, 1249 integer (1248 binary)

Root relaxation: infeasible, 2047 iterations, 0.04 seconds (0.06 work units)

    Nodes    |    Current Node    |     Objective Bounds      |     Work
 Expl Unexpl |  Obj  Depth IntInf | Incumbent    BestBd   Gap | It/Node Time

     0     0 infeasible    0               - infeasible      -     -    0s

Explored 1 nodes (1604 simplex iterations) in 0.07 seconds (0.13 work units)
Thread count was 24 (of 48 available processors)

Solution count 0

Model is infeasible
Best objective -, best bound -, gap -
Gurobi Optimizer version 13.0.1 build v13.0.1rc0 (linux64 - "Red Hat Enterprise Linux 8.10 (Ootpa)")

CPU model: AMD EPYC 9275F 24-Core Processor, instruction set [SSE2|AVX|AVX2|AVX512]
Thread count: 24 physical cores, 48 logical processors, using up to 24 threads

Non-default parameters:
DisplayInterval  1


Computing Irreducible Inconsistent Subsystem (IIS)...

           Constraints          |            Bounds           |  Runtime
      Min       Max     Guess   |   Min       Max     Guess   |
--------------------------------------------------------------------------
        0      2753         -         0         1         -           0s
        1      2550         -         0         0         0           1s
        2      2544         -         0         0         0           2s
        7      2538         -         0         0         0           3s
       12      2537         -         0         0         0           4s
       18      2533         -         0         0         0           5s
       23      2498         -         0         0         0           6s
       28      2493       130         0         0         0           7s
       34      2488       148         0         0         0           8s
       41      2452       168         0         0         0           9s
       44      2432       174         0         0         0          10s
       47      2396       174         0         0         0          11s
       52      2361       183         0         0         0          12s
       58      2351       198         0         0         0          13s
       61      2310       197         0         0         0          14s
       65      2286       204         0         0         0          15s
       70      2268       215         0         0         0          16s
       74      2252       223         0         0         0          17s
       77      2227       225         0         0         0          18s
       81      2187       225         0         0         0          19s
       85      2170       231         0         0         0          20s
       91      2161       244         0         0         0          21s
       94      2152       249         0         0         0          22s
       98      2112       249         0         0         0          23s
      106      2096       262         0         0         0          24s
      108      2069       261         0         0         0          25s
      117      2045       273         0         0         0          26s
      125      1997       277         0         0         0          27s
      130      1948       276         0         0         0          28s
      136      1915       279         0         0         0          29s
      140      1875       278         0         0         0          30s
      150      1850       289         0         0         0          31s
      157      1802       289         0         0         0          32s
      164      1762       294         0         0         0          33s
      171      1720       297         0         0         0          34s
      181      1663       299         0         0         0          35s
      191      1597       302         0         0         0          36s
      208      1539       314         0         0         0          37s
      216      1449       313         0         0         0          38s
      246      1319       329         0         0         0          39s
      281      1141       344         0         0         0          40s
      325       883       360         0         0         0          41s
      369       369       369         0         0         0          42s

IIS computed: 369 constraints, 0 bounds
IIS runtime: 41.84 seconds (61.61 work units)

Gurobi 13.0.1 (linux64) logging started Sun Apr  5 00:12:47 2026

Set parameter LogFile to value "gurobi.log"
Set parameter LogToConsole to value 1
Set parameter DisplayInterval to value 1
Gurobi Optimizer version 13.0.1 build v13.0.1rc0 (linux64 - "Red Hat Enterprise Linux 8.10 (Ootpa)")

CPU model: AMD EPYC 9275F 24-Core Processor, instruction set [SSE2|AVX|AVX2|AVX512]
Thread count: 24 physical cores, 48 logical processors, using up to 24 threads

Non-default parameters:
DisplayInterval  1

Optimize a model with 2753 rows, 2131 columns and 9816 nonzeros (Min)
Model fingerprint: 0xb7fb9453
Model has 1 linear objective coefficients
Variable types: 0 continuous, 2131 integer (2130 binary)
Coefficient statistics:
  Matrix range     [1e+00, 2e+01]
  Objective range  [1e+00, 1e+00]
  Bounds range     [1e+00, 1e+00]
  RHS range        [1e+00, 2e+01]

Presolve removed 1773 rows and 882 columns
Presolve time: 0.02s
Presolved: 980 rows, 1249 columns, 5426 nonzeros
Variable types: 0 continuous, 1249 integer (1248 binary)

Root relaxation: infeasible, 1984 iterations, 0.04 seconds (0.06 work units)

    Nodes    |    Current Node    |     Objective Bounds      |     Work
 Expl Unexpl |  Obj  Depth IntInf | Incumbent    BestBd   Gap | It/Node Time

     0     0 infeasible    0               - infeasible      -     -    0s

Explored 1 nodes (1521 simplex iterations) in 0.07 seconds (0.12 work units)
Thread count was 24 (of 48 available processors)

Solution count 0

Model is infeasible
Best objective -, best bound -, gap -
Gurobi Optimizer version 13.0.1 build v13.0.1rc0 (linux64 - "Red Hat Enterprise Linux 8.10 (Ootpa)")

CPU model: AMD EPYC 9275F 24-Core Processor, instruction set [SSE2|AVX|AVX2|AVX512]
Thread count: 24 physical cores, 48 logical processors, using up to 24 threads

Non-default parameters:
DisplayInterval  1


Computing Irreducible Inconsistent Subsystem (IIS)...

           Constraints          |            Bounds           |  Runtime
      Min       Max     Guess   |   Min       Max     Guess   |
--------------------------------------------------------------------------
        0      2753         -         0         1         -           0s
        0      2684         -         0         0         0           1s
        3      2543         -         0         0         0           2s
        7      2533         -         0         0         0           3s
       13      2523         -         0         0         0           4s
       19      2511         -         0         0         0           5s
       28      2439       112         0         0         0           6s
       36      2432       136         0         0         0           7s
       51      2367       171         0         0         0           8s
       65      2333       200         0         0         0           9s
       75      2284       221         0         0         0          10s
       88      2249       247         0         0         0          11s
       99      2192       263         0         0         0          12s
      113      2160       287         0         0         0          13s
      124      2128       301         0         0         0          14s
      136      2103       316         0         0         0          15s
      143      2062       320         0         0         0          16s
      152      2037       330         0         0         0          17s
      161      2020       341         0         0         0          18s
      162      2019         -         0         0         0          18s

Non-minimal IIS computed: 2019 constraints, 0 bounds
IIS runtime: 18.48 seconds (29.74 work units)

Gurobi 13.0.1 (linux64) logging started Sun Apr  5 03:11:41 2026

Set parameter LogFile to value "gurobi.log"
Set parameter LogToConsole to value 1
Set parameter DisplayInterval to value 1
Gurobi Optimizer version 13.0.1 build v13.0.1rc0 (linux64 - "Red Hat Enterprise Linux 8.10 (Ootpa)")

CPU model: AMD EPYC 9275F 24-Core Processor, instruction set [SSE2|AVX|AVX2|AVX512]
Thread count: 24 physical cores, 48 logical processors, using up to 24 threads

Non-default parameters:
DisplayInterval  1

Optimize a model with 3041 rows, 2194 columns and 10896 nonzeros (Min)
Model fingerprint: 0x0c4447ef
Model has 1 linear objective coefficients
Variable types: 0 continuous, 2194 integer (2193 binary)
Coefficient statistics:
  Matrix range     [1e+00, 2e+01]
  Objective range  [1e+00, 1e+00]
  Bounds range     [1e+00, 1e+00]
  RHS range        [1e+00, 2e+01]

Presolve removed 1499 rows and 715 columns
Presolve time: 0.02s
Presolved: 1542 rows, 1479 columns, 7636 nonzeros
Variable types: 0 continuous, 1479 integer (1478 binary)

Root relaxation: objective 4.400577e+00, 1506 iterations, 0.04 seconds (0.07 work units)

    Nodes    |    Current Node    |     Objective Bounds      |     Work
 Expl Unexpl |  Obj  Depth IntInf | Incumbent    BestBd   Gap | It/Node Time

     0     0    4.40058    0  368          -    4.40058      -     -    0s
     0     0    6.53916    0  471          -    6.53916      -     -    0s
     0     0    7.00000    0  430          -    7.00000      -     -    0s
     0     0    7.00000    0  406          -    7.00000      -     -    0s
     0     0    7.91984    0  518          -    7.91984      -     -    0s
     0     0    8.08639    0  509          -    8.08639      -     -    0s
     0     0    8.08639    0  432          -    8.08639      -     -    0s
     0     0    8.08639    0  397          -    8.08639      -     -    0s
     0     0    9.00000    0  465          -    9.00000      -     -    0s
     0     0    9.00000    0  399          -    9.00000      -     -    0s
     0     0    9.10141    0  562          -    9.10141      -     -    0s
     0     0    9.10141    0  504          -    9.10141      -     -    0s
     0     0   12.00000    0  369          -   12.00000      -     -    0s
     0     0   12.03884    0  354          -   12.03884      -     -    0s
     0     0   13.00000    0  352          -   13.00000      -     -    0s
     0     0   13.00000    0  366          -   13.00000      -     -    1s
H    0     0                      21.0000000   13.00000  38.1%     -    1s
     0     0   13.00000    0  371   21.00000   13.00000  38.1%     -    1s
     0     0   13.00000    0  380   21.00000   13.00000  38.1%     -    1s
     0     0   13.00000    0  383   21.00000   13.00000  38.1%     -    1s
     0     0   13.00000    0  246   21.00000   13.00000  38.1%     -    1s
     0     0   13.00000    0  293   21.00000   13.00000  38.1%     -    1s
     0     0   13.00000    0  383   21.00000   13.00000  38.1%     -    1s
     0     0   13.00000    0  172   21.00000   13.00000  38.1%     -    1s
H    0     0                      20.0000000   13.00000  35.0%     -    1s
     0     0   13.00000    0  345   20.00000   13.00000  35.0%     -    1s
     0     0   13.00000    0  382   20.00000   13.00000  35.0%     -    1s
     0     0   13.00000    0  320   20.00000   13.00000  35.0%     -    1s
     0     0   13.00000    0  320   20.00000   13.00000  35.0%     -    1s
     0     0   13.00000    0  190   20.00000   13.00000  35.0%     -    1s
     0     2   13.00000    0  190   20.00000   13.00000  35.0%     -    1s
H    9    16                      19.0000000   13.00000  31.6%   401    1s
    55    78   13.00000    6  291   19.00000   13.00000  31.6%   780    2s
H  239   223                      18.0000000   13.00000  27.8%   499    2s
   660   455   14.00000   18  355   18.00000   13.00000  27.8%   452    3s
  1159   737   16.00000   24  288   18.00000   13.00000  27.8%   376    4s
  1801   951   15.00000   21  263   18.00000   13.00000  27.8%   354    5s
  3027  1404   14.00000   17  342   18.00000   13.00000  27.8%   344    6s
  4316  1951   16.00000   23  302   18.00000   13.00000  27.8%   338    7s
  4543  1956   16.00000   24  322   18.00000   13.00000  27.8%   337    8s
  4552  1962   16.00000   25  303   18.00000   13.03753  27.6%   336    9s
  4560  1967   15.00000   13  154   18.00000   14.00000  22.2%   336   10s
  4974  2040   15.00000   28  280   18.00000   14.00000  22.2%   351   11s
  5562  2032   17.00000   31  183   18.00000   14.00000  22.2%   351   12s
  6579  1952   15.00000   28  272   18.00000   14.00000  22.2%   345   13s
  7787  1842 infeasible   32        18.00000   14.00000  22.2%   341   14s
  8959  1733   15.38889   30  286   18.00000   15.00000  16.7%   335   15s
 10623  1458 infeasible   31        18.00000   15.00000  16.7%   323   16s
*10965  1330              44      17.0000000   15.00000  11.8%   321   16s
 11546  1220   15.00000   30  279   17.00000   15.00000  11.8%   318   17s
 13160  1226 infeasible   24        17.00000   15.00000  11.8%   311   18s
 15067  1226   16.00000   30  276   17.00000   15.00000  11.8%   308   19s
 17509   723   16.00000   31  256   17.00000   16.00000  5.88%   301   20s
 19301   370 infeasible   39        17.00000   16.00000  5.88%   297   21s
 21390    29   16.00000   28  245   17.00000   16.00000  5.88%   293   22s

Cutting planes:
  Gomory: 1
  Cover: 58
  Clique: 51
  MIR: 6
  Flow cover: 29
  GUB cover: 1
  Inf proof: 113
  Zero half: 50
  RLT: 139
  Relax-and-lift: 1
  BQP: 6

Explored 21860 nodes (6423126 simplex iterations) in 22.59 seconds (63.82 work units)
Thread count was 24 (of 48 available processors)

Solution count 5: 17 18 19 ... 21

Optimal solution found (tolerance 1.00e-04)
Best objective 1.700000000000e+01, best bound 1.700000000000e+01, gap 0.0000%

Gurobi 13.0.1 (linux64) logging started Sun Apr  5 03:12:55 2026

Set parameter LogFile to value "gurobi.log"
Set parameter LogToConsole to value 1
Set parameter DisplayInterval to value 1
Gurobi Optimizer version 13.0.1 build v13.0.1rc0 (linux64 - "Red Hat Enterprise Linux 8.10 (Ootpa)")

CPU model: AMD EPYC 9275F 24-Core Processor, instruction set [SSE2|AVX|AVX2|AVX512]
Thread count: 24 physical cores, 48 logical processors, using up to 24 threads

Non-default parameters:
DisplayInterval  1

Optimize a model with 3041 rows, 2194 columns and 10896 nonzeros (Min)
Model fingerprint: 0x6a264916
Model has 1 linear objective coefficients
Variable types: 0 continuous, 2194 integer (2193 binary)
Coefficient statistics:
  Matrix range     [1e+00, 2e+01]
  Objective range  [1e+00, 1e+00]
  Bounds range     [1e+00, 1e+00]
  RHS range        [1e+00, 2e+01]

Presolve removed 1499 rows and 715 columns
Presolve time: 0.01s
Presolved: 1542 rows, 1479 columns, 7636 nonzeros
Variable types: 0 continuous, 1479 integer (1478 binary)

Root relaxation: objective 4.400577e+00, 1521 iterations, 0.04 seconds (0.07 work units)

    Nodes    |    Current Node    |     Objective Bounds      |     Work
 Expl Unexpl |  Obj  Depth IntInf | Incumbent    BestBd   Gap | It/Node Time

     0     0    4.40058    0  349          -    4.40058      -     -    0s
     0     0    6.35490    0  528          -    6.35490      -     -    0s
     0     0    7.00000    0  484          -    7.00000      -     -    0s
H    0     0                      21.0000000    7.00000  66.7%     -    0s
     0     0    7.00000    0  438   21.00000    7.00000  66.7%     -    0s
     0     0    7.96878    0  485   21.00000    7.96878  62.1%     -    0s
     0     0    8.00000    0  443   21.00000    8.00000  61.9%     -    0s
     0     0    8.00000    0  440   21.00000    8.00000  61.9%     -    0s
H    0     0                      20.0000000    8.77135  56.1%     -    0s
     0     0    9.00000    0  472   20.00000    9.00000  55.0%     -    0s
     0     0    9.00000    0  447   20.00000    9.00000  55.0%     -    0s
     0     0   13.00000    0  343   20.00000   13.00000  35.0%     -    0s
     0     0   13.00000    0  367   20.00000   13.00000  35.0%     -    1s
     0     0   13.00000    0  367   20.00000   13.00000  35.0%     -    1s
     0     0   13.00000    0  356   20.00000   13.00000  35.0%     -    1s
     0     0   13.00000    0  359   20.00000   13.00000  35.0%     -    1s
     0     0   13.00000    0  227   20.00000   13.00000  35.0%     -    1s
H    0     0                      19.0000000   13.00000  31.6%     -    1s
     0     0   13.00000    0  325   19.00000   13.00000  31.6%     -    1s
     0     0   13.00000    0  349   19.00000   13.00000  31.6%     -    1s
     0     0   13.00000    0  272   19.00000   13.00000  31.6%     -    1s
     0     0   13.00000    0  272   19.00000   13.00000  31.6%     -    1s
     0     0   13.00000    0  272   19.00000   13.00000  31.6%     -    1s
     0     0   13.00000    0  280   19.00000   13.00000  31.6%     -    1s
     0     0   13.00000    0  315   19.00000   13.00000  31.6%     -    1s
     0     0   13.00000    0  297   19.00000   13.00000  31.6%     -    1s
     0     0   13.00000    0  307   19.00000   13.00000  31.6%     -    1s
     0     0   13.00000    0  164   19.00000   13.00000  31.6%     -    1s
     0     0   13.00000    0  149   19.00000   13.00000  31.6%     -    1s
     0     0   13.00000    0  355   19.00000   13.00000  31.6%     -    1s
     0     0   13.00000    0  175   19.00000   13.00000  31.6%     -    2s
     0     0   13.00000    0  290   19.00000   13.00000  31.6%     -    2s
     0     0   13.00000    0  370   19.00000   13.00000  31.6%     -    2s
     0     0   13.00000    0  364   19.00000   13.00000  31.6%     -    2s
     0     0   13.00000    0  340   19.00000   13.00000  31.6%     -    2s
     0     0   13.00000    0  350   19.00000   13.00000  31.6%     -    2s
     0     0   13.00000    0  242   19.00000   13.00000  31.6%     -    2s
     0     0   13.00000    0  242   19.00000   13.00000  31.6%     -    2s
     0     0   13.00000    0  151   19.00000   13.00000  31.6%     -    2s
     0     2   13.00000    0  151   19.00000   13.00000  31.6%     -    2s
   329   283   13.00000   14  334   19.00000   13.00000  31.6%   437    3s
H  532   353                      18.0000000   13.00000  27.8%   377    3s
  1721   799   15.00000   15  279   18.00000   13.00000  27.8%   299    4s
  2509  1027   17.00000   32  311   18.00000   13.00000  27.8%   295    5s
  2989  1188   17.00000   37  349   18.00000   13.00000  27.8%   293    6s
  3534  1385   17.00000   42  311   18.00000   13.00000  27.8%   285    7s
  4297  1620   17.00000   47  307   18.00000   13.00000  27.8%   278    8s
  5247  1871   15.00000   20  317   18.00000   13.00000  27.8%   271    9s
  5256  1877   17.00000   16  148   18.00000   13.00000  27.8%   270   10s
  5267  1887   13.00000   10  220   18.00000   13.00000  27.8%   275   11s
  5791  2030   13.37841   22  257   18.00000   13.00000  27.8%   279   12s
  6485  1981   14.00000   19  237   18.00000   13.00000  27.8%   281   13s
  7133  2002   17.00000   25  267   18.00000   13.00000  27.8%   289   14s
  7919  1982   14.00000   21  336   18.00000   13.00000  27.8%   297   15s
  8649  1957 infeasible   27        18.00000   13.00000  27.8%   306   16s
  9281  1933 infeasible   29        18.00000   13.00000  27.8%   309   17s
 10398  1804   16.00000   32  237   18.00000   13.00000  27.8%   307   18s
 11996  1986   14.50000   28  252   18.00000   14.00000  22.2%   303   19s
 13634  2140   14.00000   21  245   18.00000   14.00000  22.2%   299   20s
 14034  2250   14.00000   24  325   18.00000   14.00000  22.2%   298   21s
 15486  2499   15.00000   29  314   18.00000   14.00000  22.2%   295   22s
*17111  2244              45      17.0000000   14.00000  17.6%   294   22s
 17304  2281 infeasible   36        17.00000   14.00000  17.6%   294   23s
 19350  2239   15.00000   29  295   17.00000   14.00000  17.6%   293   24s
 21404  2235 infeasible   34        17.00000   15.00000  11.8%   287   25s
 23994  2285 infeasible   32        17.00000   15.00000  11.8%   289   26s
 25685  2244   15.00000   23  245   17.00000   15.00000  11.8%   290   27s
 27438  2223 infeasible   28        17.00000   15.00000  11.8%   292   28s
 29446  2265 infeasible   30        17.00000   15.00000  11.8%   293   29s
 31462  2271   16.00000   25  235   17.00000   15.00000  11.8%   293   30s
 33375  2319 infeasible   27        17.00000   15.00000  11.8%   295   31s
 34513  2299   16.00000   33  255   17.00000   15.00000  11.8%   295   32s
 37055  1870 infeasible   25        17.00000   15.00000  11.8%   296   33s
 38979  1663 infeasible   30        17.00000   15.00000  11.8%   293   34s
 42264  1294 infeasible   27        17.00000   16.00000  5.88%   290   35s
 43919  1170 infeasible   35        17.00000   16.00000  5.88%   289   36s
 45038   993   16.00000   26  326   17.00000   16.00000  5.88%   289   37s
 48367   555   16.00000   26  221   17.00000   16.00000  5.88%   289   38s
 50280   348 infeasible   34        17.00000   16.00000  5.88%   288   39s
 52213   125 infeasible   38        17.00000   16.00000  5.88%   288   40s
 53916    37 infeasible   31        17.00000   16.00000  5.88%   287   41s
 54838    15 infeasible   31        17.00000   16.00000  5.88%   287   42s
 55194    10 infeasible   35        17.00000   16.00000  5.88%   287   43s

Cutting planes:
  Gomory: 1
  Cover: 100
  Clique: 46
  MIR: 4
  Flow cover: 67
  GUB cover: 3
  Inf proof: 46
  Zero half: 45
  RLT: 131
  BQP: 50

Explored 55407 nodes (15949181 simplex iterations) in 43.48 seconds (126.63 work units)
Thread count was 24 (of 48 available processors)

Solution count 5: 17 18 19 ... 21

Optimal solution found (tolerance 1.00e-04)
Best objective 1.700000000000e+01, best bound 1.700000000000e+01, gap 0.0000%

Gurobi 13.0.1 (linux64) logging started Sun Apr  5 03:17:56 2026

Set parameter LogFile to value "gurobi.log"
Set parameter LogToConsole to value 1
Set parameter DisplayInterval to value 1
Set parameter TimeLimit to value 120
Gurobi Optimizer version 13.0.1 build v13.0.1rc0 (linux64 - "Red Hat Enterprise Linux 8.10 (Ootpa)")

CPU model: AMD EPYC 9275F 24-Core Processor, instruction set [SSE2|AVX|AVX2|AVX512]
Thread count: 24 physical cores, 48 logical processors, using up to 24 threads

Non-default parameters:
TimeLimit  120
DisplayInterval  1

Optimize a model with 3468 rows, 2540 columns and 12509 nonzeros (Min)
Model fingerprint: 0x2f579f75
Model has 1 linear objective coefficients
Variable types: 0 continuous, 2540 integer (2539 binary)
Coefficient statistics:
  Matrix range     [1e+00, 2e+01]
  Objective range  [1e+00, 1e+00]
  Bounds range     [1e+00, 1e+00]
  RHS range        [1e+00, 2e+01]

Presolve removed 1941 rows and 1082 columns
Presolve time: 0.03s
Presolved: 1527 rows, 1458 columns, 8577 nonzeros
Variable types: 0 continuous, 1458 integer (1457 binary)

Root relaxation: objective 5.302801e+00, 1476 iterations, 0.03 seconds (0.07 work units)

    Nodes    |    Current Node    |     Objective Bounds      |     Work
 Expl Unexpl |  Obj  Depth IntInf | Incumbent    BestBd   Gap | It/Node Time

     0     0    5.30280    0  379          -    5.30280      -     -    0s
     0     0    8.08872    0  354          -    8.08872      -     -    0s
     0     0    8.12683    0  405          -    8.12683      -     -    0s
     0     0    8.12683    0  407          -    8.12683      -     -    0s
H    0     0                      23.0000000    8.12683  64.7%     -    0s
     0     0    9.93627    0  485   23.00000    9.93627  56.8%     -    0s
     0     0    9.94336    0  457   23.00000    9.94336  56.8%     -    0s
     0     0    9.99342    0  520   23.00000    9.99342  56.6%     -    0s
     0     0   10.44143    0  478   23.00000   10.44143  54.6%     -    0s
     0     0   11.00000    0  491   23.00000   11.00000  52.2%     -    0s
     0     0   11.00000    0  447   23.00000   11.00000  52.2%     -    0s
     0     0   14.00000    0  418   23.00000   14.00000  39.1%     -    0s
     0     0   14.00000    0  406   23.00000   14.00000  39.1%     -    0s
     0     0   14.00000    0  370   23.00000   14.00000  39.1%     -    0s
     0     0   14.00000    0  357   23.00000   14.00000  39.1%     -    0s
     0     0   14.00000    0  359   23.00000   14.00000  39.1%     -    1s
     0     0   14.00000    0  107   23.00000   14.00000  39.1%     -    1s
     0     0   14.00000    0  300   23.00000   14.00000  39.1%     -    1s
     0     0   14.00000    0  337   23.00000   14.00000  39.1%     -    1s
     0     0   14.00000    0  242   23.00000   14.00000  39.1%     -    1s
H    0     0                      22.0000000   14.00000  36.4%     -    1s
H    0     0                      21.0000000   14.00000  33.3%     -    1s
     0     0   14.00000    0  264   21.00000   14.00000  33.3%     -    1s
     0     0   14.00000    0  311   21.00000   14.00000  33.3%     -    1s
     0     0   14.00000    0  137   21.00000   14.00000  33.3%     -    1s
     0     0   14.00000    0  137   21.00000   14.00000  33.3%     -    1s
     0     0   14.00000    0   86   21.00000   14.00000  33.3%     -    1s
     0     0   14.00000    0  300   21.00000   14.00000  33.3%     -    1s
     0     0   14.00000    0  316   21.00000   14.00000  33.3%     -    1s
     0     0   14.00000    0  319   21.00000   14.00000  33.3%     -    1s
     0     0   14.00000    0  334   21.00000   14.00000  33.3%     -    1s
     0     0   14.00000    0  297   21.00000   14.00000  33.3%     -    2s
     0     0   14.00000    0  317   21.00000   14.00000  33.3%     -    2s
     0     0   14.01564    0  339   21.00000   14.01564  33.3%     -    2s
     0     0   14.01564    0  221   21.00000   14.01564  33.3%     -    2s
     0     0   15.00000    0  272   21.00000   15.00000  28.6%     -    2s
     0     0   15.00000    0  309   21.00000   15.00000  28.6%     -    2s
     0     0   15.00000    0  296   21.00000   15.00000  28.6%     -    2s
     0     0   15.00000    0  296   21.00000   15.00000  28.6%     -    2s
     0     0   15.00000    0  291   21.00000   15.00000  28.6%     -    2s
     0     0   15.00000    0  274   21.00000   15.00000  28.6%     -    2s
     0     0   15.00000    0  330   21.00000   15.00000  28.6%     -    2s
     0     0   15.00000    0  218   21.00000   15.00000  28.6%     -    2s
     0     0   15.00000    0  264   21.00000   15.00000  28.6%     -    2s
     0     0   15.00000    0  313   21.00000   15.00000  28.6%     -    2s
     0     0   15.00000    0  193   21.00000   15.00000  28.6%     -    2s
     0     0   15.00000    0  281   21.00000   15.00000  28.6%     -    2s
     0     0   15.00000    0  283   21.00000   15.00000  28.6%     -    2s
     0     0   15.00000    0  151   21.00000   15.00000  28.6%     -    2s
H    0     0                      20.0000000   15.00000  25.0%     -    2s
     0     0   15.00000    0  188   20.00000   15.00000  25.0%     -    2s
     0     0   15.00000    0  360   20.00000   15.00000  25.0%     -    2s
     0     0   15.00000    0  212   20.00000   15.00000  25.0%     -    3s
     0     0   15.00000    0  243   20.00000   15.00000  25.0%     -    3s
     0     0   15.00000    0  231   20.00000   15.00000  25.0%     -    3s
     0     0   15.00000    0  117   20.00000   15.00000  25.0%     -    3s
     0     0   15.00000    0  238   20.00000   15.00000  25.0%     -    3s
     0     0   15.00000    0  301   20.00000   15.00000  25.0%     -    3s
     0     0   15.00000    0  219   20.00000   15.00000  25.0%     -    3s
     0     0   15.00000    0  219   20.00000   15.00000  25.0%     -    3s
     0     0   15.00000    0  219   20.00000   15.00000  25.0%     -    3s
     0     2   15.00000    0  219   20.00000   15.00000  25.0%     -    3s
   272   232   15.00000   11  291   20.00000   15.00000  25.0%   384    4s
   787   445   16.00000   19  219   20.00000   15.00000  25.0%   331    5s
  1562   717   17.00000   22  303   20.00000   15.00000  25.0%   298    6s
  2677  1102   15.00000   10  321   20.00000   15.00000  25.0%   284    7s
  4176  1653   17.00000   19  294   20.00000   15.00000  25.0%   280    8s
  6233  2177   19.00000   11   86   20.00000   15.00000  25.0%   274    9s
  6242  2183   16.00000   14  281   20.00000   15.00000  25.0%   273   10s
  6251  2189   16.00000   17  313   20.00000   15.00000  25.0%   273   11s
  6257  2196   15.00000   13  317   20.00000   15.00000  25.0%   278   12s
  6496  2326   16.05859   22  406   20.00000   16.00000  20.0%   289   13s
  7243  2282   16.00000   25  300   20.00000   16.00000  20.0%   300   14s
  7839  2181   18.00000   31  293   20.00000   16.00000  20.0%   305   15s
  8261  2149   19.00000   32  233   20.00000   16.00000  20.0%   312   16s
  8782  2158   17.00000   27  293   20.00000   16.00000  20.0%   315   17s
  9499  2051 infeasible   31        20.00000   16.00000  20.0%   319   18s
*10202  1862              40      19.0000000   16.00000  15.8%   324   18s
 10467  1801   18.00000   29  269   19.00000   16.00000  15.8%   325   19s
 11398  1580   18.00000   25  280   19.00000   16.00000  15.8%   328   20s
 12703  1273 infeasible   31        19.00000   17.00000  10.5%   330   21s
 14369  1323 infeasible   33        19.00000   17.00000  10.5%   329   22s
 15694  1261   17.01401   27  340   19.00000   17.00000  10.5%   331   23s
 16699  1273   17.00000   29  271   19.00000   17.00000  10.5%   332   24s
 18338  1271   18.00000   34  230   19.00000   17.00000  10.5%   335   25s
 19507  1271 infeasible   27        19.00000   17.00000  10.5%   336   26s
 20993   957 infeasible   31        19.00000   17.00000  10.5%   334   27s
 23135   604 infeasible   29        19.00000   18.00000  5.26%   330   28s
 24505   434   18.00000   29  314   19.00000   18.00000  5.26%   330   29s
 25353   352 infeasible   30        19.00000   18.00000  5.26%   329   30s
 27166   163 infeasible   30        19.00000   18.00000  5.26%   329   31s
 28934    70   18.00000   40  218   19.00000   18.00000  5.26%   328   32s
 29605     0   18.00000   34  234   19.00000   18.00000  5.26%   328   33s

Cutting planes:
  Cover: 193
  Implied bound: 25
  Clique: 83
  MIR: 5
  Flow cover: 33
  GUB cover: 1
  Inf proof: 36
  Zero half: 50
  RLT: 143

Explored 29897 nodes (9863582 simplex iterations) in 33.02 seconds (97.54 work units)
Thread count was 24 (of 48 available processors)

Solution count 5: 19 20 21 ... 23

Optimal solution found (tolerance 1.00e-04)
Best objective 1.900000000000e+01, best bound 1.900000000000e+01, gap 0.0000%

Gurobi 13.0.1 (linux64) logging started Sun Apr  5 03:49:25 2026

Set parameter LogFile to value "gurobi.log"
Set parameter LogToConsole to value 1
Set parameter DisplayInterval to value 1
Set parameter TimeLimit to value 120
Gurobi Optimizer version 13.0.1 build v13.0.1rc0 (linux64 - "Red Hat Enterprise Linux 8.10 (Ootpa)")

CPU model: AMD EPYC 9275F 24-Core Processor, instruction set [SSE2|AVX|AVX2|AVX512]
Thread count: 24 physical cores, 48 logical processors, using up to 24 threads

Non-default parameters:
TimeLimit  120
DisplayInterval  1

Optimize a model with 3041 rows, 2194 columns and 10896 nonzeros (Min)
Model fingerprint: 0xce5c6d08
Model has 1 linear objective coefficients
Variable types: 0 continuous, 2194 integer (2193 binary)
Coefficient statistics:
  Matrix range     [1e+00, 2e+01]
  Objective range  [1e+00, 1e+00]
  Bounds range     [1e+00, 1e+00]
  RHS range        [1e+00, 2e+01]

Presolve removed 1499 rows and 715 columns
Presolve time: 0.01s
Presolved: 1542 rows, 1479 columns, 7636 nonzeros
Variable types: 0 continuous, 1479 integer (1478 binary)

Root relaxation: objective 4.400577e+00, 1623 iterations, 0.04 seconds (0.07 work units)

    Nodes    |    Current Node    |     Objective Bounds      |     Work
 Expl Unexpl |  Obj  Depth IntInf | Incumbent    BestBd   Gap | It/Node Time

     0     0    4.40058    0  362          -    4.40058      -     -    0s
H    0     0                      21.0000000    4.71275  77.6%     -    0s
     0     0    6.53916    0  546   21.00000    6.53916  68.9%     -    0s
     0     0    7.19545    0  516   21.00000    7.19545  65.7%     -    0s
     0     0    7.19545    0  471   21.00000    7.19545  65.7%     -    0s
     0     0    7.99553    0  538   21.00000    7.99553  61.9%     -    0s
     0     0    8.11935    0  503   21.00000    8.11935  61.3%     -    0s
     0     0    8.11935    0  495   21.00000    8.11935  61.3%     -    0s
     0     0    9.00000    0  432   21.00000    9.00000  57.1%     -    0s
     0     0   10.00000    0  438   21.00000   10.00000  52.4%     -    0s
H    0     0                      20.0000000   10.00000  50.0%     -    0s
H    0     0                      19.0000000   10.00000  47.4%     -    0s
     0     0   13.00000    0  376   19.00000   13.00000  31.6%     -    0s
     0     0   13.00000    0  375   19.00000   13.00000  31.6%     -    0s
     0     0   13.00000    0  371   19.00000   13.00000  31.6%     -    0s
     0     0   13.00000    0  317   19.00000   13.00000  31.6%     -    0s
     0     0   13.00000    0  357   19.00000   13.00000  31.6%     -    0s
     0     0   13.00000    0  232   19.00000   13.00000  31.6%     -    0s
     0     0   13.00000    0  315   19.00000   13.00000  31.6%     -    1s
     0     0   13.00000    0  331   19.00000   13.00000  31.6%     -    1s
     0     0   13.00000    0  280   19.00000   13.00000  31.6%     -    1s
     0     0   13.00000    0  280   19.00000   13.00000  31.6%     -    1s
     0     0   13.00000    0  262   19.00000   13.00000  31.6%     -    1s
     0     0   13.00000    0  279   19.00000   13.00000  31.6%     -    1s
     0     0   13.00000    0  291   19.00000   13.00000  31.6%     -    1s
     0     0   13.00000    0  328   19.00000   13.00000  31.6%     -    1s
     0     0   13.00000    0  341   19.00000   13.00000  31.6%     -    1s
     0     0   13.00000    0   99   19.00000   13.00000  31.6%     -    1s
     0     0   13.00000    0   92   19.00000   13.00000  31.6%     -    1s
     0     0   13.00000    0  285   19.00000   13.00000  31.6%     -    1s
     0     0   13.00000    0  117   19.00000   13.00000  31.6%     -    1s
     0     0   13.00000    0  295   19.00000   13.00000  31.6%     -    1s
     0     0   13.00000    0  316   19.00000   13.00000  31.6%     -    1s
     0     0   13.00000    0  242   19.00000   13.00000  31.6%     -    2s
     0     0   13.00000    0  240   19.00000   13.00000  31.6%     -    2s
     0     0   13.00000    0  302   19.00000   13.00000  31.6%     -    2s
     0     0   13.00000    0  241   19.00000   13.00000  31.6%     -    2s
     0     0   13.00000    0  241   19.00000   13.00000  31.6%     -    2s
     0     0   13.00000    0  241   19.00000   13.00000  31.6%     -    2s
     0     2   13.00000    0  241   19.00000   13.00000  31.6%     -    2s
   493   255   14.00000   16  295   19.00000   13.00000  31.6%   294    3s
H  629   307                      18.0000000   13.00000  27.8%   305    3s
  1357   578 infeasible   29        18.00000   13.00000  27.8%   267    4s
H 1832   727                      17.0000000   13.00000  23.5%   253    4s
  2329   938   15.00000   18  390   17.00000   13.00000  23.5%   253    5s
  2853  1111   16.00000   24  256   17.00000   13.00000  23.5%   252    6s
  3171  1252   16.00000   32  278   17.00000   13.00000  23.5%   256    7s
  4354  1570   14.00000   21  214   17.00000   13.00000  23.5%   246    8s
  5241  1784   13.00000   13  170   17.00000   13.00000  23.5%   245    9s
  5253  1792   14.00000   24  189   17.00000   13.00000  23.5%   244   10s
  5470  1891   13.00000   21  306   17.00000   13.00000  23.5%   256   11s
  5923  1888   13.06091   26  337   17.00000   13.00000  23.5%   264   12s
  6466  1852 infeasible   33        17.00000   13.00000  23.5%   273   13s
  7442  1777   14.25000   37  226   17.00000   13.00000  23.5%   287   14s
  7950  1692   14.00000   33  248   17.00000   13.00000  23.5%   291   15s
  8375  1658   15.00000   19  235   17.00000   13.00000  23.5%   296   16s
  9019  1589   15.11645   22  315   17.00000   13.00000  23.5%   300   17s
  9784  1518   14.00000   32  291   17.00000   13.00000  23.5%   308   18s
 10666  1446   15.00000   30  212   17.00000   13.00000  23.5%   309   19s
 12277  1589 infeasible   41        17.00000   14.00000  17.6%   309   20s
 13743  1694 infeasible   39        17.00000   14.00000  17.6%   305   21s
 14846  1733   16.00000   33  264   17.00000   14.00000  17.6%   305   22s
 14949  1762   16.00000   35  256   17.00000   14.00000  17.6%   305   23s
 16004  1802   15.02222   36  234   17.00000   14.00000  17.6%   303   24s
 18367  1934   15.00000   28  229   17.00000   14.00000  17.6%   298   25s
 19161  2007   16.00000   34  366   17.00000   15.00000  11.8%   297   26s
 22145  2165   15.00000   33  288   17.00000   15.00000  11.8%   296   27s
 23290  2204   15.00000   33  239   17.00000   15.00000  11.8%   295   28s
 25452  2420 infeasible   33        17.00000   15.00000  11.8%   295   29s
 27509  2508   16.00000   28  254   17.00000   15.00000  11.8%   295   30s
 29354  2602   15.06579   27  278   17.00000   15.00000  11.8%   296   31s
 30343  2696   16.00000   39  206   17.00000   15.00000  11.8%   296   32s
 32310  2821 infeasible   35        17.00000   15.00000  11.8%   298   33s
 34374  2850 infeasible   31        17.00000   15.00000  11.8%   300   34s
 35540  2834 infeasible   31        17.00000   15.00000  11.8%   301   35s
 36712  2836 infeasible   29        17.00000   15.00000  11.8%   302   36s
 39596  2292 infeasible   41        17.00000   15.00000  11.8%   301   37s
 41455  1488 infeasible   35        17.00000   15.00000  11.8%   298   38s
 43339   293 infeasible   27        17.00000   16.00000  5.88%   296   39s

Cutting planes:
  Gomory: 8
  Cover: 103
  Clique: 45
  MIR: 9
  Flow cover: 41
  GUB cover: 1
  Inf proof: 54
  Zero half: 60
  RLT: 146
  BQP: 50
  PSD: 1

Explored 45858 nodes (13498381 simplex iterations) in 39.78 seconds (119.26 work units)
Thread count was 24 (of 48 available processors)

Solution count 5: 17 18 19 ... 21

Optimal solution found (tolerance 1.00e-04)
Best objective 1.700000000000e+01, best bound 1.700000000000e+01, gap 0.0000%

Gurobi 13.0.1 (linux64) logging started Sun Apr  5 15:30:32 2026

Set parameter LogFile to value "gurobi.log"
Set parameter LogToConsole to value 1
Set parameter DisplayInterval to value 1
Set parameter TimeLimit to value 120
Gurobi Optimizer version 13.0.1 build v13.0.1rc0 (linux64 - "Red Hat Enterprise Linux 8.10 (Ootpa)")

CPU model: AMD EPYC 9275F 24-Core Processor, instruction set [SSE2|AVX|AVX2|AVX512]
Thread count: 24 physical cores, 48 logical processors, using up to 24 threads

Non-default parameters:
TimeLimit  120
DisplayInterval  1

Optimize a model with 3468 rows, 2540 columns and 12509 nonzeros (Min)
Model fingerprint: 0xb32a23db
Model has 1 linear objective coefficients
Variable types: 0 continuous, 2540 integer (2539 binary)
Coefficient statistics:
  Matrix range     [1e+00, 2e+01]
  Objective range  [1e+00, 1e+00]
  Bounds range     [1e+00, 1e+00]
  RHS range        [1e+00, 2e+01]

Presolve removed 1941 rows and 1082 columns
Presolve time: 0.03s
Presolved: 1527 rows, 1458 columns, 8577 nonzeros
Variable types: 0 continuous, 1458 integer (1457 binary)

Root relaxation: objective 5.302801e+00, 1740 iterations, 0.04 seconds (0.08 work units)

    Nodes    |    Current Node    |     Objective Bounds      |     Work
 Expl Unexpl |  Obj  Depth IntInf | Incumbent    BestBd   Gap | It/Node Time

     0     0    5.30280    0  297          -    5.30280      -     -    0s
     0     0    8.08872    0  355          -    8.08872      -     -    0s
     0     0    8.12683    0  405          -    8.12683      -     -    0s
     0     0    8.12683    0  407          -    8.12683      -     -    0s
     0     0    9.94833    0  506          -    9.94833      -     -    0s
     0     0    9.96949    0  476          -    9.96949      -     -    0s
     0     0    9.96949    0  475          -    9.96949      -     -    0s
H    0     0                      23.0000000    9.96949  56.7%     -    0s
     0     0   10.70104    0  454   23.00000   10.70104  53.5%     -    0s
     0     0   11.00000    0  437   23.00000   11.00000  52.2%     -    0s
     0     0   11.00000    0  475   23.00000   11.00000  52.2%     -    0s
     0     0   12.18708    0  468   23.00000   12.18708  47.0%     -    0s
     0     0   13.00000    0  392   23.00000   13.00000  43.5%     -    0s
     0     0   14.00000    0  371   23.00000   14.00000  39.1%     -    0s
     0     0   14.00000    0  367   23.00000   14.00000  39.1%     -    0s
H    0     0                      21.0000000   14.00000  33.3%     -    0s
     0     0   14.00000    0  350   21.00000   14.00000  33.3%     -    0s
     0     0   14.00000    0  332   21.00000   14.00000  33.3%     -    0s
     0     0   14.00000    0  343   21.00000   14.00000  33.3%     -    0s
     0     0   14.00000    0  326   21.00000   14.00000  33.3%     -    0s
     0     0   14.00000    0  328   21.00000   14.00000  33.3%     -    0s
     0     0   14.00000    0  287   21.00000   14.00000  33.3%     -    0s
     0     0   15.00000    0  370   21.00000   15.00000  28.6%     -    1s
     0     0   15.00000    0  333   21.00000   15.00000  28.6%     -    1s
     0     0   15.00000    0  356   21.00000   15.00000  28.6%     -    1s
     0     0   15.00000    0  229   21.00000   15.00000  28.6%     -    1s
     0     0   15.00000    0  346   21.00000   15.00000  28.6%     -    1s
     0     0   15.00000    0  355   21.00000   15.00000  28.6%     -    1s
     0     0   15.00000    0  337   21.00000   15.00000  28.6%     -    1s
     0     0   15.00000    0  339   21.00000   15.00000  28.6%     -    1s
     0     0   15.00000    0  262   21.00000   15.00000  28.6%     -    1s
     0     0   15.00000    0  262   21.00000   15.00000  28.6%     -    1s
     0     0   15.00000    0  163   21.00000   15.00000  28.6%     -    1s
     0     0   15.00000    0  266   21.00000   15.00000  28.6%     -    1s
     0     0   15.00000    0  280   21.00000   15.00000  28.6%     -    1s
     0     0   15.00000    0  295   21.00000   15.00000  28.6%     -    1s
     0     0   15.00000    0  297   21.00000   15.00000  28.6%     -    1s
     0     0   15.00000    0  164   21.00000   15.00000  28.6%     -    1s
     0     0   15.00000    0  266   21.00000   15.00000  28.6%     -    1s
     0     0   15.00000    0  309   21.00000   15.00000  28.6%     -    2s
     0     0   15.00000    0  166   21.00000   15.00000  28.6%     -    2s
     0     0   15.00000    0  172   21.00000   15.00000  28.6%     -    2s
     0     0   15.00000    0  158   21.00000   15.00000  28.6%     -    2s
     0     0   15.00000    0  107   21.00000   15.00000  28.6%     -    2s
H    0     0                      20.0000000   15.00000  25.0%     -    2s
     0     0   15.00000    0  119   20.00000   15.00000  25.0%     -    2s
     0     0   15.00000    0  278   20.00000   15.00000  25.0%     -    2s
     0     0   15.00000    0  278   20.00000   15.00000  25.0%     -    2s
     0     0   15.00000    0  281   20.00000   15.00000  25.0%     -    2s
     0     0   15.00000    0  337   20.00000   15.00000  25.0%     -    2s
     0     0   15.00000    0  204   20.00000   15.00000  25.0%     -    2s
     0     0   15.00000    0  204   20.00000   15.00000  25.0%     -    2s
     0     0   15.00000    0  128   20.00000   15.00000  25.0%     -    2s
     0     2   15.00000    0  128   20.00000   15.00000  25.0%     -    2s
   306   309   15.00000   15  261   20.00000   15.00000  25.0%   320    3s
H  948   664                      19.0000000   15.00000  21.1%   294    3s
  1932  1143   17.00000   30  264   19.00000   15.00000  21.1%   293    4s
  2895  1312   15.00000   12  291   19.00000   15.00000  21.1%   268    5s
  3090  1343   17.00000   16  290   19.00000   15.00000  21.1%   266    6s
  3247  1446   17.00000   19  264   19.00000   15.00000  21.1%   266    7s
  3870  1758   17.00000   23  283   19.00000   15.00000  21.1%   261    8s
  5069  2052   18.00000   15  197   19.00000   15.00000  21.1%   256    9s
  5078  2058   17.00000   23  281   19.00000   15.00000  21.1%   255   10s
  5086  2064   18.00000   27  273   19.00000   15.00000  21.1%   255   11s
  5118  2094   15.00000   18  320   19.00000   15.00000  21.1%   265   12s
  5543  2194   17.00000   28  295   19.00000   15.00000  21.1%   284   13s
  5975  2169   16.00000   22  304   19.00000   16.00000  15.8%   292   14s
  6681  2131 infeasible   32        19.00000   16.00000  15.8%   304   15s
  7528  2088 infeasible   32        19.00000   16.00000  15.8%   316   16s
  8394  1964   17.00000   30  234   19.00000   16.00000  15.8%   321   17s
  9684  1741 infeasible   29        19.00000   16.00000  15.8%   328   18s
 10283  1563   17.00000   29  222   19.00000   17.00000  10.5%   328   19s
 12160  1237 infeasible   35        19.00000   17.00000  10.5%   327   20s
 14058  1245   18.00000   33  285   19.00000   17.00000  10.5%   327   21s
 14356  1232   18.00000   35  312   19.00000   17.00000  10.5%   328   22s
 15574  1280   17.70968   27  300   19.00000   17.00000  10.5%   329   23s
 16643  1286 infeasible   28        19.00000   17.00000  10.5%   330   24s
 18702   952 infeasible   30        19.00000   17.00000  10.5%   327   25s
 20637   476   18.00000   28  281   19.00000   18.00000  5.26%   319   26s
 22500   173   18.00000   30  234   19.00000   18.00000  5.26%   315   27s
 23894     2 infeasible   38        19.00000   18.00000  5.26%   314   28s

Cutting planes:
  Gomory: 1
  Cover: 98
  Implied bound: 25
  Clique: 112
  MIR: 2
  Flow cover: 40
  Inf proof: 22
  Zero half: 34
  RLT: 154

Explored 24163 nodes (7625551 simplex iterations) in 28.31 seconds (81.86 work units)
Thread count was 24 (of 48 available processors)

Solution count 4: 19 20 21 23 

Optimal solution found (tolerance 1.00e-04)
Best objective 1.900000000000e+01, best bound 1.900000000000e+01, gap 0.0000%

Gurobi 13.0.1 (linux64) logging started Sun Apr  5 16:37:56 2026

Set parameter LogFile to value "gurobi.log"
Set parameter LogToConsole to value 1
Set parameter DisplayInterval to value 1
Set parameter TimeLimit to value 120
Gurobi Optimizer version 13.0.1 build v13.0.1rc0 (linux64 - "Red Hat Enterprise Linux 8.10 (Ootpa)")

CPU model: AMD EPYC 9275F 24-Core Processor, instruction set [SSE2|AVX|AVX2|AVX512]
Thread count: 24 physical cores, 48 logical processors, using up to 24 threads

Non-default parameters:
TimeLimit  120
DisplayInterval  1

Optimize a model with 3041 rows, 2194 columns and 10896 nonzeros (Min)
Model fingerprint: 0x275ed91c
Model has 1 linear objective coefficients
Variable types: 0 continuous, 2194 integer (2193 binary)
Coefficient statistics:
  Matrix range     [1e+00, 2e+01]
  Objective range  [1e+00, 1e+00]
  Bounds range     [1e+00, 1e+00]
  RHS range        [1e+00, 2e+01]

Presolve removed 1499 rows and 715 columns
Presolve time: 0.02s
Presolved: 1542 rows, 1479 columns, 7636 nonzeros
Variable types: 0 continuous, 1479 integer (1478 binary)

Root relaxation: objective 4.400577e+00, 1392 iterations, 0.03 seconds (0.05 work units)

    Nodes    |    Current Node    |     Objective Bounds      |     Work
 Expl Unexpl |  Obj  Depth IntInf | Incumbent    BestBd   Gap | It/Node Time

     0     0    4.40058    0  241          -    4.40058      -     -    0s
H    0     0                      21.0000000    4.40058  79.0%     -    0s
H    0     0                      20.0000000    4.40058  78.0%     -    0s
H    0     0                      19.0000000    4.40058  76.8%     -    0s
     0     0    6.83475    0  343   19.00000    6.83475  64.0%     -    0s
     0     0    7.07240    0  313   19.00000    7.07240  62.8%     -    0s
     0     0    8.04836    0  492   19.00000    8.04836  57.6%     -    0s
     0     0    8.04836    0  476   19.00000    8.04836  57.6%     -    0s
     0     0    9.00000    0  486   19.00000    9.00000  52.6%     -    0s
     0     0   10.00000    0  460   19.00000   10.00000  47.4%     -    0s
     0     0   11.00000    0  444   19.00000   11.00000  42.1%     -    0s
     0     0   11.00000    0  414   19.00000   11.00000  42.1%     -    0s
H    0     0                      18.0000000   11.61315  35.5%     -    0s
     0     0   13.00000    0  405   18.00000   13.00000  27.8%     -    0s
     0     0   13.00000    0  414   18.00000   13.00000  27.8%     -    0s
     0     0   13.00000    0  375   18.00000   13.00000  27.8%     -    0s
     0     0   13.00000    0  349   18.00000   13.00000  27.8%     -    0s
     0     0   13.00000    0  348   18.00000   13.00000  27.8%     -    0s
     0     0   13.00000    0  240   18.00000   13.00000  27.8%     -    1s
     0     0   13.00000    0  351   18.00000   13.00000  27.8%     -    1s
     0     0   13.00000    0  417   18.00000   13.00000  27.8%     -    1s
     0     0   13.00000    0  318   18.00000   13.00000  27.8%     -    1s
     0     0   13.00000    0  318   18.00000   13.00000  27.8%     -    1s
     0     0   13.00000    0  281   18.00000   13.00000  27.8%     -    1s
     0     0   13.00000    0  217   18.00000   13.00000  27.8%     -    1s
     0     0   13.00000    0  297   18.00000   13.00000  27.8%     -    1s
     0     0   13.00000    0  278   18.00000   13.00000  27.8%     -    1s
     0     0   13.00000    0  324   18.00000   13.00000  27.8%     -    1s
     0     0   13.00000    0  217   18.00000   13.00000  27.8%     -    1s
     0     0   13.00000    0  195   18.00000   13.00000  27.8%     -    1s
     0     0   13.00000    0  311   18.00000   13.00000  27.8%     -    1s
     0     0   13.00000    0  252   18.00000   13.00000  27.8%     -    1s
     0     0   13.00000    0  249   18.00000   13.00000  27.8%     -    1s
     0     0   13.00000    0  303   18.00000   13.00000  27.8%     -    1s
     0     0   13.00000    0  261   18.00000   13.00000  27.8%     -    1s
     0     0   13.00000    0  261   18.00000   13.00000  27.8%     -    1s
     0     0   13.00000    0  261   18.00000   13.00000  27.8%     -    2s
     0     2   13.00000    0  261   18.00000   13.00000  27.8%     -    2s
   598   294   13.06040   16  425   18.00000   13.00000  27.8%   342    3s
   971   416   14.00000   16  336   18.00000   13.00000  27.8%   334    4s
  1558   590   14.00000   11  209   18.00000   13.00000  27.8%   344    5s
  2597   893   13.00000   12  341   18.00000   13.00000  27.8%   317    6s
  4316  1311   17.00000   24  215   18.00000   14.00000  22.2%   294    7s
  6571  1650 infeasible   23        18.00000   14.00000  22.2%   283    8s
  7299  1717   16.00000   15  184   18.00000   14.00000  22.2%   281    9s
  7309  1727   14.00000   10  186   18.00000   14.00000  22.2%   284   10s
  7852  1842   15.00000   24  344   18.00000   14.00000  22.2%   291   11s
  8553  1875   16.00000   39  281   18.00000   14.00000  22.2%   298   12s
  9253  1870   14.00000   26  309   18.00000   14.00000  22.2%   304   13s
 10012  1875   16.00000   33  295   18.00000   14.00000  22.2%   312   14s
 10769  1876   14.00000   27  247   18.00000   14.00000  22.2%   320   15s
 11741  1738   16.00000   27  225   18.00000   14.00000  22.2%   323   16s
 12904  1634   14.00000   25  259   18.00000   14.00000  22.2%   320   17s
 13189  1694   14.00000   23  245   18.00000   14.00000  22.2%   320   18s
 14250  1888   16.00000   25  223   18.00000   14.00000  22.2%   319   19s
 15536  2095   15.00000   27  294   18.00000   14.00000  22.2%   317   20s
*16148  1883              35      17.0000000   14.00000  17.6%   316   20s
 16665  1851   16.00000   22  173   17.00000   14.00000  17.6%   316   21s
 17526  1947   15.00000   23  295   17.00000   14.00000  17.6%   315   22s
 18487  1976   16.00000   27  145   17.00000   14.00000  17.6%   314   23s
 20775  1907   16.00000   32  276   17.00000   14.00000  17.6%   308   24s
 22729  1765 infeasible   24        17.00000   15.00000  11.8%   307   25s
 23743  1748 infeasible   29        17.00000   15.00000  11.8%   308   26s
 25418  1662   15.00000   20  179   17.00000   15.00000  11.8%   309   27s
 27084  1598 infeasible   28        17.00000   15.00000  11.8%   309   28s
 28959  1537   16.00000   30  268   17.00000   15.00000  11.8%   310   29s
 30797  1398 infeasible   30        17.00000   15.00000  11.8%   312   30s
 31888  1224   16.00000   24   81   17.00000   15.00000  11.8%   312   31s
 34400   902 infeasible   27        17.00000   16.00000  5.88%   310   32s
 35631   727 infeasible   24        17.00000   16.00000  5.88%   310   33s
 37090   611   16.00000   28  331   17.00000   16.00000  5.88%   309   34s
 39820   321   16.00000   25  261   17.00000   16.00000  5.88%   308   35s
 41177   204 infeasible   32        17.00000   16.00000  5.88%   307   36s
 42368    66   16.00000   28  218   17.00000   16.00000  5.88%   308   37s
 43796     0 infeasible   34        17.00000   16.00000  5.88%   309   38s

Cutting planes:
  Gomory: 6
  Cover: 132
  Clique: 21
  MIR: 8
  Flow cover: 37
  GUB cover: 1
  Inf proof: 46
  Zero half: 29
  RLT: 143
  BQP: 55

Explored 43806 nodes (13558340 simplex iterations) in 38.07 seconds (112.97 work units)
Thread count was 24 (of 48 available processors)

Solution count 5: 17 18 19 ... 21

Optimal solution found (tolerance 1.00e-04)
Best objective 1.700000000000e+01, best bound 1.700000000000e+01, gap 0.0000%

Gurobi 13.0.1 (linux64) logging started Sun Apr  5 17:07:42 2026

Set parameter LogFile to value "gurobi.log"
Set parameter LogToConsole to value 1
Set parameter DisplayInterval to value 1
Set parameter TimeLimit to value 300
Warning: variables 1235 and 1236 have the same name "temp_misalign_net_c1"
Warning: linear constraint 1443 and linear constraint 1656 have the same name "avoid_different_nets_G_A_col_1"
Warning: to let Gurobi read it back, use rlp format
Warning: variables 1235 and 1236 have the same name "temp_misalign_net_c1"
Warning: linear constraint 1443 and linear constraint 1656 have the same name "avoid_different_nets_G_A_col_1"
Warning: default variable names used to write mps file
Warning: default constraint names used to write mps file
Gurobi Optimizer version 13.0.1 build v13.0.1rc0 (linux64 - "Red Hat Enterprise Linux 8.10 (Ootpa)")

CPU model: AMD EPYC 9275F 24-Core Processor, instruction set [SSE2|AVX|AVX2|AVX512]
Thread count: 24 physical cores, 48 logical processors, using up to 24 threads

Non-default parameters:
TimeLimit  300
DisplayInterval  1

Optimize a model with 119593 rows, 39052 columns and 783123 nonzeros (Min)
Model fingerprint: 0x5e176c15
Model has 2019 linear objective coefficients
Model has 2622 simple general constraints
  2622 INDICATOR
Variable types: 0 continuous, 39052 integer (29615 binary)
Coefficient statistics:
  Matrix range     [2e-01, 2e+01]
  Objective range  [1e-03, 1e+02]
  Bounds range     [1e+00, 2e+01]
  RHS range        [1e+00, 4e+01]
  GenCon rhs range [1e+00, 1e+00]
  GenCon coe range [1e+00, 1e+00]

Presolve removed 44354 rows and 13697 columns (presolve time = 1s)...
Presolve removed 52455 rows and 19963 columns (presolve time = 2s)...
Presolve removed 49528 rows and 14383 columns
Presolve time: 2.21s
Presolved: 70065 rows, 24669 columns, 296470 nonzeros
Variable types: 0 continuous, 24669 integer (19228 binary)

Deterministic concurrent LP optimizer: primal and dual simplex (primal and dual model)
Showing primal log only...

Root relaxation presolved: 70021 rows, 24647 columns, 295986 nonzeros


Root simplex log...

Iteration    Objective       Primal Inf.    Dual Inf.      Time
       0    1.7100000e+03   2.245950e+04   2.499782e+10      3s
   30496    2.1328028e+03   1.366691e+02   1.900182e+09      3s
   38216    1.8185012e+03   1.702808e+01   3.169337e+09      4s
   41507    1.7035955e+03   8.781893e+00   3.039463e+09      5s
Concurrent spin time: 0.77s (can be avoided by choosing Method=3)

Solved with dual simplex

Root relaxation: infeasible, 28207 iterations, 4.16 seconds (7.67 work units)

    Nodes    |    Current Node    |     Objective Bounds      |     Work
 Expl Unexpl |  Obj  Depth IntInf | Incumbent    BestBd   Gap | It/Node Time

     0     0 infeasible    0               - infeasible      -     -    6s

Explored 1 nodes (28207 simplex iterations) in 6.52 seconds (13.67 work units)
Thread count was 24 (of 48 available processors)

Solution count 0

Model is infeasible or unbounded
Best objective -, best bound -, gap -

Gurobi 13.0.1 (linux64) logging started Sun Apr  5 17:20:33 2026

Set parameter LogFile to value "gurobi.log"
Set parameter LogToConsole to value 1
Set parameter DisplayInterval to value 1
Set parameter TimeLimit to value 300
Warning: variables 1235 and 1236 have the same name "temp_misalign_net_c1"
Warning: linear constraint 1190 and linear constraint 1423 have the same name "avoid_different_nets_H_D_col_1"
Warning: to let Gurobi read it back, use rlp format
Warning: variables 1235 and 1236 have the same name "temp_misalign_net_c1"
Warning: linear constraint 1190 and linear constraint 1423 have the same name "avoid_different_nets_H_D_col_1"
Warning: default variable names used to write mps file
Warning: default constraint names used to write mps file
Gurobi Optimizer version 13.0.1 build v13.0.1rc0 (linux64 - "Red Hat Enterprise Linux 8.10 (Ootpa)")

CPU model: AMD EPYC 9275F 24-Core Processor, instruction set [SSE2|AVX|AVX2|AVX512]
Thread count: 24 physical cores, 48 logical processors, using up to 24 threads

Non-default parameters:
TimeLimit  300
DisplayInterval  1

Optimize a model with 119302 rows, 39052 columns and 782079 nonzeros (Min)
Model fingerprint: 0x215b4011
Model has 2019 linear objective coefficients
Model has 2622 simple general constraints
  2622 INDICATOR
Variable types: 0 continuous, 39052 integer (29615 binary)
Coefficient statistics:
  Matrix range     [2e-01, 2e+01]
  Objective range  [1e-03, 1e+02]
  Bounds range     [1e+00, 2e+01]
  RHS range        [1e+00, 4e+01]
  GenCon rhs range [1e+00, 1e+00]
  GenCon coe range [1e+00, 1e+00]

Presolve removed 39692 rows and 13693 columns (presolve time = 1s)...
Presolve removed 47743 rows and 19884 columns (presolve time = 2s)...
Presolve removed 44633 rows and 14255 columns
Presolve time: 2.17s
Presolved: 74669 rows, 24797 columns, 321506 nonzeros
Variable types: 0 continuous, 24797 integer (19295 binary)

Deterministic concurrent LP optimizer: primal and dual simplex (primal and dual model)
Showing primal log only...

Root relaxation presolved: 74619 rows, 24775 columns, 321004 nonzeros


Root simplex log...

Iteration    Objective       Primal Inf.    Dual Inf.      Time
       0    1.7100000e+03   2.008569e+04   2.152990e+10      3s
   31193    2.1421658e+03   8.394687e+01   4.791914e+09      3s
   38431    1.8499168e+03   1.488160e+01   2.579735e+09      4s
   42127    1.7063672e+03   8.975753e+00   3.117228e+09      5s
   45207    1.6992698e+03   5.872555e+00   1.869172e+09      6s
   48133    1.6898945e+03   4.049990e+00   2.572172e+09      7s
   50413    1.6896553e+03   2.516054e+00   4.411341e+09      8s
   52415    1.6888511e+03   1.737364e+00   9.775730e+08      9s
   54243    1.6890275e+03   1.093954e+00   2.360859e+09     10s
   56073    1.6892106e+03   7.326263e-01   5.165328e+08     11s
Concurrent spin time: 2.35s (can be avoided by choosing Method=3)

Solved with dual simplex

Root relaxation: objective -1.035909e+02, 43744 iterations, 11.17 seconds (20.82 work units)

    Nodes    |    Current Node    |     Objective Bounds      |     Work
 Expl Unexpl |  Obj  Depth IntInf | Incumbent    BestBd   Gap | It/Node Time

     0     0 -103.59094    0 4917          - -103.59094      -     -   16s
     0     0   -5.48628    0 4979          -   -5.48628      -     -   62s
     0     0   -5.48628    0 4943          -   -5.48628      -     -   62s
     0     0   -3.27862    0 5136          -   -3.27862      -     -   76s
     0     0   -3.27862    0 5121          -   -3.27862      -     -   76s
     0     0   -3.18167    0 5121          -   -3.18167      -     -   78s
     0     0   -3.16959    0 5129          -   -3.16959      -     -   78s
     0     0   24.34374    0 5761          -   24.34374      -     -  105s
     0     0   34.16793    0 6147          -   34.16793      -     -  119s
     0     0   35.62454    0 5933          -   35.62454      -     -  123s
     0     0   35.62587    0 5918          -   35.62587      -     -  123s
     0     0   35.79675    0 6070          -   35.79675      -     -  124s
     0     0   35.84045    0 6064          -   35.84045      -     -  125s
     0     0   35.85513    0 6013          -   35.85513      -     -  125s
     0     0   57.38501    0 6646          -   57.38501      -     -  148s
     0     0   60.54036    0 6503          -   60.54036      -     -  156s
     0     0   60.84969    0 6518          -   60.84969      -     -  158s
     0     0   61.01863    0 6438          -   61.01863      -     -  160s
     0     0   61.05229    0 6550          -   61.05229      -     -  160s
     0     0   61.05794    0 6569          -   61.05794      -     -  160s
     0     0   85.83493    0 6302          -   85.83493      -     -  184s
     0     0   95.67776    0 6602          -   95.67776      -     -  197s
     0     0   97.23354    0 6604          -   97.23354      -     -  201s
     0     0   97.56598    0 6491          -   97.56598      -     -  203s
     0     0   97.64158    0 6475          -   97.64158      -     -  204s
     0     0   97.65879    0 6437          -   97.65879      -     -  204s
     0     0  105.31689    0 6165          -  105.31689      -     -  217s
     0     0  108.69239    0 6374          -  108.69239      -     -  223s
     0     0  109.02248    0 6317          -  109.02248      -     -  225s
     0     0  109.06325    0 6218          -  109.06325      -     -  226s
     0     0  109.08290    0 6233          -  109.08290      -     -  226s
     0     0  113.13473    0 6208          -  113.13473      -     -  237s
     0     0  114.90169    0 6286          -  114.90169      -     -  244s
     0     0  115.17712    0 6288          -  115.17712      -     -  246s
     0     0  115.23229    0 6346          -  115.23229      -     -  246s
     0     0  115.25561    0 6278          -  115.25561      -     -  247s
     0     0  116.56727    0 6281          -  116.56727      -     -  253s
     0     0  116.87147    0 6396          -  116.87147      -     -  256s
     0     0  116.98557    0 6404          -  116.98557      -     -  257s
     0     0  116.98557    0 6407          -  116.98557      -     -  257s
     0     0  117.01868    0 6338          -  117.01868      -     -  257s
     0     0  118.14919    0 6367          -  118.14919      -     -  261s
     0     0  118.14919    0 6502          -  118.14919      -     -  262s
     0     0  118.14919    0 6543          -  118.14919      -     -  263s
     0     0  121.23314    0 6489          -  121.23314      -     -  270s
     0     0 1.000e+100    0 6511          - infeasible      -     -  274s

Cutting planes:
  Learned: 72
  Cover: 1603
  Implied bound: 291
  Clique: 926
  MIR: 94
  StrongCG: 3
  Flow cover: 14
  GUB cover: 43
  Zero half: 134
  RLT: 921
  Relax-and-lift: 273
  BQP: 77
  PSD: 5

Explored 1 nodes (842893 simplex iterations) in 274.77 seconds (570.65 work units)
Thread count was 24 (of 48 available processors)

Solution count 0

Model is infeasible or unbounded
Best objective -, best bound -, gap -

Gurobi 13.0.1 (linux64) logging started Sun Apr  5 18:06:59 2026

Set parameter LogFile to value "gurobi.log"
Set parameter LogToConsole to value 1
Set parameter DisplayInterval to value 1
Set parameter TimeLimit to value 120
Gurobi Optimizer version 13.0.1 build v13.0.1rc0 (linux64 - "Red Hat Enterprise Linux 8.10 (Ootpa)")

CPU model: AMD EPYC 9275F 24-Core Processor, instruction set [SSE2|AVX|AVX2|AVX512]
Thread count: 24 physical cores, 48 logical processors, using up to 24 threads

Non-default parameters:
TimeLimit  120
DisplayInterval  1

Optimize a model with 3468 rows, 2540 columns and 12509 nonzeros (Min)
Model fingerprint: 0x9e6672c5
Model has 1 linear objective coefficients
Variable types: 0 continuous, 2540 integer (2539 binary)
Coefficient statistics:
  Matrix range     [1e+00, 2e+01]
  Objective range  [1e+00, 1e+00]
  Bounds range     [1e+00, 1e+00]
  RHS range        [1e+00, 2e+01]

Presolve removed 1941 rows and 1082 columns
Presolve time: 0.03s
Presolved: 1527 rows, 1458 columns, 8577 nonzeros
Variable types: 0 continuous, 1458 integer (1457 binary)

Root relaxation: objective 5.302801e+00, 1538 iterations, 0.04 seconds (0.07 work units)

    Nodes    |    Current Node    |     Objective Bounds      |     Work
 Expl Unexpl |  Obj  Depth IntInf | Incumbent    BestBd   Gap | It/Node Time

     0     0    5.30280    0  406          -    5.30280      -     -    0s
     0     0    8.08872    0  398          -    8.08872      -     -    0s
     0     0    8.12683    0  469          -    8.12683      -     -    0s
     0     0    8.12683    0  461          -    8.12683      -     -    0s
     0     0    9.95713    0  501          -    9.95713      -     -    0s
     0     0    9.95713    0  488          -    9.95713      -     -    0s
     0     0   10.19053    0  474          -   10.19053      -     -    0s
     0     0   11.00000    0  426          -   11.00000      -     -    0s
     0     0   11.00000    0  394          -   11.00000      -     -    0s
     0     0   12.19786    0  459          -   12.19786      -     -    0s
     0     0   13.00000    0  356          -   13.00000      -     -    0s
H    0     0                      22.0000000   13.00000  40.9%     -    0s
H    0     0                      21.0000000   13.00000  38.1%     -    0s
     0     0   13.52555    0  343   21.00000   13.52555  35.6%     -    0s
     0     0   14.00000    0  332   21.00000   14.00000  33.3%     -    0s
     0     0   14.00000    0  328   21.00000   14.00000  33.3%     -    0s
     0     0   14.00000    0  341   21.00000   14.00000  33.3%     -    0s
     0     0   14.00000    0  336   21.00000   14.00000  33.3%     -    0s
     0     0   14.00000    0  337   21.00000   14.00000  33.3%     -    0s
     0     0   14.00000    0  258   21.00000   14.00000  33.3%     -    0s
     0     0   14.04072    0  351   21.00000   14.04072  33.1%     -    1s
     0     0   15.00000    0  319   21.00000   15.00000  28.6%     -    1s
     0     0   15.00000    0  237   21.00000   15.00000  28.6%     -    1s
     0     0   15.00000    0  261   21.00000   15.00000  28.6%     -    1s
     0     0   15.00000    0  384   21.00000   15.00000  28.6%     -    1s
     0     0   15.00000    0  355   21.00000   15.00000  28.6%     -    1s
     0     0   15.00000    0  311   21.00000   15.00000  28.6%     -    1s
     0     0   15.00000    0  206   21.00000   15.00000  28.6%     -    1s
     0     0   15.00000    0  313   21.00000   15.00000  28.6%     -    1s
     0     0   15.00000    0  310   21.00000   15.00000  28.6%     -    1s
     0     0   15.00000    0  310   21.00000   15.00000  28.6%     -    1s
     0     0   15.00000    0  310   21.00000   15.00000  28.6%     -    1s
     0     0   15.00000    0  247   21.00000   15.00000  28.6%     -    1s
     0     0   15.00000    0  239   21.00000   15.00000  28.6%     -    1s
     0     0   15.00000    0  252   21.00000   15.00000  28.6%     -    1s
     0     0   15.00000    0  234   21.00000   15.00000  28.6%     -    1s
     0     0   15.00000    0  309   21.00000   15.00000  28.6%     -    1s
     0     0   15.00000    0  140   21.00000   15.00000  28.6%     -    2s
     0     0   15.00000    0  251   21.00000   15.00000  28.6%     -    2s
     0     0   15.00000    0  302   21.00000   15.00000  28.6%     -    2s
     0     0   15.00000    0  262   21.00000   15.00000  28.6%     -    2s
     0     0   15.00000    0  228   21.00000   15.00000  28.6%     -    2s
     0     0   15.00000    0  330   21.00000   15.00000  28.6%     -    2s
     0     0   15.00000    0  193   21.00000   15.00000  28.6%     -    2s
     0     0   15.00000    0  264   21.00000   15.00000  28.6%     -    2s
     0     0   15.00000    0  306   21.00000   15.00000  28.6%     -    2s
     0     0   15.00000    0  306   21.00000   15.00000  28.6%     -    2s
     0     0   15.00000    0  306   21.00000   15.00000  28.6%     -    2s
     0     0   15.00000    0  306   21.00000   15.00000  28.6%     -    2s
     0     2   15.00000    0  306   21.00000   15.00000  28.6%     -    2s
    30    47   15.01487    5  404   21.00000   15.00000  28.6%   757    3s
H  443   313                      20.0000000   15.00000  25.0%   344    3s
H  474   327                      19.0000000   15.00000  21.1%   337    3s
   844   440   16.00000   10  202   19.00000   15.00000  21.1%   312    4s
  1930   801   15.03419   10  393   19.00000   15.00000  21.1%   302    5s
  3233  1110   16.00000   19  340   19.00000   15.00000  21.1%   299    6s
  3979  1353 infeasible   18        19.00000   15.00000  21.1%   303    7s
  5002  1639   18.00000   20  244   19.00000   15.00000  21.1%   304    8s
  7037  1929 infeasible   19        19.00000   16.00000  15.8%   290    9s
  9331  1989 infeasible   21        19.00000   16.00000  15.8%   282   10s
 10443  2046   18.00000   18  169   19.00000   16.00000  15.8%   280   11s
 10451  2052   16.00000   17  296   19.00000   16.00000  15.8%   280   12s
 10485  2079   16.00000   17  435   19.00000   16.00000  15.8%   285   13s
 10906  2099 infeasible   22        19.00000   16.00000  15.8%   294   14s
 11336  2057   16.00000   24  297   19.00000   16.00000  15.8%   299   15s
 12019  1962   16.00000   22  292   19.00000   16.00000  15.8%   305   16s
 12517  1825   16.00000   23  290   19.00000   16.00000  15.8%   310   17s
 13228  1631 infeasible   36        19.00000   16.00000  15.8%   313   18s
 13506  1583   17.00000   28  319   19.00000   17.00000  10.5%   315   19s
 13933  1482 infeasible   30        19.00000   17.00000  10.5%   316   20s
 15038  1285   17.00000   30  318   19.00000   17.00000  10.5%   321   21s
 15830  1114   18.00000   23  318   19.00000   17.00000  10.5%   324   22s
 17013  1011 infeasible   29        19.00000   17.00000  10.5%   329   23s
 18140  1098 infeasible   30        19.00000   17.00000  10.5%   333   24s
 18974  1152   18.00000   24  240   19.00000   17.00000  10.5%   335   25s
 20558  1257   18.00000   28  211   19.00000   17.00000  10.5%   339   26s
 21749  1298 infeasible   25        19.00000   17.00000  10.5%   340   27s
 23356  1036 infeasible   28        19.00000   17.00000  10.5%   337   28s
 24344   688 infeasible   33        19.00000   18.00000  5.26%   334   29s
 26662   403   18.00000   31  266   19.00000   18.00000  5.26%   330   30s
 28493    35 infeasible   34        19.00000   18.00000  5.26%   329   31s

Cutting planes:
  Gomory: 6
  Cover: 113
  Implied bound: 28
  Clique: 77
  MIR: 3
  Flow cover: 23
  GUB cover: 2
  Inf proof: 39
  Zero half: 37
  RLT: 131

Explored 29461 nodes (9699575 simplex iterations) in 31.58 seconds (96.00 work units)
Thread count was 24 (of 48 available processors)

Solution count 4: 19 20 21 22 

Optimal solution found (tolerance 1.00e-04)
Best objective 1.900000000000e+01, best bound 1.900000000000e+01, gap 0.0000%

Gurobi 13.0.1 (linux64) logging started Sun Apr  5 18:42:24 2026

Set parameter LogFile to value "gurobi.log"
Set parameter LogToConsole to value 1
Set parameter DisplayInterval to value 1
Set parameter TimeLimit to value 300
Warning: variables 1453 and 1454 have the same name "temp_misalign_net_c1"
Warning: linear constraint 1405 and linear constraint 1647 have the same name "avoid_different_nets_A_C_col_1"
Warning: to let Gurobi read it back, use rlp format
Warning: variables 1453 and 1454 have the same name "temp_misalign_net_c1"
Warning: linear constraint 1405 and linear constraint 1647 have the same name "avoid_different_nets_A_C_col_1"
Warning: default variable names used to write mps file
Warning: default constraint names used to write mps file
Gurobi Optimizer version 13.0.1 build v13.0.1rc0 (linux64 - "Red Hat Enterprise Linux 8.10 (Ootpa)")

CPU model: AMD EPYC 9275F 24-Core Processor, instruction set [SSE2|AVX|AVX2|AVX512]
Thread count: 24 physical cores, 48 logical processors, using up to 24 threads

Non-default parameters:
TimeLimit  300
DisplayInterval  1

Optimize a model with 140879 rows, 45996 columns and 1007194 nonzeros (Min)
Model fingerprint: 0xf9a23be8
Model has 2408 linear objective coefficients
Model has 3078 simple general constraints
  3078 INDICATOR
Variable types: 0 continuous, 45996 integer (34902 binary)
Coefficient statistics:
  Matrix range     [2e-01, 3e+01]
  Objective range  [1e-03, 1e+02]
  Bounds range     [1e+00, 3e+01]
  RHS range        [1e+00, 5e+01]
  GenCon rhs range [1e+00, 1e+00]
  GenCon coe range [1e+00, 1e+00]

Presolve removed 39312 rows and 14847 columns (presolve time = 1s)...
Presolve removed 56002 rows and 20740 columns (presolve time = 2s)...
Presolve removed 52421 rows and 16658 columns
Presolve time: 2.89s
Presolved: 88458 rows, 29338 columns, 389784 nonzeros
Variable types: 0 continuous, 29338 integer (22847 binary)

Deterministic concurrent LP optimizer: primal and dual simplex (primal and dual model)
Showing primal log only...

Root relaxation presolved: 88409 rows, 29316 columns, 389197 nonzeros


Root simplex log...

Iteration    Objective       Primal Inf.    Dual Inf.      Time
       0    2.0180000e+03   2.483644e+04   2.587147e+10      3s
   38679    2.4887314e+03   6.740467e+01   1.473028e+09      4s
   45711    2.3749252e+03   2.121767e+01   4.028245e+09      5s
   50359    2.0905958e+03   1.309636e+01   2.323311e+09      6s
   53513    2.0370603e+03   8.637800e+00   3.369324e+09      7s
   56335    2.0300767e+03   5.638826e+00   9.826558e+09      8s
   58825    2.0259515e+03   3.086676e+00   3.504943e+09      9s
   60983    2.0254909e+03   1.756335e+00   2.825821e+09     10s
   62969    2.0233016e+03   1.069912e+00   1.620935e+09     11s
   64855    2.0199027e+03   2.981371e-01   1.925432e+09     12s
   66392    0.0000000e+00   1.308015e+01   0.000000e+00     13s
Concurrent spin time: 1.58s (can be avoided by choosing Method=3)

Solved with dual simplex

Root relaxation: objective -1.244020e+02, 47395 iterations, 11.36 seconds (24.17 work units)

    Nodes    |    Current Node    |     Objective Bounds      |     Work
 Expl Unexpl |  Obj  Depth IntInf | Incumbent    BestBd   Gap | It/Node Time

     0     0 -124.40204    0 5702          - -124.40204      -     -   19s
     0     0 -124.40204    0 5717          - -124.40204      -     -   20s
     0     0  -15.51165    0 5470          -  -15.51165      -     -   97s
     0     0  -10.74900    0 5630          -  -10.74900      -     -  106s
     0     0  -10.74900    0 5509          -  -10.74900      -     -  108s
     0     0  -10.74900    0 5649          -  -10.74900      -     -  109s
     0     0   -2.01128    0 6078          -   -2.01128      -     -  139s
     0     0    2.88569    0 6149          -    2.88569      -     -  162s
     0     0    3.79172    0 6410          -    3.79172      -     -  167s
     0     0    3.90596    0 6198          -    3.90596      -     -  169s
     0     0    3.92503    0 6184          -    3.92503      -     -  169s
     0     0    3.92503    0 6186          -    3.92503      -     -  170s
     0     0   29.84488    0 6955          -   29.84488      -     -  213s
     0     0   32.69754    0 6980          -   32.69754      -     -  225s
     0     0   33.12562    0 7269          -   33.12562      -     -  230s
     0     0   33.23295    0 7308          -   33.23295      -     -  232s
     0     0   33.26024    0 7197          -   33.26024      -     -  233s
     0     0   33.27501    0 7181          -   33.27501      -     -  234s
     0     0   51.78484    0 7385          -   51.78484      -     -  284s
     0     0          -    0               -   51.78496      -     -  300s

Cutting planes:
  Learned: 38
  Cover: 1506
  Implied bound: 346
  Clique: 1507
  MIR: 177
  StrongCG: 5
  Flow cover: 13
  GUB cover: 24
  Zero half: 67
  Network: 1
  RLT: 1020
  Relax-and-lift: 285
  BQP: 396
  PSD: 14

Explored 1 nodes (741369 simplex iterations) in 300.02 seconds (599.41 work units)
Thread count was 24 (of 48 available processors)

Solution count 0

Time limit reached
Best objective -, best bound 5.178495688114e+01, gap -

Gurobi 13.0.1 (linux64) logging started Sun Apr  5 22:35:05 2026

Set parameter LogFile to value "gurobi.log"
Set parameter LogToConsole to value 1
Set parameter DisplayInterval to value 1
Set parameter TimeLimit to value 120
Gurobi Optimizer version 13.0.1 build v13.0.1rc0 (linux64 - "Red Hat Enterprise Linux 8.10 (Ootpa)")

CPU model: AMD EPYC 9275F 24-Core Processor, instruction set [SSE2|AVX|AVX2|AVX512]
Thread count: 24 physical cores, 48 logical processors, using up to 24 threads

Non-default parameters:
TimeLimit  120
DisplayInterval  1

Optimize a model with 3041 rows, 2237 columns and 10939 nonzeros (Min)
Model fingerprint: 0x6aa5b2a1
Model has 1 linear objective coefficients
Variable types: 0 continuous, 2237 integer (2236 binary)
Coefficient statistics:
  Matrix range     [1e+00, 2e+01]
  Objective range  [1e+00, 1e+00]
  Bounds range     [1e+00, 1e+00]
  RHS range        [1e+00, 2e+01]

Presolve removed 1439 rows and 738 columns
Presolve time: 0.01s
Presolved: 1602 rows, 1499 columns, 7736 nonzeros
Variable types: 0 continuous, 1499 integer (1498 binary)

Root relaxation: objective 4.400577e+00, 1640 iterations, 0.04 seconds (0.07 work units)

    Nodes    |    Current Node    |     Objective Bounds      |     Work
 Expl Unexpl |  Obj  Depth IntInf | Incumbent    BestBd   Gap | It/Node Time

     0     0    4.40058    0  414          -    4.40058      -     -    0s
H    0     0                      21.0000000    4.88858  76.7%     -    0s
     0     0    6.53916    0  507   21.00000    6.53916  68.9%     -    0s
     0     0    7.28393    0  477   21.00000    7.28393  65.3%     -    0s
H    0     0                      20.0000000    7.28393  63.6%     -    0s
     0     0    7.28393    0  410   20.00000    7.28393  63.6%     -    0s
     0     0   10.00000    0  543   20.00000   10.00000  50.0%     -    0s
     0     0   10.00000    0  483   20.00000   10.00000  50.0%     -    0s
     0     0   11.00000    0  416   20.00000   11.00000  45.0%     -    0s
     0     0   11.00000    0  399   20.00000   11.00000  45.0%     -    0s
     0     0   13.00000    0  381   20.00000   13.00000  35.0%     -    0s
     0     0   13.00000    0  375   20.00000   13.00000  35.0%     -    0s
     0     0   13.00000    0  320   20.00000   13.00000  35.0%     -    0s
     0     0   13.00000    0  324   20.00000   13.00000  35.0%     -    0s
     0     0   13.00000    0  321   20.00000   13.00000  35.0%     -    0s
     0     0   13.00000    0  135   20.00000   13.00000  35.0%     -    0s
H    0     0                      19.0000000   13.00000  31.6%     -    0s
     0     0   13.00000    0  275   19.00000   13.00000  31.6%     -    0s
     0     0   13.00000    0  360   19.00000   13.00000  31.6%     -    1s
     0     0   13.00000    0  288   19.00000   13.00000  31.6%     -    1s
H    0     0                      18.0000000   13.00000  27.8%     -    1s
H    0     0                      17.0000000   13.00000  23.5%     -    1s
     0     0   13.00000    0  338   17.00000   13.00000  23.5%     -    1s
     0     0   13.00000    0  317   17.00000   13.00000  23.5%     -    1s
     0     0   13.00000    0  270   17.00000   13.00000  23.5%     -    1s
     0     0   13.00000    0  292   17.00000   13.00000  23.5%     -    1s
     0     0   13.00000    0  326   17.00000   13.00000  23.5%     -    1s
     0     0   13.00000    0  272   17.00000   13.00000  23.5%     -    1s
     0     0   13.00000    0  272   17.00000   13.00000  23.5%     -    1s
     0     0   13.00000    0  138   17.00000   13.00000  23.5%     -    1s
     0     0   13.00000    0  296   17.00000   13.00000  23.5%     -    1s
     0     0   13.00000    0  349   17.00000   13.00000  23.5%     -    1s
     0     0   13.00000    0  312   17.00000   13.00000  23.5%     -    1s
     0     0   13.00000    0  300   17.00000   13.00000  23.5%     -    1s
     0     0   13.00000    0  300   17.00000   13.00000  23.5%     -    2s
     0     0   13.00000    0  300   17.00000   13.00000  23.5%     -    2s
     0     0   13.00000    0  312   17.00000   13.00000  23.5%     -    2s
     0     0   13.00000    0  236   17.00000   13.00000  23.5%     -    2s
     0     0   13.00000    0  250   17.00000   13.00000  23.5%     -    2s
     0     0   13.00000    0  322   17.00000   13.00000  23.5%     -    2s
     0     0   13.00000    0  207   17.00000   13.00000  23.5%     -    2s
     0     0   13.00000    0  307   17.00000   13.00000  23.5%     -    2s
     0     0   13.00000    0  384   17.00000   13.00000  23.5%     -    2s
     0     0   13.00000    0  346   17.00000   13.00000  23.5%     -    2s
H    0     0                      16.0000000   13.00000  18.8%     -    2s
     0     0   13.00000    0  368   16.00000   13.00000  18.8%     -    2s
     0     0   13.00000    0  377   16.00000   13.00000  18.8%     -    2s
     0     0   13.00000    0  377   16.00000   13.00000  18.8%     -    2s
     0     0   13.00000    0  377   16.00000   13.00000  18.8%     -    2s
     0     0   13.00000    0  316   16.00000   13.00000  18.8%     -    2s
     0     2   13.00000    0  316   16.00000   13.00000  18.8%     -    2s
     7    16   13.00000    3  332   16.00000   13.00000  18.8%   436    3s
   600   301 infeasible   19        16.00000   13.00000  18.8%   347    4s
  1363   523   14.00000   15  182   16.00000   13.00000  18.8%   312    5s
  2506   793   15.00000   26  301   16.00000   13.00000  18.8%   294    6s
  4219  1241   13.00000   16  311   16.00000   13.00000  18.8%   290    7s
  4956  1361   13.00000   25  389   16.00000   13.00000  18.8%   292    8s
  5723  1526   14.00000   12  359   16.00000   13.00000  18.8%   294    9s
  6523  1664   15.00000   14  213   16.00000   13.00000  18.8%   294   10s
  6532  1670   14.00000   34  266   16.00000   13.00000  18.8%   294   11s
  6548  1686   13.00000   15  296   16.00000   13.00000  18.8%   298   12s
  6984  1719   13.00000   23  298   16.00000   13.00000  18.8%   302   13s
  7360  1731   14.00000   29  331   16.00000   13.00000  18.8%   309   14s
  7870  1686   15.00000   25  244   16.00000   13.00000  18.8%   315   15s
  8346  1619   14.00000   31  181   16.00000   13.00000  18.8%   326   16s
  8951  1570   15.00000   27  240   16.00000   13.00000  18.8%   332   17s
  9588  1455   14.00000   31  279   16.00000   13.00000  18.8%   335   18s
 10198  1349   14.00000   27  301   16.00000   13.00000  18.8%   333   19s
 11096  1161   14.00000   25  339   16.00000   14.00000  12.5%   334   20s
 12348  1108   14.60041   32  341   16.00000   14.00000  12.5%   332   21s
 13068  1134 infeasible   36        16.00000   14.00000  12.5%   333   22s
 13396  1131   15.00000   34  242   16.00000   14.00000  12.5%   332   23s
 14021  1066 infeasible   44        16.00000   14.00000  12.5%   330   24s
 16216   427 infeasible   40        16.00000   15.00000  6.25%   321   25s
 18774    54   15.00000   27  289   16.00000   15.00000  6.25%   311   26s

Cutting planes:
  Gomory: 2
  Cover: 85
  Clique: 37
  MIR: 3
  Flow cover: 14
  GUB cover: 1
  Inf proof: 9
  Zero half: 18
  RLT: 177
  BQP: 91

Explored 19574 nodes (6093396 simplex iterations) in 26.75 seconds (71.97 work units)
Thread count was 24 (of 48 available processors)

Solution count 6: 16 17 18 ... 21

Optimal solution found (tolerance 1.00e-04)
Best objective 1.600000000000e+01, best bound 1.600000000000e+01, gap 0.0000%

Gurobi 13.0.1 (linux64) logging started Sun Apr  5 22:52:11 2026

Set parameter LogFile to value "gurobi.log"
Set parameter LogToConsole to value 1
Set parameter DisplayInterval to value 1
Set parameter TimeLimit to value 120
Gurobi Optimizer version 13.0.1 build v13.0.1rc0 (linux64 - "Red Hat Enterprise Linux 8.10 (Ootpa)")

CPU model: AMD EPYC 9275F 24-Core Processor, instruction set [SSE2|AVX|AVX2|AVX512]
Thread count: 24 physical cores, 48 logical processors, using up to 24 threads

Non-default parameters:
TimeLimit  120
DisplayInterval  1

Optimize a model with 3041 rows, 2194 columns and 10896 nonzeros (Min)
Model fingerprint: 0x26390e5d
Model has 1 linear objective coefficients
Variable types: 0 continuous, 2194 integer (2193 binary)
Coefficient statistics:
  Matrix range     [1e+00, 2e+01]
  Objective range  [1e+00, 1e+00]
  Bounds range     [1e+00, 1e+00]
  RHS range        [1e+00, 2e+01]

Presolve removed 1499 rows and 715 columns
Presolve time: 0.02s
Presolved: 1542 rows, 1479 columns, 7636 nonzeros
Variable types: 0 continuous, 1479 integer (1478 binary)

Root relaxation: objective 4.400577e+00, 1405 iterations, 0.03 seconds (0.06 work units)

    Nodes    |    Current Node    |     Objective Bounds      |     Work
 Expl Unexpl |  Obj  Depth IntInf | Incumbent    BestBd   Gap | It/Node Time

     0     0    4.40058    0  341          -    4.40058      -     -    0s
     0     0    6.48736    0  456          -    6.48736      -     -    0s
     0     0    7.00000    0  425          -    7.00000      -     -    0s
     0     0    7.00000    0  403          -    7.00000      -     -    0s
     0     0   10.00000    0  526          -   10.00000      -     -    0s
     0     0   10.00000    0  512          -   10.00000      -     -    0s
     0     0   10.00000    0  459          -   10.00000      -     -    0s
     0     0   10.00000    0  458          -   10.00000      -     -    0s
     0     0   11.00000    0  458          -   11.00000      -     -    0s
     0     0   11.00000    0  151          -   11.00000      -     -    0s
     0     2   11.00000    0  120          -   11.00000      -     -    0s
   104   127   16.00000   10  222          -   11.00000      -   315    1s
H  147   155                      21.0000000   11.00000  47.6%   301    1s
H  152   155                      20.0000000   11.00000  45.0%   304    1s
H  606   478                      19.0000000   11.00000  42.1%   232    1s
*  666   473              22      18.0000000   11.00000  38.9%   230    1s
  1146   531   11.00000   12  301   18.00000   11.00000  38.9%   283    2s
  1790   544 infeasible   14        18.00000   12.00000  33.3%   328    3s
  2428   617   13.00000   18  326   18.00000   12.00000  33.3%   345    4s
  3511   585   13.00000   27  321   18.00000   13.00000  27.8%   348    5s
  4646   585   14.00000   18  306   18.00000   13.00000  27.8%   359    6s
  6077   684   14.00000   17  253   18.00000   14.00000  22.2%   355    7s
  7123   704   14.00000   16  299   18.00000   14.00000  22.2%   358    8s
  8337   665   14.00000   21  363   18.00000   14.00000  22.2%   364    9s
  8904   665   14.00000   14  276   18.00000   14.00000  22.2%   364   10s
  9234   690 infeasible   17        18.00000   14.00000  22.2%   365   11s
 10006   656   14.00000   18  258   18.00000   14.00000  22.2%   365   12s
 11339   616   15.00000   18  268   18.00000   14.00000  22.2%   366   13s
 13771   554   16.00000    8  151   18.00000   14.00000  22.2%   352   14s
 13777   558   15.00000   17  282   18.00000   14.00000  22.2%   352   15s
 13789   568   14.00000   11  300   18.00000   14.00000  22.2%   353   16s
 14191   697   15.00000   24  291   18.00000   15.00000  16.7%   354   17s
 14536   668   15.00000   21  285   18.00000   15.00000  16.7%   355   18s
 15239   576 infeasible   24        18.00000   15.00000  16.7%   354   19s
*15894   587              41      17.0000000   15.00000  11.8%   351   19s
 16143   534   16.00000   21  276   17.00000   15.00000  11.8%   350   20s
 17076   212 infeasible   26        17.00000   15.00000  11.8%   348   21s
 17687     2   16.00000   21  310   17.00000   16.00000  5.88%   342   22s

Cutting planes:
  Gomory: 5
  Cover: 7
  Implied bound: 3
  Clique: 13
  MIR: 3
  Flow cover: 16
  GUB cover: 1
  Inf proof: 6
  Zero half: 20
  RLT: 104
  Relax-and-lift: 3
  BQP: 11

Explored 17690 nodes (6054699 simplex iterations) in 22.07 seconds (66.43 work units)
Thread count was 24 (of 48 available processors)

Solution count 5: 17 18 19 ... 21

Optimal solution found (tolerance 1.00e-04)
Best objective 1.700000000000e+01, best bound 1.700000000000e+01, gap 0.0000%

Gurobi 13.0.1 (linux64) logging started Mon Apr  6 09:53:53 2026

Set parameter LogFile to value "gurobi.log"
Set parameter LogToConsole to value 1
Set parameter DisplayInterval to value 1
Set parameter TimeLimit to value 120
Gurobi Optimizer version 13.0.1 build v13.0.1rc0 (linux64 - "Red Hat Enterprise Linux 8.10 (Ootpa)")

CPU model: AMD EPYC 9275F 24-Core Processor, instruction set [SSE2|AVX|AVX2|AVX512]
Thread count: 24 physical cores, 48 logical processors, using up to 24 threads

Non-default parameters:
TimeLimit  120
DisplayInterval  1

Optimize a model with 3468 rows, 2540 columns and 12509 nonzeros (Min)
Model fingerprint: 0x558a842b
Model has 1 linear objective coefficients
Variable types: 0 continuous, 2540 integer (2539 binary)
Coefficient statistics:
  Matrix range     [1e+00, 2e+01]
  Objective range  [1e+00, 1e+00]
  Bounds range     [1e+00, 1e+00]
  RHS range        [1e+00, 2e+01]

Presolve removed 1941 rows and 1082 columns
Presolve time: 0.03s
Presolved: 1527 rows, 1458 columns, 8577 nonzeros
Variable types: 0 continuous, 1458 integer (1457 binary)

Root relaxation: objective 5.302801e+00, 1678 iterations, 0.04 seconds (0.08 work units)

    Nodes    |    Current Node    |     Objective Bounds      |     Work
 Expl Unexpl |  Obj  Depth IntInf | Incumbent    BestBd   Gap | It/Node Time

     0     0    5.30280    0  350          -    5.30280      -     -    0s
     0     0    8.10884    0  442          -    8.10884      -     -    0s
     0     0    8.13969    0  441          -    8.13969      -     -    0s
     0     0    8.13969    0  441          -    8.13969      -     -    0s
     0     0    9.88987    0  495          -    9.88987      -     -    0s
     0     0   10.00000    0  466          -   10.00000      -     -    0s
     0     0   10.00000    0  435          -   10.00000      -     -    0s
H    0     0                      23.0000000   10.00000  56.5%     -    0s
     0     0   11.00000    0  520   23.00000   11.00000  52.2%     -    0s
     0     0   11.87987    0  470   23.00000   11.87987  48.3%     -    0s
H    0     0                      22.0000000   11.87987  46.0%     -    0s
     0     0   14.00000    0  390   22.00000   14.00000  36.4%     -    0s
     0     0   14.00000    0  357   22.00000   14.00000  36.4%     -    0s
H    0     0                      21.0000000   14.00000  33.3%     -    0s
     0     0   14.00000    0  395   21.00000   14.00000  33.3%     -    1s
     0     0   14.00000    0  354   21.00000   14.00000  33.3%     -    1s
H    0     0                      20.0000000   14.00000  30.0%     -    1s
     0     0   14.00000    0  376   20.00000   14.00000  30.0%     -    1s
     0     0   14.00000    0  311   20.00000   14.00000  30.0%     -    1s
     0     0   14.00000    0  322   20.00000   14.00000  30.0%     -    1s
     0     0   14.00000    0  320   20.00000   14.00000  30.0%     -    1s
     0     0   14.00000    0  128   20.00000   14.00000  30.0%     -    1s
     0     0   14.00000    0  217   20.00000   14.00000  30.0%     -    1s
     0     0   14.00000    0  270   20.00000   14.00000  30.0%     -    1s
     0     0   14.00000    0  270   20.00000   14.00000  30.0%     -    1s
     0     0   14.00000    0  270   20.00000   14.00000  30.0%     -    1s
     0     0   14.00000    0  139   20.00000   14.00000  30.0%     -    1s
     0     0   14.00000    0  236   20.00000   14.00000  30.0%     -    1s
     0     0   14.00000    0  292   20.00000   14.00000  30.0%     -    1s
     0     0   14.00000    0  275   20.00000   14.00000  30.0%     -    1s
     0     0   14.00000    0  307   20.00000   14.00000  30.0%     -    1s
     0     0   14.00000    0  239   20.00000   14.00000  30.0%     -    1s
     0     0   14.00000    0  242   20.00000   14.00000  30.0%     -    2s
     0     0   14.00000    0  299   20.00000   14.00000  30.0%     -    2s
     0     0   14.00000    0  299   20.00000   14.00000  30.0%     -    2s
     0     0   14.00114    0  302   20.00000   14.00114  30.0%     -    2s
     0     0   14.09763    0  326   20.00000   14.09763  29.5%     -    2s
     0     0   14.09763    0  283   20.00000   14.09763  29.5%     -    2s
     0     0   15.00000    0  324   20.00000   15.00000  25.0%     -    2s
     0     0   15.00000    0  303   20.00000   15.00000  25.0%     -    2s
     0     2   15.00000    0  171   20.00000   15.00000  25.0%     -    2s
H  112   149                      19.0000000   15.00000  21.1%   301    2s
   454   300   18.00000   13  273   19.00000   15.00000  21.1%   257    3s
  1296   552   15.00531   15  309   19.00000   15.00000  21.1%   248    4s
  2466   846   15.38398   18  326   19.00000   15.00000  21.1%   241    5s
  3624  1058   15.16875   16  345   19.00000   15.00000  21.1%   255    6s
  5138  1295   15.12560   18  332   19.00000   15.00000  21.1%   263    7s
  6614  1481   17.00000   20  356   19.00000   15.00000  21.1%   274    8s
  7898  1611   16.00000   22  296   19.00000   15.00000  21.1%   282    9s
  8058  1617   18.00000   18  261   19.00000   15.00000  21.1%   282   10s
  8068  1623   17.77357   16  206   19.00000   15.00000  21.1%   281   11s
  8089  1652   15.00000   19  251   19.00000   15.00000  21.1%   286   12s
  8409  1806   15.00000   26  376   19.00000   15.00000  21.1%   300   13s
  8833  1811   16.31926   31  369   19.00000   15.00000  21.1%   312   14s
  9011  1829   17.00000   35  360   19.00000   15.00000  21.1%   317   15s
  9177  1812   15.00000   23  244   19.00000   15.00000  21.1%   323   16s
  9431  1808 infeasible   33        19.00000   15.00000  21.1%   330   17s
  9677  1805   16.04913   28  308   19.00000   15.00000  21.1%   336   18s
 10080  1773   15.00000   23  330   19.00000   15.00000  21.1%   343   19s
 10279  1769   15.05182   25  410   19.00000   15.00000  21.1%   347   20s
 10539  1760   15.53846   26  295   19.00000   15.00000  21.1%   351   21s
 10925  1771   17.20000   34  276   19.00000   15.00000  21.1%   358   22s
 11614  1737   15.00000   23  337   19.00000   15.00000  21.1%   365   23s
 12425  1671   16.00000   29  281   19.00000   15.00000  21.1%   373   24s
 13055  1578     cutoff   30        19.00000   15.00000  21.1%   377   25s
 13165  1628 infeasible   37        19.00000   15.00000  21.1%   378   26s
 13281  1645   16.13846   28  333   19.00000   15.00000  21.1%   379   27s
 13333  1848   16.00000   27  366   19.00000   16.00000  15.8%   379   28s
 14176  2052   17.09091   41  243   19.00000   16.00000  15.8%   380   29s
 15277  2205   17.00000   36  249   19.00000   16.00000  15.8%   381   30s
 16302  2296 infeasible   28        19.00000   16.00000  15.8%   382   31s
 17280  2392   16.00000   22  317   19.00000   16.00000  15.8%   383   32s
 18882  2559   18.00000   41  220   19.00000   16.00000  15.8%   384   33s
 20377  2681   17.00000   26  324   19.00000   16.00000  15.8%   384   34s
 22049  2801   18.00000   32  296   19.00000   16.00000  15.8%   383   35s
 22921  2861   16.83582   28  391   19.00000   16.00000  15.8%   381   36s
 24039  2926 infeasible   31        19.00000   17.00000  10.5%   377   37s
 25917  2965 infeasible   30        19.00000   17.00000  10.5%   374   38s
 28137  3028   18.00000   33  299   19.00000   17.00000  10.5%   370   39s
 29267  3098   18.00000   32  269   19.00000   17.00000  10.5%   369   40s
 30406  3173   18.00000   38  275   19.00000   17.00000  10.5%   369   41s
 32699  3274   17.00000   33  304   19.00000   17.00000  10.5%   368   42s
 33793  3405   17.05263   34  304   19.00000   17.00000  10.5%   367   43s
 35867  3487 infeasible   34        19.00000   17.00000  10.5%   367   44s
 36980  3568   18.00000   32  346   19.00000   17.00000  10.5%   366   45s
 38184  3720   18.00000   35  228   19.00000   17.00000  10.5%   366   46s
 40113  3801 infeasible   35        19.00000   17.00000  10.5%   365   47s
 41923  4030   17.02339   29  296   19.00000   17.00000  10.5%   365   48s
 43240  4135   18.00000   36  316   19.00000   17.00000  10.5%   365   49s
 44680  4270   17.60377   38  255   19.00000   17.00000  10.5%   365   50s
 46190  4309   17.00000   37  290   19.00000   17.00000  10.5%   365   51s
 47820  4292 infeasible   33        19.00000   17.00000  10.5%   364   52s
 49657  4311 infeasible   35        19.00000   17.00000  10.5%   361   53s
 51874  4312   18.00000   31  139   19.00000   17.00000  10.5%   357   54s
 51883  4318   18.00000   39  316   19.00000   17.00000  10.5%   357   55s
 51890  4325   17.00000   30  282   19.00000   17.00000  10.5%   358   56s
 52392  4423   17.00000   44  202   19.00000   17.00000  10.5%   358   57s
 52828  4351   17.00000   41  213   19.00000   17.00000  10.5%   358   58s
 53280  4304   18.00000   40  307   19.00000   17.00000  10.5%   357   59s
 53917  4259 infeasible   48        19.00000   17.00000  10.5%   357   60s
 55326  3975 infeasible   52        19.00000   17.00000  10.5%   356   61s
 56993  3509   17.43371   48  209   19.00000   17.00000  10.5%   353   62s
 57698  3319 infeasible   51        19.00000   17.00000  10.5%   352   63s
 57860  3274   17.00000   46  239   19.00000   17.00000  10.5%   352   64s
 58081  3235   17.00000   48  221   19.00000   17.00000  10.5%   352   65s
 59255  2864 infeasible   46        19.00000   17.00000  10.5%   351   66s
 61654  1768 infeasible   59        19.00000   17.00000  10.5%   346   67s
 64731   399 infeasible   52        19.00000   18.00000  5.26%   340   68s
 67105   160   18.00000   42  234   19.00000   18.00000  5.26%   336   69s
 68913     4 infeasible   45        19.00000   18.00000  5.26%   335   70s

Cutting planes:
  Gomory: 2
  Cover: 65
  Implied bound: 19
  Clique: 69
  MIR: 1
  Flow cover: 25
  Inf proof: 13
  Zero half: 37
  RLT: 141

Explored 69197 nodes (23203392 simplex iterations) in 70.38 seconds (221.26 work units)
Thread count was 24 (of 48 available processors)

Solution count 5: 19 20 21 ... 23

Optimal solution found (tolerance 1.00e-04)
Best objective 1.900000000000e+01, best bound 1.900000000000e+01, gap 0.0000%

Gurobi 13.0.1 (linux64) logging started Mon Apr  6 09:58:44 2026

Set parameter LogFile to value "gurobi.log"
Set parameter LogToConsole to value 1
Set parameter DisplayInterval to value 1
Set parameter TimeLimit to value 120
Gurobi Optimizer version 13.0.1 build v13.0.1rc0 (linux64 - "Red Hat Enterprise Linux 8.10 (Ootpa)")

CPU model: AMD EPYC 9275F 24-Core Processor, instruction set [SSE2|AVX|AVX2|AVX512]
Thread count: 24 physical cores, 48 logical processors, using up to 24 threads

Non-default parameters:
TimeLimit  120
DisplayInterval  1

Optimize a model with 3041 rows, 2194 columns and 10896 nonzeros (Min)
Model fingerprint: 0x45ca030d
Model has 1 linear objective coefficients
Variable types: 0 continuous, 2194 integer (2193 binary)
Coefficient statistics:
  Matrix range     [1e+00, 2e+01]
  Objective range  [1e+00, 1e+00]
  Bounds range     [1e+00, 1e+00]
  RHS range        [1e+00, 2e+01]

Presolve removed 1499 rows and 715 columns
Presolve time: 0.02s
Presolved: 1542 rows, 1479 columns, 7636 nonzeros
Variable types: 0 continuous, 1479 integer (1478 binary)

Root relaxation: objective 4.400577e+00, 1398 iterations, 0.03 seconds (0.06 work units)

    Nodes    |    Current Node    |     Objective Bounds      |     Work
 Expl Unexpl |  Obj  Depth IntInf | Incumbent    BestBd   Gap | It/Node Time

     0     0    4.40058    0  339          -    4.40058      -     -    0s
     0     0    6.53916    0  435          -    6.53916      -     -    0s
     0     0    7.00000    0  412          -    7.00000      -     -    0s
     0     0    7.00000    0  368          -    7.00000      -     -    0s
     0     0    9.00000    0  509          -    9.00000      -     -    0s
     0     0    9.00000    0  492          -    9.00000      -     -    0s
     0     0    9.00000    0  458          -    9.00000      -     -    0s
     0     0    9.00000    0  445          -    9.00000      -     -    0s
     0     0    9.00000    0  448          -    9.00000      -     -    0s
H    0     0                      21.0000000    9.00000  57.1%     -    0s
     0     0   11.00000    0  410   21.00000   11.00000  47.6%     -    0s
     0     0   11.46558    0  425   21.00000   11.46558  45.4%     -    0s
     0     0   13.00000    0  411   21.00000   13.00000  38.1%     -    0s
     0     0   13.00000    0  385   21.00000   13.00000  38.1%     -    0s
     0     0   13.00000    0  371   21.00000   13.00000  38.1%     -    0s
     0     0   13.00000    0  372   21.00000   13.00000  38.1%     -    0s
     0     0   13.00000    0  348   21.00000   13.00000  38.1%     -    0s
     0     0   13.00000    0  247   21.00000   13.00000  38.1%     -    0s
     0     0   13.00000    0  367   21.00000   13.00000  38.1%     -    0s
     0     0   13.00000    0  339   21.00000   13.00000  38.1%     -    0s
     0     0   13.00000    0  246   21.00000   13.00000  38.1%     -    1s
H    0     0                      20.0000000   13.00000  35.0%     -    1s
     0     0   13.00000    0  246   20.00000   13.00000  35.0%     -    1s
     0     0   13.00000    0  246   20.00000   13.00000  35.0%     -    1s
H    0     0                      19.0000000   13.00000  31.6%     -    1s
     0     0   13.00000    0  288   19.00000   13.00000  31.6%     -    1s
     0     0   13.00000    0  317   19.00000   13.00000  31.6%     -    1s
     0     0   13.00000    0  316   19.00000   13.00000  31.6%     -    1s
     0     0   13.00000    0  331   19.00000   13.00000  31.6%     -    1s
     0     0   13.00000    0  175   19.00000   13.00000  31.6%     -    1s
     0     0   13.00000    0  164   19.00000   13.00000  31.6%     -    1s
     0     0   13.00000    0  317   19.00000   13.00000  31.6%     -    1s
     0     0   13.00000    0  255   19.00000   13.00000  31.6%     -    1s
     0     0   13.00000    0  304   19.00000   13.00000  31.6%     -    1s
     0     0   13.00000    0  317   19.00000   13.00000  31.6%     -    1s
     0     0   13.00000    0  223   19.00000   13.00000  31.6%     -    1s
     0     0   13.00000    0  277   19.00000   13.00000  31.6%     -    1s
     0     0   13.00000    0  288   19.00000   13.00000  31.6%     -    1s
     0     0   13.00000    0  200   19.00000   13.00000  31.6%     -    2s
     0     0   13.00000    0  200   19.00000   13.00000  31.6%     -    2s
     0     0   13.00000    0  200   19.00000   13.00000  31.6%     -    2s
     0     2   13.00000    0  200   19.00000   13.00000  31.6%     -    2s
   515   334   14.00000   15  379   19.00000   13.00000  31.6%   350    3s
  1097   533 infeasible   23        19.00000   13.00000  31.6%   338    4s
  2031   916   15.00000   17  270   19.00000   13.00000  31.6%   322    5s
  2387  1074 infeasible   24        19.00000   13.00000  31.6%   326    6s
H 2587  1156                      18.0000000   13.00000  27.8%   324    6s
  3685  1533   15.00000   14  232   18.00000   13.00000  27.8%   315    7s
  5533  1964   14.00000   20  246   18.00000   13.00000  27.8%   297    8s
  5544  1971   14.00000   20   90   18.00000   13.00000  27.8%   296    9s
  5554  1978   15.00000   17  249   18.00000   13.00000  27.8%   296   10s
  5808  2108   13.00000   19  280   18.00000   13.00000  27.8%   306   11s
  6171  2139 infeasible   25        18.00000   13.00000  27.8%   316   12s
  6699  2134   14.22222   20  209   18.00000   13.00000  27.8%   325   13s
  7532  2153   14.00000   20  311   18.00000   13.00000  27.8%   335   14s
  8107  2096   14.00000   18  333   18.00000   13.00000  27.8%   338   15s
  8574  2115   13.39901   25  274   18.00000   13.00000  27.8%   340   16s
  9326  2159   16.00000   33  234   18.00000   13.00000  27.8%   343   17s
 10000  2205   13.00000   27  292   18.00000   13.00000  27.8%   344   18s
 10762  2184   16.00000   30  196   18.00000   13.00000  27.8%   346   19s
 11787  2282   14.00000   29  320   18.00000   13.00000  27.8%   345   20s
 13044  2578   14.00000   24  254   18.00000   13.00000  27.8%   338   21s
 14546  2896   15.09218   28  264   18.00000   14.00000  22.2%   332   22s
 16217  3028   14.00000   26  286   18.00000   14.00000  22.2%   326   23s
 16587  3148   14.00000   20  280   18.00000   14.00000  22.2%   325   24s
 18376  3474   15.00000   25  314   18.00000   14.00000  22.2%   320   25s
 19936  3630   17.00000   44  228   18.00000   14.00000  22.2%   318   26s
 22041  4081   17.00000   27  117   18.00000   15.00000  16.7%   310   27s
 23872  4346   16.17677   28  259   18.00000   15.00000  16.7%   305   28s
 25458  4663   16.00000   27  216   18.00000   15.00000  16.7%   303   29s
 28291  4962   15.00000   26  189   18.00000   15.00000  16.7%   300   30s
 30482  5201   15.00000   23  248   18.00000   15.00000  16.7%   298   31s
 32593  5531   15.09083   28  279   18.00000   15.00000  16.7%   297   32s
 34839  5831   15.00000   22  296   18.00000   15.00000  16.7%   295   33s
 35874  6010   16.00000   26  235   18.00000   15.00000  16.7%   296   34s
 38327  6444 infeasible   32        18.00000   15.00000  16.7%   295   35s
*38932  4373              33      17.0000000   15.00000  11.8%   295   35s
 39625  4208   16.00000   33  224   17.00000   15.00000  11.8%   295   36s
 42057  4197     cutoff   29        17.00000   15.00000  11.8%   296   37s
 43351  4171 infeasible   30        17.00000   15.00000  11.8%   297   38s
 44694  4116   16.00000   34  263   17.00000   15.00000  11.8%   298   39s
 46159  3527 infeasible   26        17.00000   15.00000  11.8%   298   40s
 48274  2750   16.00000   26  271   17.00000   15.00000  11.8%   296   41s
 52368   929   16.00000   22  235   17.00000   16.00000  5.88%   292   42s
 54453   274 infeasible   30        17.00000   16.00000  5.88%   291   43s
 56236    19 infeasible   28        17.00000   16.00000  5.88%   291   44s

Cutting planes:
  Gomory: 2
  Cover: 114
  Clique: 46
  MIR: 6
  Flow cover: 52
  GUB cover: 1
  Inf proof: 73
  Zero half: 49
  RLT: 142
  BQP: 66

Explored 57236 nodes (16655471 simplex iterations) in 44.87 seconds (133.83 work units)
Thread count was 24 (of 48 available processors)

Solution count 5: 17 18 19 ... 21

Optimal solution found (tolerance 1.00e-04)
Best objective 1.700000000000e+01, best bound 1.700000000000e+01, gap 0.0000%

Gurobi 13.0.1 (linux64) logging started Mon Apr  6 09:59:37 2026

Set parameter LogFile to value "gurobi.log"
Set parameter LogToConsole to value 1
Set parameter DisplayInterval to value 1
Set parameter TimeLimit to value 120
Gurobi Optimizer version 13.0.1 build v13.0.1rc0 (linux64 - "Red Hat Enterprise Linux 8.10 (Ootpa)")

CPU model: AMD EPYC 9275F 24-Core Processor, instruction set [SSE2|AVX|AVX2|AVX512]
Thread count: 24 physical cores, 48 logical processors, using up to 24 threads

Non-default parameters:
TimeLimit  120
DisplayInterval  1

Optimize a model with 3041 rows, 2237 columns and 10939 nonzeros (Min)
Model fingerprint: 0xad979a0d
Model has 1 linear objective coefficients
Variable types: 0 continuous, 2237 integer (2236 binary)
Coefficient statistics:
  Matrix range     [1e+00, 2e+01]
  Objective range  [1e+00, 1e+00]
  Bounds range     [1e+00, 1e+00]
  RHS range        [1e+00, 2e+01]

Presolve removed 1439 rows and 738 columns
Presolve time: 0.01s
Presolved: 1602 rows, 1499 columns, 7736 nonzeros
Variable types: 0 continuous, 1499 integer (1498 binary)

Root relaxation: objective 4.400577e+00, 1474 iterations, 0.03 seconds (0.06 work units)

    Nodes    |    Current Node    |     Objective Bounds      |     Work
 Expl Unexpl |  Obj  Depth IntInf | Incumbent    BestBd   Gap | It/Node Time

     0     0    4.40058    0  411          -    4.40058      -     -    0s
     0     0    6.53916    0  503          -    6.53916      -     -    0s
     0     0    7.00000    0  449          -    7.00000      -     -    0s
     0     0    7.19545    0  442          -    7.19545      -     -    0s
H    0     0                      21.0000000    7.26346  65.4%     -    0s
     0     0   10.00000    0  589   21.00000   10.00000  52.4%     -    0s
     0     0   10.00000    0  556   21.00000   10.00000  52.4%     -    0s
     0     0   10.00000    0  508   21.00000   10.00000  52.4%     -    0s
     0     0   10.00000    0  497   21.00000   10.00000  52.4%     -    0s
H    0     0                      20.0000000   10.00000  50.0%     -    0s
     0     0   13.00000    0  449   20.00000   13.00000  35.0%     -    0s
     0     0   13.00000    0  444   20.00000   13.00000  35.0%     -    0s
H    0     0                      19.0000000   13.00000  31.6%     -    0s
     0     0   13.00000    0  401   19.00000   13.00000  31.6%     -    0s
H    0     0                      18.0000000   13.00000  27.8%     -    0s
     0     0   13.00000    0  389   18.00000   13.00000  27.8%     -    0s
     0     0   13.00000    0  423   18.00000   13.00000  27.8%     -    0s
     0     0   13.00000    0  243   18.00000   13.00000  27.8%     -    1s
     0     0   13.00000    0  343   18.00000   13.00000  27.8%     -    1s
     0     0   13.00000    0  355   18.00000   13.00000  27.8%     -    1s
     0     0   13.00000    0  257   18.00000   13.00000  27.8%     -    1s
     0     0   13.00000    0  353   18.00000   13.00000  27.8%     -    1s
     0     0   13.00000    0  371   18.00000   13.00000  27.8%     -    1s
     0     0   13.00000    0  221   18.00000   13.00000  27.8%     -    1s
     0     0   13.00000    0  221   18.00000   13.00000  27.8%     -    1s
     0     0   13.00000    0  221   18.00000   13.00000  27.8%     -    1s
     0     0   13.00000    0  325   18.00000   13.00000  27.8%     -    1s
     0     0   13.00000    0  351   18.00000   13.00000  27.8%     -    1s
     0     0   13.00000    0  348   18.00000   13.00000  27.8%     -    1s
     0     0   13.00000    0  387   18.00000   13.00000  27.8%     -    1s
     0     0   13.00000    0  329   18.00000   13.00000  27.8%     -    1s
     0     0   13.00000    0  306   18.00000   13.00000  27.8%     -    1s
     0     0   13.00000    0  306   18.00000   13.00000  27.8%     -    2s
     0     0   13.00000    0  293   18.00000   13.00000  27.8%     -    2s
     0     0   13.00000    0  305   18.00000   13.00000  27.8%     -    2s
     0     0   13.00000    0  326   18.00000   13.00000  27.8%     -    2s
     0     0   13.00000    0  228   18.00000   13.00000  27.8%     -    2s
     0     0   13.00000    0  333   18.00000   13.00000  27.8%     -    2s
     0     0   13.00000    0  361   18.00000   13.00000  27.8%     -    2s
     0     0   13.00000    0  183   18.00000   13.00000  27.8%     -    2s
H    0     0                      17.0000000   13.00000  23.5%     -    2s
     0     0   13.00000    0  245   17.00000   13.00000  23.5%     -    2s
     0     0   13.00000    0  279   17.00000   13.00000  23.5%     -    2s
     0     0   13.00000    0  170   17.00000   13.00000  23.5%     -    2s
H    0     0                      16.0000000   13.00000  18.8%     -    2s
     0     0   13.00000    0  170   16.00000   13.00000  18.8%     -    2s
     0     0   13.00000    0  170   16.00000   13.00000  18.8%     -    2s
     0     0   13.00000    0  222   16.00000   13.00000  18.8%     -    2s
     0     0   13.00000    0  250   16.00000   13.00000  18.8%     -    2s
     0     0   13.00000    0  291   16.00000   13.00000  18.8%     -    2s
     0     0   13.00000    0  308   16.00000   13.00000  18.8%     -    2s
     0     0   13.00000    0  206   16.00000   13.00000  18.8%     -    2s
     0     0   13.00000    0  191   16.00000   13.00000  18.8%     -    3s
     0     0   13.00000    0  310   16.00000   13.00000  18.8%     -    3s
     0     0   13.00000    0  224   16.00000   13.00000  18.8%     -    3s
     0     0   13.00000    0  225   16.00000   13.00000  18.8%     -    3s
     0     0   13.00000    0  220   16.00000   13.00000  18.8%     -    3s
     0     0   13.00000    0  220   16.00000   13.00000  18.8%     -    3s
     0     0   13.00000    0  219   16.00000   13.00000  18.8%     -    3s
     0     0   13.00000    0  219   16.00000   13.00000  18.8%     -    3s
     0     2   13.00000    0  210   16.00000   13.00000  18.8%     -    3s
   472   245   13.00000   15  306   16.00000   13.00000  18.8%   313    4s
  1258   492   14.00000   25  254   16.00000   13.00000  18.8%   318    5s
  2520   992   13.11070   11  390   16.00000   13.00000  18.8%   321    6s
  3166  1134   14.00000   17  328   16.00000   13.00000  18.8%   324    7s
  4030  1344 infeasible   10        16.00000   13.00000  18.8%   325    8s
  5460  1766 infeasible   23        16.00000   13.00000  18.8%   336    9s
  5720  1773   13.00000   14  224   16.00000   13.00000  18.8%   335   10s
  5729  1779   15.00000   21  306   16.00000   13.00000  18.8%   335   11s
  5842  1860   13.00000   19  287   16.00000   13.00000  18.8%   342   12s
  6225  1885   13.13739   27  353   16.00000   13.00000  18.8%   353   13s
  6663  1874   14.40422   32  287   16.00000   13.00000  18.8%   356   14s
  7261  1809   13.00000   23  254   16.00000   13.00000  18.8%   359   15s
  7839  1755   14.68254   32  291   16.00000   13.00000  18.8%   363   16s
  8461  1673   15.00000   31  229   16.00000   13.00000  18.8%   363   17s
  8771  1646   13.00000   26  277   16.00000   13.00000  18.8%   364   18s
  9276  1634   14.00000   30  254   16.00000   13.00000  18.8%   368   19s
 10070  1511 infeasible   29        16.00000   13.00000  18.8%   372   20s
 11293  1325   14.00000   29  287   16.00000   14.00000  12.5%   370   21s
 12891  1386   14.33333   31  230   16.00000   14.00000  12.5%   365   22s
 13247  1389 infeasible   29        16.00000   14.00000  12.5%   364   23s
 14282  1454   14.06939   29  307   16.00000   14.00000  12.5%   362   24s
 15326  1491   15.00000   31   97   16.00000   14.00000  12.5%   361   25s
 17339  1381 infeasible   36        16.00000   14.00000  12.5%   355   26s
 18199   690   15.00000   33  216   16.00000   15.00000  6.25%   351   27s
 21669    58 infeasible   34        16.00000   15.00000  6.25%   335   28s

Cutting planes:
  Cover: 75
  Implied bound: 1
  Clique: 41
  MIR: 1
  StrongCG: 1
  Flow cover: 26
  Inf proof: 14
  Zero half: 21
  RLT: 168
  BQP: 81

Explored 22728 nodes (7580323 simplex iterations) in 28.68 seconds (79.33 work units)
Thread count was 24 (of 48 available processors)

Solution count 6: 16 17 18 ... 21

Optimal solution found (tolerance 1.00e-04)
Best objective 1.600000000000e+01, best bound 1.600000000000e+01, gap 0.0000%

Gurobi 13.0.1 (linux64) logging started Mon Apr  6 11:28:25 2026

Set parameter LogFile to value "gurobi.log"
Set parameter LogToConsole to value 1
Set parameter DisplayInterval to value 1
Gurobi Optimizer version 13.0.1 build v13.0.1rc0 (linux64 - "Red Hat Enterprise Linux 8.10 (Ootpa)")

CPU model: AMD EPYC 9275F 24-Core Processor, instruction set [SSE2|AVX|AVX2|AVX512]
Thread count: 24 physical cores, 48 logical processors, using up to 24 threads

Non-default parameters:
DisplayInterval  1

Optimize a model with 2753 rows, 2131 columns and 9816 nonzeros (Min)
Model fingerprint: 0x1196f115
Model has 1 linear objective coefficients
Variable types: 0 continuous, 2131 integer (2130 binary)
Coefficient statistics:
  Matrix range     [1e+00, 2e+01]
  Objective range  [1e+00, 1e+00]
  Bounds range     [1e+00, 1e+00]
  RHS range        [1e+00, 2e+01]

Presolve removed 1773 rows and 882 columns
Presolve time: 0.02s
Presolved: 980 rows, 1249 columns, 5426 nonzeros
Variable types: 0 continuous, 1249 integer (1248 binary)

Root relaxation: infeasible, 1820 iterations, 0.04 seconds (0.06 work units)

    Nodes    |    Current Node    |     Objective Bounds      |     Work
 Expl Unexpl |  Obj  Depth IntInf | Incumbent    BestBd   Gap | It/Node Time

     0     0 infeasible    0               - infeasible      -     -    0s

Explored 1 nodes (1584 simplex iterations) in 0.07 seconds (0.12 work units)
Thread count was 24 (of 48 available processors)

Solution count 0

Model is infeasible
Best objective -, best bound -, gap -
Gurobi Optimizer version 13.0.1 build v13.0.1rc0 (linux64 - "Red Hat Enterprise Linux 8.10 (Ootpa)")

CPU model: AMD EPYC 9275F 24-Core Processor, instruction set [SSE2|AVX|AVX2|AVX512]
Thread count: 24 physical cores, 48 logical processors, using up to 24 threads

Non-default parameters:
DisplayInterval  1


Computing Irreducible Inconsistent Subsystem (IIS)...

           Constraints          |            Bounds           |  Runtime
      Min       Max     Guess   |   Min       Max     Guess   |
--------------------------------------------------------------------------
        0      2753         -         0         1         -           0s
        0      2556         -         0         0         0           1s
        3      2548         -         0         0         0           2s
        6      2542         -         0         0         0           3s
       11      2536         -         0         0         0           4s
       15      2529         -         0         0         0           5s
       15      2529         -         0         0         0           5s

Non-minimal IIS computed: 2529 constraints, 0 bounds
IIS runtime: 5.08 seconds (8.84 work units)

Gurobi 13.0.1 (linux64) logging started Mon Apr  6 11:51:09 2026

Set parameter LogFile to value "gurobi.log"
Set parameter LogToConsole to value 1
Set parameter DisplayInterval to value 1
Set parameter TimeLimit to value 120
Gurobi Optimizer version 13.0.1 build v13.0.1rc0 (linux64 - "Red Hat Enterprise Linux 8.10 (Ootpa)")

CPU model: AMD EPYC 9275F 24-Core Processor, instruction set [SSE2|AVX|AVX2|AVX512]
Thread count: 24 physical cores, 48 logical processors, using up to 24 threads

Non-default parameters:
TimeLimit  120
DisplayInterval  1

Optimize a model with 3468 rows, 2540 columns and 12509 nonzeros (Min)
Model fingerprint: 0x0c1a2d7a
Model has 1 linear objective coefficients
Variable types: 0 continuous, 2540 integer (2539 binary)
Coefficient statistics:
  Matrix range     [1e+00, 2e+01]
  Objective range  [1e+00, 1e+00]
  Bounds range     [1e+00, 1e+00]
  RHS range        [1e+00, 2e+01]

Presolve removed 1941 rows and 1082 columns
Presolve time: 0.03s
Presolved: 1527 rows, 1458 columns, 8577 nonzeros
Variable types: 0 continuous, 1458 integer (1457 binary)

Root relaxation: objective 5.302801e+00, 1633 iterations, 0.04 seconds (0.07 work units)

    Nodes    |    Current Node    |     Objective Bounds      |     Work
 Expl Unexpl |  Obj  Depth IntInf | Incumbent    BestBd   Gap | It/Node Time

     0     0    5.30280    0  383          -    5.30280      -     -    0s
     0     0    8.08872    0  403          -    8.08872      -     -    0s
     0     0    8.12683    0  481          -    8.12683      -     -    0s
     0     0    8.12683    0  460          -    8.12683      -     -    0s
     0     0    9.96949    0  478          -    9.96949      -     -    0s
     0     0    9.96949    0  459          -    9.96949      -     -    0s
     0     0    9.96949    0  450          -    9.96949      -     -    0s
     0     0   10.68204    0  464          -   10.68204      -     -    0s
     0     0   11.00000    0  469          -   11.00000      -     -    0s
     0     0   11.00000    0  432          -   11.00000      -     -    0s
H    0     0                      23.0000000   11.00000  52.2%     -    0s
H    0     0                      22.0000000   11.33898  48.5%     -    0s
     0     0   14.01743    0  366   22.00000   14.01743  36.3%     -    0s
     0     0   15.00000    0  376   22.00000   15.00000  31.8%     -    0s
     0     0   15.00000    0  366   22.00000   15.00000  31.8%     -    0s
     0     0   15.00000    0  395   22.00000   15.00000  31.8%     -    0s
     0     0   15.00000    0  366   22.00000   15.00000  31.8%     -    0s
     0     0   15.00000    0  360   22.00000   15.00000  31.8%     -    1s
     0     0   15.00000    0  355   22.00000   15.00000  31.8%     -    1s
     0     0   15.00000    0  322   22.00000   15.00000  31.8%     -    1s
     0     0   15.00000    0  201   22.00000   15.00000  31.8%     -    1s
     0     0   15.00000    0  232   22.00000   15.00000  31.8%     -    1s
     0     0   15.00000    0  309   22.00000   15.00000  31.8%     -    1s
     0     0   15.00000    0  260   22.00000   15.00000  31.8%     -    1s
     0     0   15.00000    0  260   22.00000   15.00000  31.8%     -    1s
     0     0   15.00000    0  122   22.00000   15.00000  31.8%     -    1s
     0     2   15.00000    0  122   22.00000   15.00000  31.8%     -    1s
H   34    54                      21.0000000   15.00000  28.6%   628    1s
H  107    91                      20.0000000   15.00000  25.0%   408    1s
   110   114   15.00000    7  259   20.00000   15.00000  25.0%   399    2s
   870   525   16.00000   24  272   20.00000   15.00000  25.0%   280    3s
*  945   541              32      19.0000000   15.00000  21.1%   275    3s
  1385   759   15.17932    9  418   19.00000   15.00000  21.1%   277    4s
  2667  1144   17.00000   24  232   19.00000   15.00000  21.1%   284    5s
  3748  1354   17.00000   27  246   19.00000   15.00000  21.1%   287    6s
  5155  1624 infeasible   26        19.00000   15.00000  21.1%   287    7s
  5340  1673   18.00000   29  243   19.00000   15.00000  21.1%   287    8s
  6003  1789   17.00000   30  260   19.00000   15.00000  21.1%   290    9s
  6009  1793   16.00000   29  297   19.00000   15.00000  21.1%   289   10s
  6018  1799   17.00000   11  273   19.00000   15.00000  21.1%   289   11s
  6055  1839   15.00000   15  347   19.00000   15.00000  21.1%   297   12s
  6367  1903   16.00000   21  331   19.00000   15.00000  21.1%   312   13s
  6612  1922   16.26768   26  306   19.00000   15.00000  21.1%   319   14s
  6840  1879   16.00000   21  304   19.00000   15.00000  21.1%   324   15s
  7148  1866   16.00000   22  323   19.00000   15.00000  21.1%   333   16s
  7589  1852   17.00000   25  286   19.00000   15.00000  21.1%   341   17s
  8065  1803   17.02000   24  276   19.00000   15.00000  21.1%   347   18s
  8938  1695   18.00000   36  199   19.00000   16.00000  15.8%   352   19s
  9842  1543   17.12381   28  292   19.00000   16.00000  15.8%   356   20s
 10572  1390 infeasible   28        19.00000   16.00000  15.8%   358   21s
 11425  1235   18.00000   30  257   19.00000   16.00000  15.8%   359   22s
 12395  1353   18.00000   25  107   19.00000   16.00000  15.8%   359   23s
 13555  1440   17.66667   28  225   19.00000   17.00000  10.5%   358   24s

Cutting planes:
  Gomory: 4
  Cover: 35
  Implied bound: 6
  Clique: 69
  MIR: 2
  Flow cover: 22
  Inf proof: 21
  Zero half: 41
  RLT: 128

Explored 13908 nodes (4981884 simplex iterations) in 24.10 seconds (59.52 work units)
Thread count was 24 (of 48 available processors)

Solution count 5: 19 20 21 ... 23

Solve interrupted
Best objective 1.900000000000e+01, best bound 1.700000000000e+01, gap 10.5263%

Gurobi 13.0.1 (linux64) logging started Mon Apr  6 11:52:28 2026

Set parameter LogFile to value "gurobi.log"
Set parameter LogToConsole to value 1
Set parameter DisplayInterval to value 1
Set parameter TimeLimit to value 120
Gurobi Optimizer version 13.0.1 build v13.0.1rc0 (linux64 - "Red Hat Enterprise Linux 8.10 (Ootpa)")

CPU model: AMD EPYC 9275F 24-Core Processor, instruction set [SSE2|AVX|AVX2|AVX512]
Thread count: 24 physical cores, 48 logical processors, using up to 24 threads

Non-default parameters:
TimeLimit  120
DisplayInterval  1

Optimize a model with 3041 rows, 2194 columns and 10896 nonzeros (Min)
Model fingerprint: 0xf6351e27
Model has 1 linear objective coefficients
Variable types: 0 continuous, 2194 integer (2193 binary)
Coefficient statistics:
  Matrix range     [1e+00, 2e+01]
  Objective range  [1e+00, 1e+00]
  Bounds range     [1e+00, 1e+00]
  RHS range        [1e+00, 2e+01]

Presolve removed 1499 rows and 715 columns
Presolve time: 0.02s
Presolved: 1542 rows, 1479 columns, 7636 nonzeros
Variable types: 0 continuous, 1479 integer (1478 binary)

Root relaxation: objective 4.400577e+00, 1545 iterations, 0.03 seconds (0.06 work units)

    Nodes    |    Current Node    |     Objective Bounds      |     Work
 Expl Unexpl |  Obj  Depth IntInf | Incumbent    BestBd   Gap | It/Node Time

     0     0    4.40058    0  382          -    4.40058      -     -    0s
     0     0    6.53916    0  434          -    6.53916      -     -    0s
     0     0    7.00000    0  403          -    7.00000      -     -    0s
     0     0    7.00000    0  426          -    7.00000      -     -    0s
     0     0    8.91623    0  514          -    8.91623      -     -    0s
     0     0    8.91623    0  503          -    8.91623      -     -    0s
     0     0   10.00000    0  479          -   10.00000      -     -    0s
H    0     0                      21.0000000   10.00000  52.4%     -    0s
     0     0   10.00000    0  460   21.00000   10.00000  52.4%     -    0s
     0     0   10.00000    0  460   21.00000   10.00000  52.4%     -    0s
     0     0   10.00000    0  259   21.00000   10.00000  52.4%     -    0s
     0     2   10.00000    0  259   21.00000   10.00000  52.4%     -    0s
    30    52   19.00000    5  277   21.00000   10.00000  52.4%   563    1s
H  255   243                      20.0000000   11.00000  45.0%   313    1s
* 1011   626              67      19.0000000   11.00000  42.1%   249    1s
  1012   620   13.00000   29  304   19.00000   11.00000  42.1%   249    2s
  2027   790 infeasible   15        19.00000   11.00000  42.1%   283    3s
H 2131   793                      18.0000000   11.00000  38.9%   284    3s
  2868   925 infeasible   20        18.00000   12.00000  33.3%   297    4s
H 3408   995                      17.0000000   12.00000  29.4%   304    4s
  3564  1021 infeasible   20        17.00000   12.00000  29.4%   305    5s
  4500  1090   14.00000   19  370   17.00000   12.00000  29.4%   317    6s
  5095  1129 infeasible   27        17.00000   12.00000  29.4%   322    7s
  5713  1139   14.00000   22  322   17.00000   13.00000  23.5%   334    8s
  6045  1167   14.00000   18  278   17.00000   13.00000  23.5%   337    9s
  6645  1187   16.00000   24  339   17.00000   13.00000  23.5%   340   10s
  7718  1155   15.00000   22  337   17.00000   13.00000  23.5%   342   11s
  8289  1182 infeasible   23        17.00000   13.00000  23.5%   343   12s
  9498  1216   14.00000   21  267   17.00000   14.00000  17.6%   344   13s
 10944  1254   16.00000   38  289   17.00000   14.00000  17.6%   345   14s
 12036  1236   14.00000   22  176   17.00000   14.00000  17.6%   345   15s
 13271  1190 infeasible   22        17.00000   14.00000  17.6%   345   16s
 14504  1137 infeasible   26        17.00000   14.00000  17.6%   346   17s
 15951  1177 infeasible   23        17.00000   14.00000  17.6%   345   18s
 16783  1168   16.00000   34  303   17.00000   15.00000  11.8%   344   19s
 17175  1232 infeasible   29        17.00000   15.00000  11.8%   344   20s
 18045   725   16.00000   21  385   17.00000   15.00000  11.8%   342   21s
 18054   731   15.00000   20  319   17.00000   15.00000  11.8%   342   22s
 18063   740   15.00000   11  299   17.00000   15.00000  11.8%   344   23s
 18405   661 infeasible   23        17.00000   16.00000  5.88%   344   24s
 18667   552 infeasible   31        17.00000   16.00000  5.88%   343   25s

Cutting planes:
  Gomory: 7
  Cover: 1
  Implied bound: 1
  Clique: 11
  MIR: 2
  Flow cover: 5
  Inf proof: 2
  Zero half: 13
  RLT: 56
  Relax-and-lift: 3
  BQP: 15

Explored 18737 nodes (6430744 simplex iterations) in 25.51 seconds (64.21 work units)
Thread count was 24 (of 48 available processors)

Solution count 5: 17 18 19 ... 21

Optimal solution found (tolerance 1.00e-04)
Best objective 1.700000000000e+01, best bound 1.700000000000e+01, gap 0.0000%

Gurobi 13.0.1 (linux64) logging started Mon Apr  6 12:10:05 2026

Set parameter LogFile to value "gurobi.log"
Set parameter LogToConsole to value 1
Set parameter DisplayInterval to value 1
Set parameter TimeLimit to value 120
Gurobi Optimizer version 13.0.1 build v13.0.1rc0 (linux64 - "Red Hat Enterprise Linux 8.10 (Ootpa)")

CPU model: AMD EPYC 9275F 24-Core Processor, instruction set [SSE2|AVX|AVX2|AVX512]
Thread count: 24 physical cores, 48 logical processors, using up to 24 threads

Non-default parameters:
TimeLimit  120
DisplayInterval  1

Optimize a model with 3514 rows, 2563 columns and 13084 nonzeros (Min)
Model fingerprint: 0xab45f402
Model has 24 linear objective coefficients
Variable types: 0 continuous, 2563 integer (2562 binary)
Coefficient statistics:
  Matrix range     [1e+00, 2e+01]
  Objective range  [1e-03, 1e+00]
  Bounds range     [1e+00, 1e+00]
  RHS range        [1e+00, 2e+01]

Presolve removed 1941 rows and 1082 columns
Presolve time: 0.03s
Presolved: 1573 rows, 1481 columns, 9152 nonzeros
Variable types: 0 continuous, 1481 integer (1480 binary)
Found heuristic solution: objective 23.0090000

Root relaxation: objective 5.302801e+00, 1486 iterations, 0.03 seconds (0.06 work units)

    Nodes    |    Current Node    |     Objective Bounds      |     Work
 Expl Unexpl |  Obj  Depth IntInf | Incumbent    BestBd   Gap | It/Node Time

     0     0    5.30280    0  407   23.00900    5.30280  77.0%     -    0s
H    0     0                      23.0050000    5.30280  76.9%     -    0s
H    0     0                      19.0050000    5.30280  72.1%     -    0s
     0     0    7.23452    0  306   19.00500    7.23452  61.9%     -    0s
     0     0    8.38076    0  327   19.00500    8.38076  55.9%     -    0s
     0     0    9.00000    0  308   19.00500    9.00000  52.6%     -    0s
     0     0    9.00000    0  307   19.00500    9.00000  52.6%     -    0s
H    0     0                      18.0070000   10.09956  43.9%     -    0s
     0     0   10.09956    0  434   18.00700   10.09956  43.9%     -    0s
     0     0   11.00000    0  370   18.00700   11.00000  38.9%     -    0s
     0     0   11.00000    0  367   18.00700   11.00000  38.9%     -    0s
     0     0   12.00000    0  412   18.00700   12.00000  33.4%     -    0s
H    0     0                      17.0050000   12.00000  29.4%     -    0s
     0     0   12.00000    0  366   17.00500   12.00000  29.4%     -    0s
     0     0   12.00000    0  354   17.00500   12.00000  29.4%     -    0s
     0     0   12.00000    0  381   17.00500   12.00000  29.4%     -    0s
     0     0   12.00000    0  260   17.00500   12.00000  29.4%     -    0s
     0     0   12.00000    0  467   17.00500   12.00000  29.4%     -    0s
     0     0   12.00000    0  457   17.00500   12.00000  29.4%     -    1s
     0     0   12.00000    0  432   17.00500   12.00000  29.4%     -    1s
H    0     0                      16.0050000   12.00000  25.0%     -    1s
H    0     0                      16.0040000   12.00000  25.0%     -    1s
H    0     0                      15.0050000   12.00000  20.0%     -    1s
     0     0   12.00000    0  444   15.00500   12.00000  20.0%     -    1s
H    0     0                      12.0060000   12.00000  0.05%     -    1s
     0     0   12.00000    0  448   12.00600   12.00000  0.05%     -    1s
     0     0   12.00000    0  448   12.00600   12.00000  0.05%     -    1s
     0     0   12.00000    0  446   12.00600   12.00000  0.05%     -    1s
     0     0   12.00000    0  458   12.00600   12.00000  0.05%     -    1s
     0     0   12.00000    0  302   12.00600   12.00000  0.05%     -    1s
     0     0   12.00000    0  398   12.00600   12.00000  0.05%     -    1s
     0     0   12.00000    0  438   12.00600   12.00000  0.05%     -    2s
     0     0   12.00000    0  414   12.00600   12.00000  0.05%     -    2s
     0     0   12.00000    0  409   12.00600   12.00000  0.05%     -    2s
H    0     0                      12.0050000   12.00000  0.04%     -    2s
     0     0   12.00000    0  439   12.00500   12.00000  0.04%     -    2s
     0     0   12.00000    0  408   12.00500   12.00000  0.04%     -    2s
     0     0   12.00000    0  408   12.00500   12.00000  0.04%     -    2s
     0     0   12.00000    0  426   12.00500   12.00000  0.04%     -    2s
     0     0   12.00000    0  413   12.00500   12.00000  0.04%     -    2s
     0     0   12.00002    0  413   12.00500   12.00002  0.04%     -    2s
     0     0   12.00002    0  413   12.00500   12.00002  0.04%     -    2s
     0     0   12.00002    0  413   12.00500   12.00002  0.04%     -    2s
     0     0   12.00100    0  396   12.00500   12.00100  0.03%     -    3s
     0     0   12.00100    0  365   12.00500   12.00100  0.03%     -    3s
     0     0   12.00100    0  381   12.00500   12.00100  0.03%     -    3s
     0     0   12.00100    0  398   12.00500   12.00100  0.03%     -    3s
     0     0   12.00100    0  397   12.00500   12.00100  0.03%     -    3s
     0     0   12.00100    0  401   12.00500   12.00100  0.03%     -    3s
     0     0   12.00100    0  423   12.00500   12.00100  0.03%     -    3s
     0     0   12.00100    0  413   12.00500   12.00100  0.03%     -    3s
     0     0   12.00100    0  432   12.00500   12.00100  0.03%     -    3s
     0     0   12.00100    0  432   12.00500   12.00100  0.03%     -    3s
     0     0   12.00100    0  432   12.00500   12.00100  0.03%     -    3s
     0     2   12.00100    0  432   12.00500   12.00100  0.03%     -    3s
*  174    97               9      12.0040000   12.00100  0.02%   264    3s
   354   106     cutoff   10        12.00400   12.00100  0.02%   209    4s
  2483    29   12.00284   21  206   12.00400   12.00100  0.02%   155    5s

Cutting planes:
  Clique: 94
  MIR: 1
  Zero half: 19
  RLT: 52

Explored 2634 nodes (454596 simplex iterations) in 5.03 seconds (10.39 work units)
Thread count was 24 (of 48 available processors)

Solution count 10: 12.004 12.005 12.006 ... 17.005

Optimal solution found (tolerance 1.00e-04)
Best objective 1.200400000000e+01, best bound 1.200300000000e+01, gap 0.0083%

Gurobi 13.0.1 (linux64) logging started Mon Apr  6 12:27:35 2026

Set parameter LogFile to value "gurobi.log"
Set parameter LogToConsole to value 1
Set parameter DisplayInterval to value 1
Set parameter TimeLimit to value 120
Gurobi Optimizer version 13.0.1 build v13.0.1rc0 (linux64 - "Red Hat Enterprise Linux 8.10 (Ootpa)")

CPU model: AMD EPYC 9275F 24-Core Processor, instruction set [SSE2|AVX|AVX2|AVX512]
Thread count: 24 physical cores, 48 logical processors, using up to 24 threads

Non-default parameters:
TimeLimit  120
DisplayInterval  1

Optimize a model with 3514 rows, 2563 columns and 13084 nonzeros (Min)
Model fingerprint: 0x4996c7e7
Model has 47 linear objective coefficients
Variable types: 0 continuous, 2563 integer (2562 binary)
Coefficient statistics:
  Matrix range     [1e+00, 2e+01]
  Objective range  [1e+00, 1e+00]
  Bounds range     [1e+00, 1e+00]
  RHS range        [1e+00, 2e+01]

Presolve removed 1941 rows and 1082 columns
Presolve time: 0.03s
Presolved: 1573 rows, 1481 columns, 9152 nonzeros
Variable types: 0 continuous, 1481 integer (1480 binary)
Found heuristic solution: objective 33.0000000

Root relaxation: objective 6.302801e+00, 1499 iterations, 0.04 seconds (0.07 work units)

    Nodes    |    Current Node    |     Objective Bounds      |     Work
 Expl Unexpl |  Obj  Depth IntInf | Incumbent    BestBd   Gap | It/Node Time

     0     0    6.30280    0  369   33.00000    6.30280  80.9%     -    0s
H    0     0                      31.0000000    6.30280  79.7%     -    0s
     0     0    9.08704    0  410   31.00000    9.08704  70.7%     -    0s
     0     0    9.12683    0  424   31.00000    9.12683  70.6%     -    0s
     0     0    9.12683    0  425   31.00000    9.12683  70.6%     -    0s
     0     0   10.94336    0  496   31.00000   10.94336  64.7%     -    0s
     0     0   10.96057    0  481   31.00000   10.96057  64.6%     -    0s
     0     0   10.96383    0  461   31.00000   10.96383  64.6%     -    0s
H    0     0                      30.0000000   11.50246  61.7%     -    0s
H    0     0                      28.0000000   12.00000  57.1%     -    0s
H    0     0                      25.0000000   12.00000  52.0%     -    0s
     0     0   12.00000    0  426   25.00000   12.00000  52.0%     -    0s
     0     0   12.00000    0  418   25.00000   12.00000  52.0%     -    0s
     0     0   12.00000    0  464   25.00000   12.00000  52.0%     -    0s
H    0     0                      23.0000000   12.00000  47.8%     -    0s
     0     0   12.00000    0  520   23.00000   12.00000  47.8%     -    0s
     0     0   12.00000    0  484   23.00000   12.00000  47.8%     -    0s
     0     0   12.00000    0  458   23.00000   12.00000  47.8%     -    0s
H    0     0                      20.0000000   12.00000  40.0%     -    0s
H    0     0                      19.0000000   12.00000  36.8%     -    0s
     0     0   12.00000    0  415   19.00000   12.00000  36.8%     -    0s
     0     0   12.43919    0  390   19.00000   12.43919  34.5%     -    0s
     0     0   12.43919    0  421   19.00000   12.43919  34.5%     -    0s
     0     0   12.43919    0  364   19.00000   12.43919  34.5%     -    0s
     0     0   13.00000    0  344   19.00000   13.00000  31.6%     -    1s
     0     0   13.00000    0  371   19.00000   13.00000  31.6%     -    1s
     0     0   13.00000    0  365   19.00000   13.00000  31.6%     -    1s
     0     0   13.00000    0  383   19.00000   13.00000  31.6%     -    1s
     0     0   13.00000    0  383   19.00000   13.00000  31.6%     -    1s
     0     0   13.00000    0  265   19.00000   13.00000  31.6%     -    1s
     0     2   13.00000    0  265   19.00000   13.00000  31.6%     -    1s
   228   244   14.00000   14  203   19.00000   13.00000  31.6%   247    2s
H  233   244                      18.0000000   13.00000  27.8%   246    2s
H  353   300                      17.0000000   13.00000  23.5%   237    2s
H  409   318                      16.0000000   13.00000  18.7%   249    2s
   806   426   14.75000   16  236   16.00000   13.00000  18.7%   295    3s
  1503   622   14.52977   32  311   16.00000   13.10308  18.1%   314    4s
  2086   809   14.87500   26  253   16.00000   13.10844  18.1%   312    5s
  3745  1219 infeasible   15        16.00000   13.85906  13.4%   315    6s
  5358  1497   15.00000   23  275   16.00000   14.00000  12.5%   360    7s
  6247  1663   14.33426   25  449   16.00000   14.00000  12.5%   363    8s
  6252  1666   14.50000   10  519   16.00000   14.00000  12.5%   363    9s
  6264  1674   14.45286   28  258   16.00000   14.00000  12.5%   362   10s
  6321  1733   14.00000   18  287   16.00000   14.00000  12.5%   369   11s
  6786  1752     cutoff   26        16.00000   14.00000  12.5%   373   12s
  7102  1721     cutoff   33        16.00000   14.00000  12.5%   371   13s
  7920  1602   14.61239   35  358   16.00000   14.00000  12.5%   364   14s
  8778  1417     cutoff   27        16.00000   14.00000  12.5%   367   15s
  9455  1276   14.47293   40  257   16.00000   14.00000  12.5%   367   16s
  9847  1208   14.33627   28  275   16.00000   14.00000  12.5%   366   17s
 10261  1147   15.00000   37  225   16.00000   14.00000  12.5%   365   18s
 10893   972     cutoff   48        16.00000   14.12522  11.7%   364   19s
 12197   766   14.52817   32  351   16.00000   14.21479  11.2%   360   20s
 13830   409     cutoff   35        16.00000   14.50148  9.37%   350   21s
 13982   422     cutoff   26        16.00000   14.59149  8.80%   351   22s
 14156   349     cutoff   38        16.00000   14.63174  8.55%   351   23s
 14582   185   15.00000   28  262   16.00000   14.74448  7.85%   353   24s
 14964    98   15.00000   30  291   16.00000   15.00000  6.25%   356   25s

Cutting planes:
  Gomory: 2
  Cover: 18
  Clique: 137
  MIR: 1
  Flow cover: 14
  Inf proof: 7
  Zero half: 17
  Mod-K: 1
  RLT: 59

Explored 15708 nodes (5695483 simplex iterations) in 25.83 seconds (73.54 work units)
Thread count was 24 (of 48 available processors)

Solution count 10: 16 16 17 ... 23

Optimal solution found (tolerance 1.00e-04)
Best objective 1.600000000000e+01, best bound 1.600000000000e+01, gap 0.0000%

Gurobi 13.0.1 (linux64) logging started Mon Apr  6 12:31:40 2026

Set parameter LogFile to value "gurobi.log"
Set parameter LogToConsole to value 1
Set parameter DisplayInterval to value 1
Set parameter TimeLimit to value 120
Gurobi Optimizer version 13.0.1 build v13.0.1rc0 (linux64 - "Red Hat Enterprise Linux 8.10 (Ootpa)")

CPU model: AMD EPYC 9275F 24-Core Processor, instruction set [SSE2|AVX|AVX2|AVX512]
Thread count: 24 physical cores, 48 logical processors, using up to 24 threads

Non-default parameters:
TimeLimit  120
DisplayInterval  1

Optimize a model with 3514 rows, 2563 columns and 13084 nonzeros (Min)
Model fingerprint: 0x84fad958
Model has 47 linear objective coefficients
Variable types: 0 continuous, 2563 integer (2562 binary)
Coefficient statistics:
  Matrix range     [1e+00, 2e+01]
  Objective range  [1e+00, 1e+00]
  Bounds range     [1e+00, 1e+00]
  RHS range        [1e+00, 2e+01]

Presolve removed 1941 rows and 1082 columns
Presolve time: 0.03s
Presolved: 1573 rows, 1481 columns, 9152 nonzeros
Variable types: 0 continuous, 1481 integer (1480 binary)
Found heuristic solution: objective 33.0000000

Root relaxation: objective 6.302801e+00, 1452 iterations, 0.03 seconds (0.06 work units)

    Nodes    |    Current Node    |     Objective Bounds      |     Work
 Expl Unexpl |  Obj  Depth IntInf | Incumbent    BestBd   Gap | It/Node Time

     0     0    6.30280    0  369   33.00000    6.30280  80.9%     -    0s
H    0     0                      31.0000000    6.30280  79.7%     -    0s
H    0     0                      29.0000000    6.30280  78.3%     -    0s
     0     0    9.12683    0  395   29.00000    9.12683  68.5%     -    0s
     0     0    9.12683    0  424   29.00000    9.12683  68.5%     -    0s
H    0     0                      28.0000000    9.12683  67.4%     -    0s
H    0     0                      27.0000000    9.12683  66.2%     -    0s
     0     0   10.93627    0  501   27.00000   10.93627  59.5%     -    0s
     0     0   10.96057    0  486   27.00000   10.96057  59.4%     -    0s
     0     0   10.96057    0  481   27.00000   10.96057  59.4%     -    0s
     0     0   11.70104    0  449   27.00000   11.70104  56.7%     -    0s
     0     0   11.70104    0  433   27.00000   11.70104  56.7%     -    0s
H    0     0                      26.0000000   11.75056  54.8%     -    0s
H    0     0                      20.0000000   11.75056  41.2%     -    0s
     0     0   11.78687    0  438   20.00000   11.78687  41.1%     -    0s
     0     0   12.00000    0  427   20.00000   12.00000  40.0%     -    0s
     0     0   12.00000    0  410   20.00000   12.00000  40.0%     -    0s
     0     0   12.00000    0  402   20.00000   12.00000  40.0%     -    0s
     0     0   13.00000    0  411   20.00000   13.00000  35.0%     -    0s
     0     0   13.00000    0  394   20.00000   13.00000  35.0%     -    0s
     0     0   13.00000    0  313   20.00000   13.00000  35.0%     -    0s
     0     0   13.00000    0  349   20.00000   13.00000  35.0%     -    0s
     0     0   13.00000    0  435   20.00000   13.00000  35.0%     -    1s
     0     0   13.00000    0  435   20.00000   13.00000  35.0%     -    1s
     0     0   13.00000    0  451   20.00000   13.00000  35.0%     -    1s
H    0     0                      19.0000000   13.00000  31.6%     -    1s
H    0     0                      18.0000000   13.00000  27.8%     -    1s
     0     0   13.00000    0  453   18.00000   13.00000  27.8%     -    1s
     0     0   13.00000    0  433   18.00000   13.00000  27.8%     -    1s
     0     0   13.00000    0  315   18.00000   13.00000  27.8%     -    1s
     0     0   13.00000    0  431   18.00000   13.00000  27.8%     -    1s
     0     0   13.00000    0  458   18.00000   13.00000  27.8%     -    1s
     0     0   13.00000    0  426   18.00000   13.00000  27.8%     -    2s
H    0     0                      17.0000000   13.00000  23.5%     -    2s
     0     0   13.00000    0  425   17.00000   13.00000  23.5%     -    2s
     0     0   13.00000    0  456   17.00000   13.00000  23.5%     -    2s
     0     0   13.00000    0  420   17.00000   13.00000  23.5%     -    2s
     0     0   13.00000    0  424   17.00000   13.00000  23.5%     -    2s
     0     0   13.00000    0  441   17.00000   13.00000  23.5%     -    2s
     0     0   13.00000    0  427   17.00000   13.00000  23.5%     -    2s
     0     0   13.00000    0  427   17.00000   13.00000  23.5%     -    2s
     0     0   13.00000    0  378   17.00000   13.00000  23.5%     -    2s
     0     2   13.00000    0  378   17.00000   13.00000  23.5%     -    2s
     1     4   13.00000    1  438   17.00000   13.00000  23.5%   616    3s
H  419   357                      16.0000000   13.01269  18.7%   307    3s
   675   461   15.00000   22  255   16.00000   13.02359  18.6%   306    4s
  1563   642   14.14669   18  352   16.00000   13.18977  17.6%   279    5s
  2283   705   14.33581   16  336   16.00000   13.31434  16.8%   251    6s
  3471   938     cutoff   27        16.00000   14.00000  12.5%   244    7s
  5185  1153   15.00000   18  319   16.00000   14.00000  12.5%   262    8s
  5908  1219   14.49747   16  367   16.00000   14.00000  12.5%   263    9s
  5911  1221   14.00000   22  413   16.00000   14.00000  12.5%   262   10s
  5917  1225   14.54715   28  370   16.00000   14.00000  12.5%   262   11s
  5928  1233   15.00000   18  252   16.00000   14.00000  12.5%   262   12s
  6306  1302   14.53449   17  415   16.00000   14.00000  12.5%   282   13s
  6631  1257     cutoff   22        16.00000   14.00000  12.5%   290   14s
  6906  1215     cutoff   26        16.00000   14.00000  12.5%   297   15s
  7113  1178   14.02879   19  235   16.00000   14.00000  12.5%   301   16s
  7465  1130     cutoff   28        16.00000   14.00000  12.5%   304   17s
  8016  1014   14.40670   37  351   16.00000   14.00000  12.5%   310   18s
  8863   779   14.57143   22  250   16.00000   14.20000  11.2%   314   19s
 10137   314   14.62500   38  348   16.00000   14.38467  10.1%   316   20s
 11386   209 infeasible   28        16.00000   14.56933  8.94%   318   21s
 12452    44 infeasible   32        16.00000   15.00000  6.25%   332   22s

Cutting planes:
  Gomory: 2
  Cover: 18
  Clique: 126
  MIR: 2
  Flow cover: 7
  Inf proof: 3
  Zero half: 26
  RLT: 43
  Relax-and-lift: 2

Explored 12702 nodes (4317139 simplex iterations) in 22.44 seconds (61.30 work units)
Thread count was 24 (of 48 available processors)

Solution count 10: 16 16 17 ... 20

Optimal solution found (tolerance 1.00e-04)
Best objective 1.600000000000e+01, best bound 1.600000000000e+01, gap 0.0000%

Gurobi 13.0.1 (linux64) logging started Mon Apr  6 13:09:48 2026

Set parameter LogFile to value "gurobi.log"
Set parameter LogToConsole to value 1
Set parameter DisplayInterval to value 1
Set parameter TimeLimit to value 120
Gurobi Optimizer version 13.0.1 build v13.0.1rc0 (linux64 - "Red Hat Enterprise Linux 8.10 (Ootpa)")

CPU model: AMD EPYC 9275F 24-Core Processor, instruction set [SSE2|AVX|AVX2|AVX512]
Thread count: 24 physical cores, 48 logical processors, using up to 24 threads

Non-default parameters:
TimeLimit  120
DisplayInterval  1

Optimize a model with 3083 rows, 2258 columns and 11443 nonzeros (Min)
Model fingerprint: 0x95bd4d4f
Model has 43 linear objective coefficients
Variable types: 0 continuous, 2258 integer (2257 binary)
Coefficient statistics:
  Matrix range     [1e+00, 2e+01]
  Objective range  [1e+00, 1e+00]
  Bounds range     [1e+00, 1e+00]
  RHS range        [1e+00, 2e+01]

Presolve removed 1439 rows and 738 columns
Presolve time: 0.02s
Presolved: 1644 rows, 1520 columns, 8240 nonzeros
Variable types: 0 continuous, 1520 integer (1519 binary)
Found heuristic solution: objective 29.0000000

Root relaxation: objective 4.400577e+00, 1476 iterations, 0.03 seconds (0.06 work units)

    Nodes    |    Current Node    |     Objective Bounds      |     Work
 Expl Unexpl |  Obj  Depth IntInf | Incumbent    BestBd   Gap | It/Node Time

     0     0    4.40058    0  403   29.00000    4.40058  84.8%     -    0s
H    0     0                      28.0000000    4.40058  84.3%     -    0s
     0     0    6.72546    0  456   28.00000    6.72546  76.0%     -    0s
     0     0    7.01012    0  406   28.00000    7.01012  75.0%     -    0s
H    0     0                      27.0000000    7.01012  74.0%     -    0s
     0     0    7.01012    0  394   27.00000    7.01012  74.0%     -    0s
H    0     0                      24.0000000    7.89786  67.1%     -    0s
     0     0    7.89786    0  495   24.00000    7.89786  67.1%     -    0s
     0     0    8.06798    0  502   24.00000    8.06798  66.4%     -    0s
     0     0   10.00000    0  475   24.00000   10.00000  58.3%     -    0s
     0     0   10.00000    0  484   24.00000   10.00000  58.3%     -    0s
H    0     0                      20.0000000   10.00000  50.0%     -    0s
H    0     0                      19.0000000   10.00000  47.4%     -    0s
H    0     0                      18.0000000   10.00000  44.4%     -    0s
     0     0   10.00000    0  457   18.00000   10.00000  44.4%     -    0s
     0     0   10.00000    0  457   18.00000   10.00000  44.4%     -    0s
     0     0   10.00000    0  368   18.00000   10.00000  44.4%     -    0s
     0     0   10.00000    0  406   18.00000   10.00000  44.4%     -    0s
     0     0   10.00000    0  525   18.00000   10.00000  44.4%     -    1s
     0     0   10.00000    0  498   18.00000   10.00000  44.4%     -    1s
     0     0   10.00000    0  508   18.00000   10.00000  44.4%     -    1s
     0     0   10.00000    0  505   18.00000   10.00000  44.4%     -    1s
     0     0   10.00000    0  485   18.00000   10.00000  44.4%     -    1s
     0     0   10.00000    0  465   18.00000   10.00000  44.4%     -    1s
H    0     0                      16.0000000   10.00000  37.5%     -    1s
     0     0   10.00000    0  490   16.00000   10.00000  37.5%     -    1s
     0     0   10.00000    0  483   16.00000   10.00000  37.5%     -    1s
     0     0   10.00000    0  493   16.00000   10.00000  37.5%     -    1s
     0     0   10.00000    0  443   16.00000   10.00000  37.5%     -    1s
     0     0   10.00000    0  460   16.00000   10.00000  37.5%     -    1s
     0     0   10.00000    0  496   16.00000   10.00000  37.5%     -    1s
     0     0   10.00000    0  474   16.00000   10.00000  37.5%     -    2s
     0     0   10.00000    0  474   16.00000   10.00000  37.5%     -    2s
     0     0   10.00000    0  466   16.00000   10.00000  37.5%     -    2s
     0     0   10.00000    0  448   16.00000   10.00000  37.5%     -    2s
     0     0   10.00000    0  465   16.00000   10.00000  37.5%     -    2s
     0     0   10.00000    0  498   16.00000   10.00000  37.5%     -    2s
     0     0   10.00000    0  475   16.00000   10.00000  37.5%     -    2s
     0     0   10.00000    0  482   16.00000   10.00000  37.5%     -    2s
     0     0   10.00000    0  490   16.00000   10.00000  37.5%     -    3s
     0     0   10.00000    0  450   16.00000   10.00000  37.5%     -    3s
     0     0   10.00000    0  506   16.00000   10.00000  37.5%     -    3s
     0     0   10.00464    0  578   16.00000   10.00464  37.5%     -    3s
     0     0   10.00464    0  578   16.00000   10.00464  37.5%     -    3s
     0     0   10.00473    0  578   16.00000   10.00473  37.5%     -    3s
     0     0   10.00473    0  578   16.00000   10.00473  37.5%     -    3s
     0     2   11.00000    0  576   16.00000   11.00000  31.3%     -    3s
   120   127 infeasible    8        16.00000   11.00000  31.3%   430    4s
H  410   254                      14.0000000   11.00000  21.4%   279    4s
  1127   480   11.83333   17  278   14.00000   11.00000  21.4%   254    5s
  1833   647   11.04762   19  344   14.00000   11.00000  21.4%   252    6s
  2400   795     cutoff   22        14.00000   11.00000  21.4%   254    7s
  3526  1019   11.20308   27  442   14.00000   11.00000  21.4%   276    8s
  4927  1329   12.55238   28  303   14.00000   11.00000  21.4%   281    9s
  7133  1659   12.62539   28  380   14.00000   11.18575  20.1%   281   10s
  9246  1816   12.33333    8  285   14.00000   11.34734  18.9%   275   11s
 12392  1715     cutoff   27        14.00000   11.75726  16.0%   259   12s
 13916  1742   12.75000   17  292   14.00000   12.00000  14.3%   256   13s
 14073  1760   12.00000   10  424   14.00000   12.00000  14.3%   256   14s
 14135  1834   12.00000   16  472   14.00000   12.00000  14.3%   257   15s
 15025  1832   12.00000   27  383   14.00000   12.00000  14.3%   257   16s
 15724  1774   12.00000   24  278   14.00000   12.00000  14.3%   259   17s
 16189  1736 infeasible   28        14.00000   12.00000  14.3%   259   18s
 17696  1523   12.73634   38  242   14.00000   12.00000  14.3%   260   19s
 20506  1036 infeasible   30        14.00000   12.00000  14.3%   256   20s
 23664  1265 infeasible   28        14.00000   12.00000  14.3%   248   21s
 25490  1581   12.51220   35  228   14.00000   12.00000  14.3%   246   22s
 27557  1671     cutoff   34        14.00000   12.00000  14.3%   245   23s
 30320  2072   13.00000   32  235   14.00000   12.00000  14.3%   243   24s
 33260  2436   12.00000   30  273   14.00000   12.00000  14.3%   241   25s
 37113  2826   12.68077   26  288   14.00000   12.00000  14.3%   240   26s
 39801  3105 infeasible   31        14.00000   12.00000  14.3%   241   27s
 42054  3043   13.00000   36  218   14.00000   12.00000  14.3%   241   28s
 46002  2532 infeasible   44        14.00000   12.12318  13.4%   240   29s
 49260  1385 infeasible   38        14.00000   12.33721  11.9%   238   30s
 52582   287   13.00000   32  177   14.00000   13.00000  7.14%   235   31s
 55093     0 infeasible   33        14.00000   13.00000  7.14%   235   32s

Cutting planes:
  Gomory: 1
  Clique: 12
  Flow cover: 1
  Inf proof: 3
  Zero half: 16
  RLT: 10
  Relax-and-lift: 3

Explored 55273 nodes (13051311 simplex iterations) in 32.13 seconds (95.64 work units)
Thread count was 24 (of 48 available processors)

Solution count 10: 14 14 16 ... 20

Optimal solution found (tolerance 1.00e-04)
Best objective 1.400000000000e+01, best bound 1.400000000000e+01, gap 0.0000%

Gurobi 13.0.1 (linux64) logging started Mon Apr  6 13:13:42 2026

Set parameter LogFile to value "gurobi.log"
Set parameter LogToConsole to value 1
Set parameter DisplayInterval to value 1
Set parameter TimeLimit to value 120
Gurobi Optimizer version 13.0.1 build v13.0.1rc0 (linux64 - "Red Hat Enterprise Linux 8.10 (Ootpa)")

CPU model: AMD EPYC 9275F 24-Core Processor, instruction set [SSE2|AVX|AVX2|AVX512]
Thread count: 24 physical cores, 48 logical processors, using up to 24 threads

Non-default parameters:
TimeLimit  120
DisplayInterval  1

Optimize a model with 3041 rows, 2237 columns and 10939 nonzeros (Min)
Model fingerprint: 0x243150ce
Model has 1 linear objective coefficients
Variable types: 0 continuous, 2237 integer (2236 binary)
Coefficient statistics:
  Matrix range     [1e+00, 2e+01]
  Objective range  [1e+00, 1e+00]
  Bounds range     [1e+00, 1e+00]
  RHS range        [1e+00, 2e+01]

Presolve removed 1439 rows and 738 columns
Presolve time: 0.01s
Presolved: 1602 rows, 1499 columns, 7736 nonzeros
Variable types: 0 continuous, 1499 integer (1498 binary)

Root relaxation: objective 4.400577e+00, 1385 iterations, 0.03 seconds (0.06 work units)

    Nodes    |    Current Node    |     Objective Bounds      |     Work
 Expl Unexpl |  Obj  Depth IntInf | Incumbent    BestBd   Gap | It/Node Time

     0     0    4.40058    0  396          -    4.40058      -     -    0s
     0     0    6.53916    0  518          -    6.53916      -     -    0s
     0     0    7.00000    0  467          -    7.00000      -     -    0s
     0     0    7.00000    0  417          -    7.00000      -     -    0s
H    0     0                      21.0000000   10.00000  52.4%     -    0s
     0     0   10.00000    0  574   21.00000   10.00000  52.4%     -    0s
     0     0   10.00000    0  540   21.00000   10.00000  52.4%     -    0s
     0     0   10.00000    0  506   21.00000   10.00000  52.4%     -    0s
     0     0   10.00000    0  451   21.00000   10.00000  52.4%     -    0s
     0     0   10.00000    0  388   21.00000   10.00000  52.4%     -    0s
     0     0   11.05062    0  375   21.00000   11.05062  47.4%     -    0s
H    0     0                      20.0000000   11.05062  44.7%     -    0s
     0     0   13.00000    0  442   20.00000   13.00000  35.0%     -    0s
H    0     0                      19.0000000   13.00000  31.6%     -    0s
     0     0   13.00000    0  410   19.00000   13.00000  31.6%     -    0s
     0     0   13.00000    0  412   19.00000   13.00000  31.6%     -    1s
     0     0   13.00000    0  416   19.00000   13.00000  31.6%     -    1s
     0     0   13.00000    0  407   19.00000   13.00000  31.6%     -    1s
     0     0   13.00000    0  215   19.00000   13.00000  31.6%     -    1s
     0     0   13.00000    0  312   19.00000   13.00000  31.6%     -    1s
     0     0   13.00000    0  395   19.00000   13.00000  31.6%     -    1s
     0     0   13.00000    0  224   19.00000   13.00000  31.6%     -    1s
     0     0   13.00000    0  224   19.00000   13.00000  31.6%     -    1s
     0     0   13.00000    0  224   19.00000   13.00000  31.6%     -    1s
     0     0   13.00000    0  317   19.00000   13.00000  31.6%     -    1s
     0     0   13.00000    0  293   19.00000   13.00000  31.6%     -    1s
     0     0   13.00000    0  310   19.00000   13.00000  31.6%     -    1s
     0     0   13.00000    0  280   19.00000   13.00000  31.6%     -    1s
     0     0   13.00000    0  278   19.00000   13.00000  31.6%     -    1s
     0     0   13.00000    0  251   19.00000   13.00000  31.6%     -    1s
     0     0   13.00000    0  324   19.00000   13.00000  31.6%     -    1s
     0     0   13.00000    0  272   19.00000   13.00000  31.6%     -    2s
     0     0   13.00000    0  310   19.00000   13.00000  31.6%     -    2s
     0     0   13.00000    0  345   19.00000   13.00000  31.6%     -    2s
     0     0   13.00000    0  207   19.00000   13.00000  31.6%     -    2s
     0     0   13.00000    0  312   19.00000   13.00000  31.6%     -    2s
     0     0   13.00000    0  365   19.00000   13.00000  31.6%     -    2s
     0     0   13.00000    0  308   19.00000   13.00000  31.6%     -    2s
H    0     0                      18.0000000   13.00000  27.8%     -    2s
H    0     0                      17.0000000   13.00000  23.5%     -    2s
     0     0   13.00000    0  345   17.00000   13.00000  23.5%     -    2s
     0     0   13.00000    0  315   17.00000   13.00000  23.5%     -    2s
     0     0   13.00000    0  203   17.00000   13.00000  23.5%     -    2s
     0     0   13.00000    0  203   17.00000   13.00000  23.5%     -    2s
     0     0   13.00000    0  147   17.00000   13.00000  23.5%     -    2s
     0     0   13.00000    0  260   17.00000   13.00000  23.5%     -    2s
     0     0   13.00000    0  315   17.00000   13.00000  23.5%     -    2s
     0     0   13.00000    0  306   17.00000   13.00000  23.5%     -    2s
     0     0   13.00000    0  330   17.00000   13.00000  23.5%     -    2s
     0     0   13.00000    0  196   17.00000   13.00000  23.5%     -    3s
     0     0   13.00000    0  194   17.00000   13.00000  23.5%     -    3s
     0     0   13.00000    0  363   17.00000   13.00000  23.5%     -    3s
     0     0   13.00000    0  307   17.00000   13.00000  23.5%     -    3s
     0     0   13.00000    0  280   17.00000   13.00000  23.5%     -    3s
     0     0   13.00000    0  302   17.00000   13.00000  23.5%     -    3s
     0     0   13.00000    0  245   17.00000   13.00000  23.5%     -    3s
     0     0   13.00000    0  256   17.00000   13.00000  23.5%     -    3s
     0     0   13.00000    0  333   17.00000   13.00000  23.5%     -    3s
     0     0   13.00000    0  299   17.00000   13.00000  23.5%     -    3s
     0     0   13.00000    0  299   17.00000   13.00000  23.5%     -    3s
     0     0   13.00000    0  236   17.00000   13.00000  23.5%     -    3s
     0     2   13.00000    0  236   17.00000   13.00000  23.5%     -    3s
   223   211   13.16659   10  315   17.00000   13.00000  23.5%   359    4s
H  391   257                      16.0000000   13.00000  18.8%   345    4s
  1465   617   13.00000    8  170   16.00000   13.00000  18.8%   241    5s
  3867  1155   13.00000   28  309   16.00000   13.00000  18.8%   216    6s
  5343  1477   14.00000   16  223   16.00000   13.00000  18.8%   227    7s
  5476  1484   14.00000   14  252   16.00000   13.00000  18.8%   227    8s
  5486  1491   13.00000   11  161   16.00000   13.00000  18.8%   227    9s
  5649  1569   13.00000   20  299   16.00000   13.00000  18.8%   236   10s
  6072  1595   15.00000   28  218   16.00000   13.00000  18.8%   247   11s
  6576  1590   15.00000   38  286   16.00000   13.00000  18.8%   262   12s
  7407  1532   14.00000   21  203   16.00000   13.00000  18.8%   272   13s
  8567  1346     cutoff   33        16.00000   13.00000  18.8%   284   14s
  8955  1329   13.00000   27  250   16.00000   13.00000  18.8%   288   15s
  9894  1203     cutoff   32        16.00000   13.00000  18.8%   295   16s
 10914  1342   13.04215   25  356   16.00000   13.00000  18.8%   302   17s
 12004  1550   14.00000   26  342   16.00000   13.00000  18.8%   309   18s
 13012  1678 infeasible   34        16.00000   13.00000  18.8%   316   19s
 13131  1712   13.00000   28  315   16.00000   13.00000  18.8%   316   20s
 13677  1756     cutoff   34        16.00000   13.00000  18.8%   317   21s
 14523  1792   14.00000   33  248   16.00000   13.00000  18.8%   317   22s
 16174  1896   14.00000   28  227   16.00000   14.00000  12.5%   316   23s
 17675  1953   15.00000   25  167   16.00000   14.00000  12.5%   316   24s
 19301  2022   15.00000   35  220   16.00000   14.00000  12.5%   314   25s
 21056  2138   15.00000   39  219   16.00000   14.00000  12.5%   312   26s
 23085  1959   15.00000   37  240   16.00000   14.06876  12.1%   308   27s
 26289   874 infeasible   41        16.00000   15.00000  6.25%   300   28s
 28009   487 infeasible   20        16.00000   15.00000  6.25%   297   29s

Cutting planes:
  Gomory: 1
  Cover: 88
  Clique: 43
  MIR: 7
  Flow cover: 31
  Inf proof: 9
  Zero half: 28
  RLT: 164
  BQP: 80

Explored 30185 nodes (8937310 simplex iterations) in 29.85 seconds (84.65 work units)
Thread count was 24 (of 48 available processors)

Solution count 6: 16 17 18 ... 21

Optimal solution found (tolerance 1.00e-04)
Best objective 1.600000000000e+01, best bound 1.600000000000e+01, gap 0.0000%

Gurobi 13.0.1 (linux64) logging started Mon Apr  6 13:46:10 2026

Set parameter LogFile to value "gurobi.log"
Set parameter LogToConsole to value 1
Set parameter DisplayInterval to value 1
Set parameter TimeLimit to value 120
Gurobi Optimizer version 13.0.1 build v13.0.1rc0 (linux64 - "Red Hat Enterprise Linux 8.10 (Ootpa)")

CPU model: AMD EPYC 9275F 24-Core Processor, instruction set [SSE2|AVX|AVX2|AVX512]
Thread count: 24 physical cores, 48 logical processors, using up to 24 threads

Non-default parameters:
TimeLimit  120
DisplayInterval  1

Optimize a model with 3083 rows, 2258 columns and 11443 nonzeros (Min)
Model fingerprint: 0x4c03fa51
Model has 43 linear objective coefficients
Variable types: 0 continuous, 2258 integer (2257 binary)
Coefficient statistics:
  Matrix range     [1e+00, 2e+01]
  Objective range  [1e+00, 1e+00]
  Bounds range     [1e+00, 1e+00]
  RHS range        [1e+00, 2e+01]

Presolve removed 1439 rows and 738 columns
Presolve time: 0.02s
Presolved: 1644 rows, 1520 columns, 8240 nonzeros
Variable types: 0 continuous, 1520 integer (1519 binary)
Found heuristic solution: objective 29.0000000

Root relaxation: objective 4.400577e+00, 1571 iterations, 0.04 seconds (0.07 work units)

    Nodes    |    Current Node    |     Objective Bounds      |     Work
 Expl Unexpl |  Obj  Depth IntInf | Incumbent    BestBd   Gap | It/Node Time

     0     0    4.40058    0  452   29.00000    4.40058  84.8%     -    0s
H    0     0                      28.0000000    4.40058  84.3%     -    0s
H    0     0                      26.0000000    6.48874  75.0%     -    0s
     0     0    6.48874    0  508   26.00000    6.48874  75.0%     -    0s
H    0     0                      25.0000000    6.86806  72.5%     -    0s
     0     0    6.86806    0  475   25.00000    6.86806  72.5%     -    0s
     0     0    7.93833    0  581   25.00000    7.93833  68.2%     -    0s
     0     0    8.04821    0  556   25.00000    8.04821  67.8%     -    0s
H    0     0                      24.0000000    8.04821  66.5%     -    0s
     0     0    8.04821    0  547   24.00000    8.04821  66.5%     -    0s
H    0     0                      22.0000000    8.51120  61.3%     -    0s
H    0     0                      21.0000000    8.51120  59.5%     -    0s
     0     0    9.00000    0  421   21.00000    9.00000  57.1%     -    0s
     0     0    9.00000    0  415   21.00000    9.00000  57.1%     -    0s
H    0     0                      19.0000000    9.00000  52.6%     -    0s
     0     0    9.05829    0  470   19.00000    9.05829  52.3%     -    0s
     0     0    9.15488    0  571   19.00000    9.15488  51.8%     -    0s
     0     0    9.15488    0  563   19.00000    9.15488  51.8%     -    0s
H    0     0                      16.0000000    9.36794  41.5%     -    0s
     0     0   10.00000    0  527   16.00000   10.00000  37.5%     -    0s
     0     0   10.00000    0  527   16.00000   10.00000  37.5%     -    1s
     0     0   10.00000    0  474   16.00000   10.00000  37.5%     -    1s
     0     0   10.00000    0  505   16.00000   10.00000  37.5%     -    1s
     0     0   10.00000    0  509   16.00000   10.00000  37.5%     -    1s
     0     0   10.00000    0  498   16.00000   10.00000  37.5%     -    1s
     0     0   10.00000    0  504   16.00000   10.00000  37.5%     -    1s
     0     0   10.00000    0  470   16.00000   10.00000  37.5%     -    1s
     0     0   10.00473    0  556   16.00000   10.00473  37.5%     -    1s
     0     0   10.00535    0  567   16.00000   10.00535  37.5%     -    1s
     0     0   10.02645    0  545   16.00000   10.02645  37.3%     -    1s
     0     0   10.02645    0  541   16.00000   10.02645  37.3%     -    1s
     0     0   10.08174    0  541   16.00000   10.08174  37.0%     -    1s
     0     0   10.08174    0  541   16.00000   10.08174  37.0%     -    1s
     0     2   11.00000    0  540   16.00000   11.00000  31.3%     -    2s
H  564   385                      15.0000000   11.00000  26.7%   281    2s
   626   363   11.00000   14  268   15.00000   11.00000  26.7%   265    3s
  1245   660   11.16667   25  299   15.00000   11.00000  26.7%   241    4s
H 1262   660                      14.0000000   11.00000  21.4%   240    4s
  2832  1206 infeasible   18        14.00000   11.00000  21.4%   252    5s
  4455  1424   11.58824   21  262   14.00000   11.00000  21.4%   259    6s
  6384  1777   13.00000   25  527   14.00000   11.03420  21.2%   264    7s
  6395  1784   12.08687   30  528   14.00000   11.03420  21.2%   264    8s
  6858  1805   12.70000   25  192   14.00000   11.03420  21.2%   271    9s
  7519  1759   12.00000   26  210   14.00000   11.03420  21.2%   272   10s
  8144  1733   12.00000   32  212   14.00000   11.03420  21.2%   272   11s
  9430  1649   13.00000   41  226   14.00000   11.03420  21.2%   272   12s
 11289  1223   12.00000   40  287   14.00000   11.55578  17.5%   270   13s
 13306  1056 infeasible   27        14.00000   12.00000  14.3%   263   14s
 13914  1130     cutoff   25        14.00000   12.00000  14.3%   262   15s
 14428  1148     cutoff   28        14.00000   12.00000  14.3%   262   16s
 16398  1485   13.00000   33  232   14.00000   12.00000  14.3%   266   17s
 18561  1541   12.70999   40  259   14.00000   12.00000  14.3%   270   18s
 20763  1069     cutoff   40        14.00000   12.20450  12.8%   271   19s
 22918   361 infeasible   37        14.00000   12.50000  10.7%   272   20s
 25008     1 infeasible   42        14.00000   13.00000  7.14%   275   21s

Cutting planes:
  Gomory: 1
  Cover: 11
  Clique: 39
  MIR: 2
  Flow cover: 23
  Inf proof: 2
  Zero half: 18
  RLT: 18

Explored 25141 nodes (6956147 simplex iterations) in 21.20 seconds (62.26 work units)
Thread count was 24 (of 48 available processors)

Solution count 10: 14 15 15 ... 24

Optimal solution found (tolerance 1.00e-04)
Best objective 1.400000000000e+01, best bound 1.400000000000e+01, gap 0.0000%

Gurobi 13.0.1 (linux64) logging started Mon Apr  6 13:47:16 2026

Set parameter LogFile to value "gurobi.log"
Set parameter LogToConsole to value 1
Set parameter DisplayInterval to value 1
Set parameter TimeLimit to value 120
Gurobi Optimizer version 13.0.1 build v13.0.1rc0 (linux64 - "Red Hat Enterprise Linux 8.10 (Ootpa)")

CPU model: AMD EPYC 9275F 24-Core Processor, instruction set [SSE2|AVX|AVX2|AVX512]
Thread count: 24 physical cores, 48 logical processors, using up to 24 threads

Non-default parameters:
TimeLimit  120
DisplayInterval  1

Optimize a model with 2858 rows, 2216 columns and 10069 nonzeros (Min)
Model fingerprint: 0x6ffa0607
Model has 1 linear objective coefficients
Variable types: 0 continuous, 2216 integer (2215 binary)
Coefficient statistics:
  Matrix range     [1e+00, 2e+01]
  Objective range  [1e+00, 1e+00]
  Bounds range     [1e+00, 1e+00]
  RHS range        [1e+00, 2e+01]

Presolve removed 1819 rows and 947 columns
Presolve time: 0.02s
Presolved: 1039 rows, 1269 columns, 5524 nonzeros
Variable types: 0 continuous, 1269 integer (1268 binary)

Root relaxation: infeasible, 2103 iterations, 0.05 seconds (0.08 work units)

    Nodes    |    Current Node    |     Objective Bounds      |     Work
 Expl Unexpl |  Obj  Depth IntInf | Incumbent    BestBd   Gap | It/Node Time

     0     0 infeasible    0               - infeasible      -     -    0s

Explored 1 nodes (2294 simplex iterations) in 0.07 seconds (0.13 work units)
Thread count was 24 (of 48 available processors)

Solution count 0

Model is infeasible
Best objective -, best bound -, gap -
Gurobi Optimizer version 13.0.1 build v13.0.1rc0 (linux64 - "Red Hat Enterprise Linux 8.10 (Ootpa)")

CPU model: AMD EPYC 9275F 24-Core Processor, instruction set [SSE2|AVX|AVX2|AVX512]
Thread count: 24 physical cores, 48 logical processors, using up to 24 threads

Non-default parameters:
TimeLimit  120
DisplayInterval  1


Computing Irreducible Inconsistent Subsystem (IIS)...

           Constraints          |            Bounds           |  Runtime
      Min       Max     Guess   |   Min       Max     Guess   |
--------------------------------------------------------------------------
        0      2858         -         0         1         -           0s
        0      2683         -         0         0         0           1s
        3      2682         -         0         0         0           2s
        3      2681         -         0         0         0           2s

Non-minimal IIS computed: 2681 constraints, 0 bounds
IIS runtime: 2.28 seconds (4.21 work units)

Gurobi 13.0.1 (linux64) logging started Mon Apr  6 13:47:43 2026

Set parameter LogFile to value "gurobi.log"
Set parameter LogToConsole to value 1
Set parameter DisplayInterval to value 1
Set parameter TimeLimit to value 120
Gurobi Optimizer version 13.0.1 build v13.0.1rc0 (linux64 - "Red Hat Enterprise Linux 8.10 (Ootpa)")

CPU model: AMD EPYC 9275F 24-Core Processor, instruction set [SSE2|AVX|AVX2|AVX512]
Thread count: 24 physical cores, 48 logical processors, using up to 24 threads

Non-default parameters:
TimeLimit  120
DisplayInterval  1

Optimize a model with 2858 rows, 2216 columns and 10069 nonzeros (Min)
Model fingerprint: 0x35fec68d
Model has 1 linear objective coefficients
Variable types: 0 continuous, 2216 integer (2215 binary)
Coefficient statistics:
  Matrix range     [1e+00, 2e+01]
  Objective range  [1e+00, 1e+00]
  Bounds range     [1e+00, 1e+00]
  RHS range        [1e+00, 2e+01]

Presolve removed 1819 rows and 947 columns
Presolve time: 0.02s
Presolved: 1039 rows, 1269 columns, 5524 nonzeros
Variable types: 0 continuous, 1269 integer (1268 binary)

Root relaxation: infeasible, 2081 iterations, 0.05 seconds (0.08 work units)

    Nodes    |    Current Node    |     Objective Bounds      |     Work
 Expl Unexpl |  Obj  Depth IntInf | Incumbent    BestBd   Gap | It/Node Time

     0     0 infeasible    0               - infeasible      -     -    0s

Explored 1 nodes (1962 simplex iterations) in 0.07 seconds (0.14 work units)
Thread count was 24 (of 48 available processors)

Solution count 0

Model is infeasible
Best objective -, best bound -, gap -
Gurobi Optimizer version 13.0.1 build v13.0.1rc0 (linux64 - "Red Hat Enterprise Linux 8.10 (Ootpa)")

CPU model: AMD EPYC 9275F 24-Core Processor, instruction set [SSE2|AVX|AVX2|AVX512]
Thread count: 24 physical cores, 48 logical processors, using up to 24 threads

Non-default parameters:
TimeLimit  120
DisplayInterval  1


Computing Irreducible Inconsistent Subsystem (IIS)...

           Constraints          |            Bounds           |  Runtime
      Min       Max     Guess   |   Min       Max     Guess   |
--------------------------------------------------------------------------
        0      2858         -         0         1         -           0s
        0      2684         -         0         0         0           1s
        2      2672         -         0         0         0           2s
        5      2656         -         0         0         0           3s
       10      2582         -         0         0         0           4s
       14      2568         -         0         0         0           5s
       17      2559         -         0         0         0           6s
       23      2554         -         0         0         0           7s
       29      2517       151         0         0         0           8s
       33      2513       166         0         0         0           9s
       36      2510       173         0         0         0          10s
       40      2492       177         0         0         0          11s
       45      2491       209         0         0         0          12s
       49      2481       223         0         0         0          13s
       57      2449       250         0         0         0          14s
       59      2409       236         0         0         0          15s
       67      2400       257         0         0         0          16s
       68      2398       260         0         0         0          17s
       72      2382       266         0         0         0          18s
       76      2357       269         0         0         0          19s
       79      2333       269         0         0         0          20s
       85      2301       275         0         0         0          21s
       89      2261       271         0         0         0          22s
       91      2221       260         0         0         0          23s
       95      2187       259         0         0         0          24s
      100      2186       268         0         0         0          25s
      109      2178       283         0         0         0          26s
      114      2177       295         0         0         0          27s
      118      2172       303         0         0         0          28s
      120      2152       302         0         0         0          29s
      120      2142       299         0         0         0          30s
      127      2132       313         0         0         0          31s
      130      2127       319         0         0         0          32s
      130      2122       318         0         0         0          33s
      132      2112       319         0         0         0          34s
      137      2097       326         0         0         0          36s
      140      2087       330         0         0         0          36s
      145      2076       338         0         0         0          37s
      148      2061       340         0         0         0          38s
      149      2050       339         0         0         0          39s
      150      2035       337         0         0         0          40s
      150      2020       333         0         0         0          41s
      152      2004       333         0         0         0          43s
      152      1989       329         0         0         0          43s
      156      1979       334         0         0         0          44s
      159      1969       337         0         0         0          45s
      161      1949       336         0         0         0          46s
      163      1939       337         0         0         0          47s
      167      1924       341         0         0         0          48s
      167      1919       339         0         0         0          49s
      169      1913       342         0         0         0          50s
      169      1908       341         0         0         0          51s
      171      1903       343         0         0         0          52s
      172      1893       342         0         0         0          53s
      176      1878       346         0         0         0          54s
      176      1863       342         0         0         0          55s
      177      1853       342         0         0         0          56s
      182      1843       344         0         0         0          57s
      184      1822       343         0         0         0          58s
      191      1811       350         0         0         0          59s
      195      1799       352         0         0         0          60s
      200      1789       356         0         0         0          62s
      200      1779       354         0         0         0          63s
      200      1778       354         0         0         0          65s
      203      1778       357         0         0         0          65s
      207      1758       358         0         0         0          66s
      209      1748       357         0         0         0          67s
      214      1748       363         0         0         0          69s
      215      1748       363         0         0         0          69s
      218      1743       367         0         0         0          70s
      218      1733       365         0         0         0          71s
      219      1728         -         0         0         0          72s

Non-minimal IIS computed: 1728 constraints, 0 bounds
IIS runtime: 71.58 seconds (110.59 work units)

Gurobi 13.0.1 (linux64) logging started Mon Apr  6 13:48:56 2026

Set parameter LogFile to value "gurobi.log"
Set parameter LogToConsole to value 1
Set parameter DisplayInterval to value 1
Set parameter TimeLimit to value 120
Gurobi Optimizer version 13.0.1 build v13.0.1rc0 (linux64 - "Red Hat Enterprise Linux 8.10 (Ootpa)")

CPU model: AMD EPYC 9275F 24-Core Processor, instruction set [SSE2|AVX|AVX2|AVX512]
Thread count: 24 physical cores, 48 logical processors, using up to 24 threads

Non-default parameters:
TimeLimit  120
DisplayInterval  1

Optimize a model with 3083 rows, 2258 columns and 11443 nonzeros (Min)
Model fingerprint: 0x1a1fb0e3
Model has 43 linear objective coefficients
Variable types: 0 continuous, 2258 integer (2257 binary)
Coefficient statistics:
  Matrix range     [1e+00, 2e+01]
  Objective range  [1e+00, 1e+00]
  Bounds range     [1e+00, 1e+00]
  RHS range        [1e+00, 2e+01]

Presolve removed 1439 rows and 738 columns
Presolve time: 0.02s
Presolved: 1644 rows, 1520 columns, 8240 nonzeros
Variable types: 0 continuous, 1520 integer (1519 binary)
Found heuristic solution: objective 29.0000000

Root relaxation: objective 4.400577e+00, 1562 iterations, 0.04 seconds (0.07 work units)

    Nodes    |    Current Node    |     Objective Bounds      |     Work
 Expl Unexpl |  Obj  Depth IntInf | Incumbent    BestBd   Gap | It/Node Time

     0     0    4.40058    0  424   29.00000    4.40058  84.8%     -    0s
H    0     0                      27.0000000    4.40058  83.7%     -    0s
H    0     0                      26.0000000    6.60114  74.6%     -    0s
     0     0    6.60114    0  530   26.00000    6.60114  74.6%     -    0s
     0     0    7.00000    0  482   26.00000    7.00000  73.1%     -    0s
     0     0    7.00000    0  453   26.00000    7.00000  73.1%     -    0s
H    0     0                      25.0000000    7.91796  68.3%     -    0s
H    0     0                      24.0000000    7.91796  67.0%     -    0s
H    0     0                      23.0000000    7.91796  65.6%     -    0s
H    0     0                      22.0000000    7.91796  64.0%     -    0s
     0     0    7.94336    0  601   22.00000    7.94336  63.9%     -    0s
     0     0    8.09541    0  555   22.00000    8.09541  63.2%     -    0s
     0     0    9.00000    0  485   22.00000    9.00000  59.1%     -    0s
     0     0    9.00000    0  489   22.00000    9.00000  59.1%     -    0s
     0     0    9.00000    0  485   22.00000    9.00000  59.1%     -    0s
     0     0    9.21032    0  482   22.00000    9.21032  58.1%     -    0s
     0     0    9.26912    0  533   22.00000    9.26912  57.9%     -    0s
     0     0    9.26912    0  539   22.00000    9.26912  57.9%     -    0s
H    0     0                      19.0000000    9.26912  51.2%     -    0s
     0     0   10.00000    0  487   19.00000   10.00000  47.4%     -    0s
     0     0   10.00000    0  487   19.00000   10.00000  47.4%     -    0s
     0     0   10.00000    0  331   19.00000   10.00000  47.4%     -    1s
     0     0   10.00000    0  445   19.00000   10.00000  47.4%     -    1s
     0     0   10.00000    0  458   19.00000   10.00000  47.4%     -    1s
     0     0   10.00000    0  473   19.00000   10.00000  47.4%     -    1s
     0     0   10.00000    0  461   19.00000   10.00000  47.4%     -    1s
     0     0   10.00000    0  512   19.00000   10.00000  47.4%     -    1s
     0     0   10.00000    0  505   19.00000   10.00000  47.4%     -    1s
H    0     0                      17.0000000   10.00000  41.2%     -    1s
     0     0   10.00000    0  469   17.00000   10.00000  41.2%     -    1s
     0     0   10.00000    0  489   17.00000   10.00000  41.2%     -    1s
     0     0   10.00000    0  513   17.00000   10.00000  41.2%     -    1s
     0     0   10.00000    0  495   17.00000   10.00000  41.2%     -    1s
     0     0   10.00000    0  468   17.00000   10.00000  41.2%     -    2s
     0     0   10.00000    0  468   17.00000   10.00000  41.2%     -    2s
     0     0   10.00000    0  456   17.00000   10.00000  41.2%     -    2s
     0     2   10.00000    0  425   17.00000   10.00000  41.2%     -    2s
   106   136   12.00000    8  260   17.00000   10.00000  41.2%   572    3s
H  187   179                      16.0000000   10.00000  37.5%   441    3s
H  437   296                      15.0000000   10.00137  33.3%   340    3s
   821   445   14.00000   12  139   15.00000   10.16490  32.2%   298    4s
* 1202   573              17      14.0000000   10.20405  27.1%   280    4s
  1388   627     cutoff   24        14.00000   10.24165  26.8%   271    5s
  2628   855 infeasible   22        14.00000   11.00000  21.4%   277    6s
  3910  1023   12.57692   19  218   14.00000   11.00000  21.4%   273    7s
  5937   952   12.60283   23  324   14.00000   11.50000  17.9%   260    8s
  7853  1164     cutoff   22        14.00000   11.50000  17.9%   254    9s
 10160  1224   12.04790   31  331   14.00000   12.00000  14.3%   251   10s
 10167  1229   12.50000   19  409   14.00000   12.00000  14.3%   251   11s
 10320  1337   12.00000   16  448   14.00000   12.00000  14.3%   254   12s
 10864  1300   12.00000   21  249   14.00000   12.00000  14.3%   255   13s
 11189  1292   12.00000   29  201   14.00000   12.00000  14.3%   254   14s
 11524  1265   12.00000   29  196   14.00000   12.00000  14.3%   255   15s
 12556  1229   12.00000   31  312   14.00000   12.00000  14.3%   254   16s
 13815   994 infeasible   39        14.00000   12.00000  14.3%   254   17s
 14121  1026   12.62162   38  263   14.00000   12.00000  14.3%   254   18s
 15002  1104   12.10929   28  284   14.00000   12.00000  14.3%   251   19s
 17890  1222   13.00000   29  152   14.00000   12.00000  14.3%   241   20s
 20727  1520   13.00000   20  257   14.00000   12.00000  14.3%   235   21s
 23450  1906   12.04366   31  401   14.00000   12.00000  14.3%   232   22s
 25712  2106   12.30056   44  221   14.00000   12.00000  14.3%   232   23s
 28207  2330 infeasible   53        14.00000   12.00000  14.3%   231   24s
 30369  2565     cutoff   29        14.00000   12.00000  14.3%   232   25s
 32695  2801   12.83099   28  219   14.00000   12.00000  14.3%   233   26s
 34042  2949   12.10893   39  343   14.00000   12.00000  14.3%   234   27s
 35916  3093   12.40741   48  269   14.00000   12.00000  14.3%   233   28s
 38299  3251   13.00000   43  161   14.00000   12.00000  14.3%   233   29s
 40917  3167 infeasible   45        14.00000   12.00000  14.3%   234   30s
 43680  2761 infeasible   34        14.00000   12.00000  14.3%   234   31s
 46811  1843   13.00000   43  216   14.00000   12.33613  11.9%   233   32s
 48469  1354   13.00000   44  245   14.00000   12.50000  10.7%   232   33s
 52073   766 infeasible   27        14.00000   13.00000  7.14%   231   34s
 53822   555 infeasible   33        14.00000   13.00000  7.14%   230   35s
 56728   174 infeasible   36        14.00000   13.00000  7.14%   230   36s
 58359    85 infeasible   25        14.00000   13.00000  7.14%   230   37s
 59536    18 infeasible   43        14.00000   13.00000  7.14%   230   38s

Cutting planes:
  Clique: 13
  Inf proof: 14
  Zero half: 2

Explored 60310 nodes (13925564 simplex iterations) in 38.26 seconds (100.25 work units)
Thread count was 24 (of 48 available processors)

Solution count 10: 14 14 15 ... 22

Optimal solution found (tolerance 1.00e-04)
Best objective 1.400000000000e+01, best bound 1.400000000000e+01, gap 0.0000%

Gurobi 13.0.1 (linux64) logging started Mon Apr  6 13:50:01 2026

Set parameter LogFile to value "gurobi.log"
Set parameter LogToConsole to value 1
Set parameter DisplayInterval to value 1
Set parameter TimeLimit to value 120
Gurobi Optimizer version 13.0.1 build v13.0.1rc0 (linux64 - "Red Hat Enterprise Linux 8.10 (Ootpa)")

CPU model: AMD EPYC 9275F 24-Core Processor, instruction set [SSE2|AVX|AVX2|AVX512]
Thread count: 24 physical cores, 48 logical processors, using up to 24 threads

Non-default parameters:
TimeLimit  120
DisplayInterval  1

Optimize a model with 3041 rows, 2237 columns and 10939 nonzeros (Min)
Model fingerprint: 0x97302620
Model has 1 linear objective coefficients
Variable types: 0 continuous, 2237 integer (2236 binary)
Coefficient statistics:
  Matrix range     [1e+00, 2e+01]
  Objective range  [1e+00, 1e+00]
  Bounds range     [1e+00, 1e+00]
  RHS range        [1e+00, 2e+01]

Presolve removed 1439 rows and 738 columns
Presolve time: 0.01s
Presolved: 1602 rows, 1499 columns, 7736 nonzeros
Variable types: 0 continuous, 1499 integer (1498 binary)

Root relaxation: objective 4.400577e+00, 1430 iterations, 0.03 seconds (0.07 work units)

    Nodes    |    Current Node    |     Objective Bounds      |     Work
 Expl Unexpl |  Obj  Depth IntInf | Incumbent    BestBd   Gap | It/Node Time

     0     0    4.40058    0  405          -    4.40058      -     -    0s
     0     0    6.48736    0  492          -    6.48736      -     -    0s
     0     0    7.00000    0  433          -    7.00000      -     -    0s
     0     0    7.19545    0  423          -    7.19545      -     -    0s
H    0     0                      21.0000000    7.26346  65.4%     -    0s
     0     0   10.00000    0  545   21.00000   10.00000  52.4%     -    0s
     0     0   10.00000    0  520   21.00000   10.00000  52.4%     -    0s
H    0     0                      20.0000000   10.00000  50.0%     -    0s
     0     0   10.00000    0  550   20.00000   10.00000  50.0%     -    0s
     0     0   10.00000    0  477   20.00000   10.00000  50.0%     -    0s
     0     0   10.29684    0  459   20.00000   10.29684  48.5%     -    0s
     0     0   12.00000    0  411   20.00000   12.00000  40.0%     -    0s
     0     0   12.00000    0  392   20.00000   12.00000  40.0%     -    0s
     0     0   12.07941    0  419   20.00000   12.07941  39.6%     -    0s
     0     0   12.07941    0  389   20.00000   12.07941  39.6%     -    0s
     0     0   13.00000    0  376   20.00000   13.00000  35.0%     -    0s
     0     0   13.00000    0  229   20.00000   13.00000  35.0%     -    0s
H    0     0                      19.0000000   13.00000  31.6%     -    0s
     0     0   13.00000    0  245   19.00000   13.00000  31.6%     -    0s
H    0     0                      18.0000000   13.00000  27.8%     -    1s
     0     0   13.00000    0  290   18.00000   13.00000  27.8%     -    1s
     0     0   13.00000    0  277   18.00000   13.00000  27.8%     -    1s
     0     0   13.00000    0  256   18.00000   13.00000  27.8%     -    1s
     0     0   13.00000    0  144   18.00000   13.00000  27.8%     -    1s
H    0     0                      17.0000000   13.00000  23.5%     -    1s
     0     0   13.00000    0  239   17.00000   13.00000  23.5%     -    1s
     0     0   13.00000    0  295   17.00000   13.00000  23.5%     -    1s
     0     0   13.00000    0  223   17.00000   13.00000  23.5%     -    1s
     0     0   13.00000    0  223   17.00000   13.00000  23.5%     -    1s
     0     0   13.00000    0  223   17.00000   13.00000  23.5%     -    1s
     0     0   13.00000    0  309   17.00000   13.00000  23.5%     -    1s
     0     0   13.00000    0  339   17.00000   13.00000  23.5%     -    1s
     0     0   13.00000    0  326   17.00000   13.00000  23.5%     -    1s
     0     0   13.00000    0  343   17.00000   13.00000  23.5%     -    1s
     0     0   13.00000    0  253   17.00000   13.00000  23.5%     -    1s
     0     0   13.00000    0  259   17.00000   13.00000  23.5%     -    1s
     0     0   13.00000    0  364   17.00000   13.00000  23.5%     -    1s
     0     0   13.00000    0  152   17.00000   13.00000  23.5%     -    2s
     0     0   13.00000    0  225   17.00000   13.00000  23.5%     -    2s
     0     0   13.00000    0  326   17.00000   13.00000  23.5%     -    2s
     0     0   13.00000    0  269   17.00000   13.00000  23.5%     -    2s
H    0     0                      16.0000000   13.00000  18.8%     -    2s
     0     0   13.00000    0  224   16.00000   13.00000  18.8%     -    2s
     0     0   13.00000    0  350   16.00000   13.00000  18.8%     -    2s
     0     0   13.00000    0  226   16.00000   13.00000  18.8%     -    2s
     0     0   13.00000    0  280   16.00000   13.00000  18.8%     -    2s
     0     0   13.00000    0  307   16.00000   13.00000  18.8%     -    2s
     0     0   13.00000    0  307   16.00000   13.00000  18.8%     -    2s
     0     0   13.00000    0  307   16.00000   13.00000  18.8%     -    2s
     0     0   13.00000    0  190   16.00000   13.00000  18.8%     -    2s
     0     2   13.00000    0  190   16.00000   13.00000  18.8%     -    2s
   169   179   13.00000    8  294   16.00000   13.00000  18.8%   318    3s
   869   429   14.00000   29  248   16.00000   13.00000  18.8%   254    4s
  2562   843   14.00000   25  292   16.00000   13.00000  18.8%   238    5s
  4210  1201   14.00000   22  289   16.00000   13.00000  18.8%   255    6s
  4801  1309 infeasible   31        16.00000   13.00000  18.8%   261    7s
  5062  1371 infeasible   10        16.00000   13.00000  18.8%   262    8s
  5627  1483   15.00000   35  295   16.00000   13.00000  18.8%   262    9s
  6152  1580 infeasible   20        16.00000   13.00000  18.8%   263   10s
  6955  1730 infeasible   14        16.00000   13.00000  18.8%   264   11s
  7199  1736   13.00000   13  212   16.00000   13.00000  18.8%   267   12s
  7210  1744   14.00000   12  181   16.00000   13.00000  18.8%   266   13s
  7401  1819   13.00000   20  290   16.00000   13.00000  18.8%   274   14s
  7810  1802   14.00000   27  251   16.00000   13.00000  18.8%   279   15s
  8130  1772   14.00000   25  240   16.00000   13.00000  18.8%   283   16s
  8687  1719   15.00000   33  253   16.00000   13.00000  18.8%   287   17s
  9403  1667   13.00000   22  228   16.00000   13.00000  18.8%   295   18s
 10334  1499   14.00000   28  262   16.00000   13.00000  18.8%   296   19s
 10820  1410   14.00000   32  201   16.00000   13.00000  18.8%   297   20s
 11432  1255   14.22222   32  229   16.00000   14.00000  12.5%   296   21s
 12324  1008   15.00000   34  216   16.00000   14.00000  12.5%   296   22s
 12984   992 infeasible   37        16.00000   14.00000  12.5%   295   23s
 13247   994   15.00000   31  256   16.00000   14.00000  12.5%   294   24s
 13749  1016 infeasible   34        16.00000   14.00000  12.5%   294   25s
 14662  1006   15.00000   27  102   16.00000   14.00000  12.5%   292   26s
 16862   503 infeasible   37        16.00000   15.00000  6.25%   285   27s
 18447   303 infeasible   33        16.00000   15.00000  6.25%   280   28s

Cutting planes:
  Gomory: 1
  Cover: 92
  Clique: 34
  MIR: 6
  Flow cover: 22
  Inf proof: 15
  Zero half: 22
  RLT: 156
  BQP: 63

Explored 20214 nodes (5621414 simplex iterations) in 28.87 seconds (71.96 work units)
Thread count was 24 (of 48 available processors)

Solution count 6: 16 17 18 ... 21

Optimal solution found (tolerance 1.00e-04)
Best objective 1.600000000000e+01, best bound 1.600000000000e+01, gap 0.0000%

Gurobi 13.0.1 (linux64) logging started Mon Apr  6 13:51:44 2026

Set parameter LogFile to value "gurobi.log"
Set parameter LogToConsole to value 1
Set parameter DisplayInterval to value 1
Set parameter TimeLimit to value 120
Gurobi Optimizer version 13.0.1 build v13.0.1rc0 (linux64 - "Red Hat Enterprise Linux 8.10 (Ootpa)")

CPU model: AMD EPYC 9275F 24-Core Processor, instruction set [SSE2|AVX|AVX2|AVX512]
Thread count: 24 physical cores, 48 logical processors, using up to 24 threads

Non-default parameters:
TimeLimit  120
DisplayInterval  1

Optimize a model with 3083 rows, 2258 columns and 11443 nonzeros (Min)
Model fingerprint: 0x979c9ba1
Model has 43 linear objective coefficients
Variable types: 0 continuous, 2258 integer (2257 binary)
Coefficient statistics:
  Matrix range     [1e+00, 2e+01]
  Objective range  [1e+00, 1e+00]
  Bounds range     [1e+00, 1e+00]
  RHS range        [1e+00, 2e+01]

Presolve removed 1439 rows and 738 columns
Presolve time: 0.02s
Presolved: 1644 rows, 1520 columns, 8240 nonzeros
Variable types: 0 continuous, 1520 integer (1519 binary)
Found heuristic solution: objective 29.0000000

Root relaxation: objective 4.400577e+00, 1543 iterations, 0.04 seconds (0.07 work units)

    Nodes    |    Current Node    |     Objective Bounds      |     Work
 Expl Unexpl |  Obj  Depth IntInf | Incumbent    BestBd   Gap | It/Node Time

     0     0    4.40058    0  422   29.00000    4.40058  84.8%     -    0s
H    0     0                      28.0000000    4.40058  84.3%     -    0s
H    0     0                      26.0000000    4.40058  83.1%     -    0s
     0     0    6.51342    0  456   26.00000    6.51342  74.9%     -    0s
H    0     0                      20.0000000    7.00000  65.0%     -    0s
     0     0    7.00000    0  398   20.00000    7.00000  65.0%     -    0s
H    0     0                      19.0000000    7.00000  63.2%     -    0s
     0     0    7.00000    0  366   19.00000    7.00000  63.2%     -    0s
     0     0   10.00000    0  538   19.00000   10.00000  47.4%     -    0s
     0     0   10.00000    0  536   19.00000   10.00000  47.4%     -    0s
H    0     0                      18.0000000   10.00000  44.4%     -    0s
     0     0   10.00000    0  485   18.00000   10.00000  44.4%     -    0s
H    0     0                      17.0000000   10.00000  41.2%     -    0s
     0     0   10.00000    0  409   17.00000   10.00000  41.2%     -    0s
     0     0   10.00000    0  417   17.00000   10.00000  41.2%     -    0s
     0     0   10.00000    0  437   17.00000   10.00000  41.2%     -    0s
     0     0   10.00000    0  444   17.00000   10.00000  41.2%     -    0s
     0     0   10.00000    0  438   17.00000   10.00000  41.2%     -    0s
     0     0   10.00000    0  492   17.00000   10.00000  41.2%     -    0s
     0     0   10.00000    0  492   17.00000   10.00000  41.2%     -    0s
     0     0   10.00000    0  430   17.00000   10.00000  41.2%     -    0s
     0     0   10.00000    0  430   17.00000   10.00000  41.2%     -    1s
     0     0   10.00000    0  463   17.00000   10.00000  41.2%     -    1s
     0     0   10.00000    0  508   17.00000   10.00000  41.2%     -    1s
     0     0   10.00000    0  498   17.00000   10.00000  41.2%     -    1s
     0     0   10.00000    0  497   17.00000   10.00000  41.2%     -    1s
     0     0   10.00000    0  502   17.00000   10.00000  41.2%     -    1s
     0     0   10.00000    0  505   17.00000   10.00000  41.2%     -    1s
     0     0   10.00000    0  500   17.00000   10.00000  41.2%     -    1s
     0     0   10.00000    0  505   17.00000   10.00000  41.2%     -    1s
     0     0   10.00000    0  466   17.00000   10.00000  41.2%     -    1s
     0     0   10.00000    0  469   17.00000   10.00000  41.2%     -    1s
     0     0   10.00000    0  504   17.00000   10.00000  41.2%     -    2s
     0     0   10.00000    0  456   17.00000   10.00000  41.2%     -    2s
     0     0   10.00000    0  456   17.00000   10.00000  41.2%     -    2s
     0     0   10.00000    0  440   17.00000   10.00000  41.2%     -    2s
     0     2   10.00000    0  440   17.00000   10.00000  41.2%     -    2s
H   40    42                      16.0000000   10.00000  37.5%   680    2s
H   65    92                      14.0000000   10.00000  28.6%   555    2s
   116   109   10.00006    7  531   14.00000   10.00000  28.6%   515    3s
   734   346   13.00000   16  203   14.00000   10.00888  28.5%   317    4s
  1192   480 infeasible   24        14.00000   10.17974  27.3%   289    5s
  1623   607   10.61881   19  333   14.00000   10.50667  25.0%   277    6s
  3413  1149   12.00000   17  370   14.00000   11.00000  21.4%   268    7s
  5101  1493   13.00000   12  202   14.00000   11.00000  21.4%   268    8s
  7253  1833   12.28477   13  430   14.00000   11.00000  21.4%   262    9s
  7261  1838   13.00000   25  534   14.00000   11.00000  21.4%   262   10s
  7273  1846   12.50909   15  304   14.00000   11.00000  21.4%   262   11s
  7764  1900   11.00000   23  389   14.00000   11.00000  21.4%   272   12s
  7961  1884 infeasible   26        14.00000   11.00000  21.4%   272   13s
  8320  1821 infeasible   26        14.00000   11.00000  21.4%   274   14s
  8898  1753   12.70000   22  291   14.00000   11.00000  21.4%   275   15s
 10030  1591   12.58974   33  226   14.00000   11.00000  21.4%   275   16s
 11228  1306     cutoff   35        14.00000   11.13333  20.5%   276   17s
 12790   843   13.00000   22  276   14.00000   12.00000  14.3%   273   18s
 13553  1033     cutoff   25        14.00000   12.00000  14.3%   272   19s
 14847  1335   12.50000   41  221   14.00000   12.00000  14.3%   272   20s
 16153  1607   12.45299   33  251   14.00000   12.00000  14.3%   273   21s
 18574  1466   13.00000   37  171   14.00000   12.06122  13.8%   274   22s
 20708   997 infeasible   34        14.00000   12.30686  12.1%   273   23s
 22248   573   13.00000   36  156   14.00000   12.50000  10.7%   273   24s
 24595    89 infeasible   29        14.00000   13.00000  7.14%   274   25s
 25568     5 infeasible   40        14.00000   13.00000  7.14%   276   26s

Cutting planes:
  Gomory: 1
  Cover: 7
  Clique: 51
  MIR: 2
  Flow cover: 16
  Inf proof: 9
  Zero half: 12
  RLT: 46

Explored 25639 nodes (7128576 simplex iterations) in 26.20 seconds (71.08 work units)
Thread count was 24 (of 48 available processors)

Solution count 10: 14 14 16 ... 20

Optimal solution found (tolerance 1.00e-04)
Best objective 1.400000000000e+01, best bound 1.400000000000e+01, gap 0.0000%

Gurobi 13.0.1 (linux64) logging started Mon Apr  6 16:34:48 2026

Set parameter LogFile to value "gurobi.log"
Set parameter LogToConsole to value 1
Set parameter DisplayInterval to value 1
Set parameter TimeLimit to value 120
Gurobi Optimizer version 13.0.1 build v13.0.1rc0 (linux64 - "Red Hat Enterprise Linux 8.10 (Ootpa)")

CPU model: AMD EPYC 9275F 24-Core Processor, instruction set [SSE2|AVX|AVX2|AVX512]
Thread count: 24 physical cores, 48 logical processors, using up to 24 threads

Non-default parameters:
TimeLimit  120
DisplayInterval  1

Optimize a model with 3083 rows, 2258 columns and 11443 nonzeros (Min)
Model fingerprint: 0x0c7cac45
Model has 43 linear objective coefficients
Variable types: 0 continuous, 2258 integer (2257 binary)
Coefficient statistics:
  Matrix range     [1e+00, 2e+01]
  Objective range  [1e+00, 1e+00]
  Bounds range     [1e+00, 1e+00]
  RHS range        [1e+00, 2e+01]

Presolve removed 1439 rows and 738 columns
Presolve time: 0.02s
Presolved: 1644 rows, 1520 columns, 8240 nonzeros
Variable types: 0 continuous, 1520 integer (1519 binary)
Found heuristic solution: objective 29.0000000

Root relaxation: objective 4.400577e+00, 1490 iterations, 0.04 seconds (0.07 work units)

    Nodes    |    Current Node    |     Objective Bounds      |     Work
 Expl Unexpl |  Obj  Depth IntInf | Incumbent    BestBd   Gap | It/Node Time

     0     0    4.40058    0  384   29.00000    4.40058  84.8%     -    0s
H    0     0                      27.0000000    4.40058  83.7%     -    0s
     0     0    6.53916    0  523   27.00000    6.53916  75.8%     -    0s
     0     0    7.00000    0  483   27.00000    7.00000  74.1%     -    0s
H    0     0                      24.0000000    7.00000  70.8%     -    0s
     0     0    7.00000    0  465   24.00000    7.00000  70.8%     -    0s
     0     0    7.99524    0  601   24.00000    7.99524  66.7%     -    0s
     0     0    8.20602    0  552   24.00000    8.20602  65.8%     -    0s
     0     0    8.20602    0  545   24.00000    8.20602  65.8%     -    0s
     0     0   10.00000    0  457   24.00000   10.00000  58.3%     -    0s
H    0     0                      19.0000000   10.00000  47.4%     -    0s
     0     0   10.00000    0  410   19.00000   10.00000  47.4%     -    0s
     0     0   10.00000    0  549   19.00000   10.00000  47.4%     -    0s
     0     0   10.00000    0  549   19.00000   10.00000  47.4%     -    0s
     0     0   10.00000    0  505   19.00000   10.00000  47.4%     -    0s
     0     0   10.00000    0  505   19.00000   10.00000  47.4%     -    1s
     0     0   10.00000    0  550   19.00000   10.00000  47.4%     -    1s
     0     0   10.00000    0  452   19.00000   10.00000  47.4%     -    1s
     0     0   10.00000    0  418   19.00000   10.00000  47.4%     -    1s
H    0     0                      18.0000000   10.00000  44.4%     -    1s
H    0     0                      17.0000000   10.00000  41.2%     -    1s
     0     0   10.00000    0  464   17.00000   10.00000  41.2%     -    1s
     0     0   10.00000    0  481   17.00000   10.00000  41.2%     -    1s
     0     0   10.00000    0  518   17.00000   10.00000  41.2%     -    1s
     0     0   10.00000    0  518   17.00000   10.00000  41.2%     -    1s
     0     0   10.00000    0  468   17.00000   10.00000  41.2%     -    1s
     0     0   10.00000    0  468   17.00000   10.00000  41.2%     -    2s
     0     0   10.00000    0  487   17.00000   10.00000  41.2%     -    2s
     0     0   10.00000    0  493   17.00000   10.00000  41.2%     -    2s
     0     0   10.00000    0  516   17.00000   10.00000  41.2%     -    2s
     0     0   10.00000    0  503   17.00000   10.00000  41.2%     -    2s
     0     0   10.00000    0  485   17.00000   10.00000  41.2%     -    2s
     0     0   10.00000    0  492   17.00000   10.00000  41.2%     -    2s
     0     0   10.00000    0  481   17.00000   10.00000  41.2%     -    3s
     0     0   10.00000    0  481   17.00000   10.00000  41.2%     -    3s
     0     0   10.00000    0  464   17.00000   10.00000  41.2%     -    3s
     0     2   10.00000    0  464   17.00000   10.00000  41.2%     -    3s
   264   249   11.01598    8  258   17.00000   10.10571  40.6%   270    4s
H  270   249                      16.0000000   10.10571  36.8%   271    4s
*  331   274              16      14.0000000   10.16206  27.4%   258    4s
  1296   506   11.04390   24  299   14.00000   11.00000  21.4%   239    5s
  1598   608   13.00000   32  213   14.00000   11.00000  21.4%   242    6s
  2033   732   11.40000   14  191   14.00000   11.00000  21.4%   242    7s
  3448  1198   12.01335   25  270   14.00000   11.00000  21.4%   259    8s
  5251  1577   11.00000   16  257   14.00000   11.00000  21.4%   260    9s
  5825  1696   12.00000   16  522   14.00000   11.00000  21.4%   263   10s
  6400  1780   12.00913   20  279   14.00000   11.00000  21.4%   268   11s
  7034  1782   11.52520   31  271   14.00000   11.00000  21.4%   268   12s
  7545  1797   12.00000   26  270   14.00000   11.00000  21.4%   269   13s
  9196  1676   11.37639   43  318   14.00000   11.00000  21.4%   274   14s
 11320  1555   13.00000   24  136   14.00000   11.16858  20.2%   276   15s
 12920  1617   12.77143   28  206   14.00000   11.48148  18.0%   275   16s
 13646  1603     cutoff   34        14.00000   11.63166  16.9%   274   17s
 15929  1631   13.00000   22  200   14.00000   12.00000  14.3%   269   18s
 18101  1727 infeasible   37        14.00000   12.00000  14.3%   270   19s
 20486  1859   13.00000   25   52   14.00000   12.00000  14.3%   272   20s
 22661  1588     cutoff   42        14.00000   12.03392  14.0%   274   21s
 26022   536 infeasible   37        14.00000   12.50000  10.7%   273   22s
 27820    19   13.00000   37  225   14.00000   13.00000  7.14%   272   23s

Cutting planes:
  Gomory: 4
  Cover: 28
  Implied bound: 1
  Clique: 39
  MIR: 2
  Flow cover: 15
  Inf proof: 6
  Zero half: 8

Explored 28325 nodes (7774203 simplex iterations) in 23.13 seconds (66.24 work units)
Thread count was 24 (of 48 available processors)

Solution count 10: 14 14 16 ... 19

Optimal solution found (tolerance 1.00e-04)
Best objective 1.400000000000e+01, best bound 1.400000000000e+01, gap 0.0000%

Gurobi 13.0.1 (linux64) logging started Mon Apr  6 16:35:45 2026

Set parameter LogFile to value "gurobi.log"
Set parameter LogToConsole to value 1
Set parameter DisplayInterval to value 1
Set parameter TimeLimit to value 120
Gurobi Optimizer version 13.0.1 build v13.0.1rc0 (linux64 - "Red Hat Enterprise Linux 8.10 (Ootpa)")

CPU model: AMD EPYC 9275F 24-Core Processor, instruction set [SSE2|AVX|AVX2|AVX512]
Thread count: 24 physical cores, 48 logical processors, using up to 24 threads

Non-default parameters:
TimeLimit  120
DisplayInterval  1

Optimize a model with 3514 rows, 2563 columns and 13084 nonzeros (Min)
Model fingerprint: 0x26f4cf13
Model has 47 linear objective coefficients
Variable types: 0 continuous, 2563 integer (2562 binary)
Coefficient statistics:
  Matrix range     [1e+00, 2e+01]
  Objective range  [1e+00, 1e+00]
  Bounds range     [1e+00, 1e+00]
  RHS range        [1e+00, 2e+01]

Presolve removed 1941 rows and 1082 columns
Presolve time: 0.05s
Presolved: 1573 rows, 1481 columns, 9152 nonzeros
Variable types: 0 continuous, 1481 integer (1480 binary)
Found heuristic solution: objective 33.0000000

Root relaxation: objective 6.302801e+00, 1873 iterations, 0.06 seconds (0.09 work units)

    Nodes    |    Current Node    |     Objective Bounds      |     Work
 Expl Unexpl |  Obj  Depth IntInf | Incumbent    BestBd   Gap | It/Node Time

     0     0    6.30280    0  348   33.00000    6.30280  80.9%     -    0s
H    0     0                      32.0000000    6.30280  80.3%     -    0s
     0     0    9.08872    0  421   32.00000    9.08872  71.6%     -    0s
     0     0    9.12683    0  421   32.00000    9.12683  71.5%     -    0s
H    0     0                      31.0000000   10.93627  64.7%     -    0s
H    0     0                      30.0000000   10.93627  63.5%     -    0s
     0     0   10.93627    0  460   30.00000   10.93627  63.5%     -    0s
H    0     0                      29.0000000   10.93627  62.3%     -    0s
     0     0   10.96057    0  449   29.00000   10.96057  62.2%     -    0s
H    0     0                      28.0000000   11.42999  59.2%     -    0s
H    0     0                      27.0000000   11.42999  57.7%     -    0s
H    0     0                      24.0000000   11.42999  52.4%     -    0s
     0     0   11.42999    0  442   24.00000   11.42999  52.4%     -    0s
     0     0   11.44227    0  428   24.00000   11.44227  52.3%     -    0s
     0     0   11.44227    0  416   24.00000   11.44227  52.3%     -    0s
     0     0   11.80773    0  431   24.00000   11.80773  50.8%     -    0s
     0     0   11.86055    0  410   24.00000   11.86055  50.6%     -    0s
     0     0   11.89539    0  421   24.00000   11.89539  50.4%     -    1s
     0     0   11.91617    0  418   24.00000   11.91617  50.3%     -    1s
     0     0   11.91617    0  409   24.00000   11.91617  50.3%     -    1s
     0     0   12.00000    0  444   24.00000   12.00000  50.0%     -    1s
     0     0   12.42784    0  407   24.00000   12.42784  48.2%     -    1s
     0     0   13.00000    0  458   24.00000   13.00000  45.8%     -    1s
     0     0   13.00000    0  405   24.00000   13.00000  45.8%     -    1s
     0     0   13.00000    0  355   24.00000   13.00000  45.8%     -    1s
     0     0   13.00000    0  441   24.00000   13.00000  45.8%     -    1s
H    0     0                      22.0000000   13.00000  40.9%     -    1s
     0     0   13.00000    0  459   22.00000   13.00000  40.9%     -    1s
     0     0   13.00000    0  425   22.00000   13.00000  40.9%     -    2s
H    0     0                      21.0000000   13.00000  38.1%     -    2s
     0     0   13.00000    0  414   21.00000   13.00000  38.1%     -    2s
     0     0   13.00000    0  426   21.00000   13.00000  38.1%     -    2s
     0     0   13.00000    0  426   21.00000   13.00000  38.1%     -    2s
     0     0   13.00000    0  426   21.00000   13.00000  38.1%     -    2s
     0     0   13.00000    0  403   21.00000   13.00000  38.1%     -    2s
     0     0   13.00000    0  403   21.00000   13.00000  38.1%     -    3s
     0     0   13.00000    0  290   21.00000   13.00000  38.1%     -    3s
     0     0   13.00000    0  464   21.00000   13.00000  38.1%     -    3s
     0     0   13.00000    0  446   21.00000   13.00000  38.1%     -    3s
     0     0   13.00000    0  399   21.00000   13.00000  38.1%     -    3s
H    0     0                      19.0000000   13.00000  31.6%     -    3s
     0     0   13.00000    0  453   19.00000   13.00000  31.6%     -    4s
     0     0   13.00000    0  410   19.00000   13.00000  31.6%     -    4s
H    0     0                      18.0000000   13.00000  27.8%     -    4s
     0     0   13.00000    0  410   18.00000   13.00000  27.8%     -    4s
     0     0   13.00000    0  439   18.00000   13.00000  27.8%     -    4s
     0     0   13.00000    0  428   18.00000   13.00000  27.8%     -    4s
     0     0   13.00000    0  428   18.00000   13.00000  27.8%     -    4s
     0     0   13.00000    0  410   18.00000   13.00000  27.8%     -    4s
     0     0   13.00000    0  385   18.00000   13.00000  27.8%     -    5s
     0     0   13.00000    0  330   18.00000   13.00000  27.8%     -    5s
     0     0   13.00000    0  453   18.00000   13.00000  27.8%     -    5s
     0     0   13.00000    0  443   18.00000   13.00000  27.8%     -    5s
     0     0   13.00000    0  432   18.00000   13.00000  27.8%     -    5s
     0     0   13.00000    0  422   18.00000   13.00000  27.8%     -    6s
     0     0   13.00000    0  412   18.00000   13.00000  27.8%     -    6s
     0     0   13.00000    0  407   18.00000   13.00000  27.8%     -    6s
     0     0   13.00000    0  451   18.00000   13.00000  27.8%     -    6s
     0     0   13.00000    0  423   18.00000   13.00000  27.8%     -    6s
H    0     0                      16.0000000   13.00000  18.7%     -    6s
     0     0   13.00000    0  423   16.00000   13.00000  18.7%     -    6s
     0     0   13.00000    0  404   16.00000   13.00000  18.7%     -    6s
     0     0   13.00000    0  356   16.00000   13.00000  18.7%     -    6s
     0     0   13.00000    0  422   16.00000   13.00000  18.7%     -    6s
     0     0   13.00000    0  420   16.00000   13.00000  18.7%     -    7s
     0     0   13.00000    0  406   16.00000   13.00000  18.7%     -    7s
     0     0   13.00286    0  496   16.00000   13.00286  18.7%     -    7s
     0     0   13.06445    0  481   16.00000   13.06445  18.3%     -    7s
     0     0   13.06445    0  473   16.00000   13.06445  18.3%     -    7s
     0     0   13.06502    0  475   16.00000   13.06502  18.3%     -    7s
     0     0   13.30296    0  450   16.00000   13.30296  16.9%     -    7s
     0     0   13.32653    0  436   16.00000   13.32653  16.7%     -    7s
     0     0   13.32653    0  397   16.00000   13.32653  16.7%     -    7s
     0     0   13.33333    0  389   16.00000   13.33333  16.7%     -    8s
     0     0   13.33333    0  392   16.00000   13.33333  16.7%     -    8s
     0     0   13.34545    0  394   16.00000   13.34545  16.6%     -    8s
     0     0   13.34545    0  402   16.00000   13.34545  16.6%     -    8s
     0     0   13.34545    0  412   16.00000   13.34545  16.6%     -    8s
     0     0   13.34545    0  402   16.00000   13.34545  16.6%     -    8s
     0     0   13.34545    0  335   16.00000   13.34545  16.6%     -    8s
     0     0   13.34545    0  414   16.00000   13.34545  16.6%     -    8s
     0     0   13.34545    0  426   16.00000   13.34545  16.6%     -    8s
     0     0   13.34545    0  362   16.00000   13.34545  16.6%     -    8s
     0     0   13.34545    0  362   16.00000   13.34545  16.6%     -    8s
     0     0   13.34545    0  362   16.00000   13.34545  16.6%     -    8s
     0     2   13.34545    0  339   16.00000   13.34545  16.6%     -    8s
    55    80   14.00000    6  342   16.00000   14.00000  12.5%   878    9s
   545   261   14.66667   15  320   16.00000   14.00000  12.5%   481   10s
  1327   383   14.56667   11  325   16.00000   14.00000  12.5%   400   11s
  2069   454   14.58305   24  333   16.00000   14.00000  12.5%   375   12s
  2292   480     cutoff   28        16.00000   14.00000  12.5%   369   13s
  2643   487     cutoff   18        16.00000   14.00000  12.5%   361   14s
  3115   459     cutoff   32        16.00000   14.00000  12.5%   349   15s
  3864   404     cutoff   16        16.00000   14.00000  12.5%   338   16s
  5320   201   15.00000   25  242   16.00000   15.00000  6.25%   350   17s
  6569    98     cutoff   27        16.00000   15.00000  6.25%   359   18s
  7628     9     cutoff   25        16.00000   15.00000  6.25%   359   19s

Cutting planes:
  Gomory: 1
  Cover: 7
  Implied bound: 6
  Clique: 167
  MIR: 8
  GUB cover: 1
  Inf proof: 2
  Zero half: 24
  RLT: 127
  Relax-and-lift: 1

Explored 7722 nodes (2865062 simplex iterations) in 19.49 seconds (41.83 work units)
Thread count was 24 (of 48 available processors)

Solution count 10: 16 16 18 ... 22
No other solutions better than 16

Optimal solution found (tolerance 1.00e-04)
Best objective 1.599999982154e+01, best bound 1.599999982154e+01, gap 0.0000%

Gurobi 13.0.1 (linux64) logging started Mon Apr  6 17:09:33 2026

Set parameter LogFile to value "gurobi.log"
Set parameter LogToConsole to value 1
Set parameter DisplayInterval to value 1
Set parameter TimeLimit to value 120
Gurobi Optimizer version 13.0.1 build v13.0.1rc0 (linux64 - "Red Hat Enterprise Linux 8.10 (Ootpa)")

CPU model: AMD EPYC 9275F 24-Core Processor, instruction set [SSE2|AVX|AVX2|AVX512]
Thread count: 24 physical cores, 48 logical processors, using up to 24 threads

Non-default parameters:
TimeLimit  120
DisplayInterval  1

Optimize a model with 3514 rows, 2563 columns and 13084 nonzeros (Min)
Model fingerprint: 0x6a1ab193
Model has 47 linear objective coefficients
Variable types: 0 continuous, 2563 integer (2562 binary)
Coefficient statistics:
  Matrix range     [1e+00, 2e+01]
  Objective range  [1e+00, 1e+00]
  Bounds range     [1e+00, 1e+00]
  RHS range        [1e+00, 2e+01]

Presolve removed 1941 rows and 1082 columns
Presolve time: 0.03s
Presolved: 1573 rows, 1481 columns, 9152 nonzeros
Variable types: 0 continuous, 1481 integer (1480 binary)
Found heuristic solution: objective 33.0000000

Root relaxation: objective 6.302801e+00, 1604 iterations, 0.04 seconds (0.07 work units)

    Nodes    |    Current Node    |     Objective Bounds      |     Work
 Expl Unexpl |  Obj  Depth IntInf | Incumbent    BestBd   Gap | It/Node Time

     0     0    6.30280    0  342   33.00000    6.30280  80.9%     -    0s
H    0     0                      31.0000000    6.30280  79.7%     -    0s
H    0     0                      30.0000000    6.30280  79.0%     -    0s
     0     0    9.08872    0  351   30.00000    9.08872  69.7%     -    0s
     0     0    9.12683    0  429   30.00000    9.12683  69.6%     -    0s
     0     0    9.12683    0  423   30.00000    9.12683  69.6%     -    0s
H    0     0                      27.0000000   10.95254  59.4%     -    0s
     0     0   10.96316    0  491   27.00000   10.96316  59.4%     -    0s
H    0     0                      26.0000000   10.96316  57.8%     -    0s
     0     0   10.96316    0  444   26.00000   10.96316  57.8%     -    0s
H    0     0                      23.0000000   11.44227  50.3%     -    0s
     0     0   11.55369    0  453   23.00000   11.55369  49.8%     -    0s
     0     0   11.55369    0  437   23.00000   11.55369  49.8%     -    0s
     0     0   11.86732    0  464   23.00000   11.86732  48.4%     -    0s
     0     0   11.87958    0  447   23.00000   11.87958  48.3%     -    0s
     0     0   11.88213    0  455   23.00000   11.88213  48.3%     -    0s
H    0     0                      22.0000000   11.97605  45.6%     -    0s
     0     0   12.00000    0  427   22.00000   12.00000  45.5%     -    0s
     0     0   12.00000    0  415   22.00000   12.00000  45.5%     -    0s
H    0     0                      20.0000000   12.00000  40.0%     -    0s
     0     0   13.00000    0  368   20.00000   13.00000  35.0%     -    0s
     0     0   13.00000    0  352   20.00000   13.00000  35.0%     -    0s
     0     0   13.00000    0  375   20.00000   13.00000  35.0%     -    0s
     0     0   13.00000    0  441   20.00000   13.00000  35.0%     -    1s
     0     0   13.00000    0  469   20.00000   13.00000  35.0%     -    1s
     0     0   13.00000    0  438   20.00000   13.00000  35.0%     -    1s
     0     0   13.00000    0  438   20.00000   13.00000  35.0%     -    1s
     0     0   13.00000    0  438   20.00000   13.00000  35.0%     -    1s
H    0     0                      19.0000000   13.00000  31.6%     -    1s
H    0     0                      18.0000000   13.00000  27.8%     -    1s
     0     0   13.00000    0  303   18.00000   13.00000  27.8%     -    1s
     0     0   13.00000    0  453   18.00000   13.00000  27.8%     -    1s
     0     0   13.00000    0  446   18.00000   13.00000  27.8%     -    2s
     0     0   13.00000    0  407   18.00000   13.00000  27.8%     -    2s
     0     0   13.00000    0  409   18.00000   13.00000  27.8%     -    2s
     0     0   13.00000    0  439   18.00000   13.00000  27.8%     -    2s
     0     0   13.00000    0  433   18.00000   13.00000  27.8%     -    2s
H    0     0                      17.0000000   13.00000  23.5%     -    2s
     0     0   13.00000    0  407   17.00000   13.00000  23.5%     -    2s
     0     0   13.00000    0  422   17.00000   13.00000  23.5%     -    2s
     0     0   13.00000    0  402   17.00000   13.00000  23.5%     -    2s
     0     0   13.00000    0  402   17.00000   13.00000  23.5%     -    2s
     0     0   13.00000    0  399   17.00000   13.00000  23.5%     -    2s
     0     2   13.00000    0  399   17.00000   13.00000  23.5%     -    3s
   542   331   16.00000   10  303   17.00000   13.04487  23.3%   332    4s
H  681   366                      16.0000000   13.09298  18.2%   305    4s
  1956   610   14.41333   12  212   16.00000   13.26085  17.1%   267    5s
  3553   809   14.00000   10  192   16.00000   14.00000  12.5%   258    6s
  5031   932     cutoff   13        16.00000   14.00000  12.5%   264    7s
  6680  1092 infeasible   18        16.00000   14.00000  12.5%   272    8s
  8616  1015     cutoff   18        16.00000   14.16411  11.5%   272    9s
 11342   477   15.00000   10  200   16.00000   14.42409  9.85%   254   10s
 13980   452   15.00000   18  279   16.00000   15.00000  6.25%   249   11s
 14111   455   15.00000   13  190   16.00000   15.00000  6.25%   249   12s
 14859   499 infeasible   12        16.00000   15.00000  6.25%   248   13s
 17891   464   15.00000   25  438   16.00000   15.00000  6.25%   247   14s
 17898   469   15.00000   21  358   16.00000   15.00000  6.25%   247   15s
 17913   484   15.00000   11  275   16.00000   15.00000  6.25%   248   16s
 18384   547     cutoff   23        16.00000   15.00000  6.25%   255   17s
 18698   488     cutoff   27        16.00000   15.00000  6.25%   259   18s
 19181   480     cutoff   23        16.00000   15.00000  6.25%   266   19s
 19903   566     cutoff   30        16.00000   15.00000  6.25%   274   20s
 20726   696   15.00000   39  319   16.00000   15.00000  6.25%   285   21s
 21077   772   15.00000   46  350   16.00000   15.00000  6.25%   288   22s
 21958   969   15.00000   32  290   16.00000   15.00000  6.25%   293   23s
 22672  1116   15.00000   34  463   16.00000   15.00000  6.25%   298   24s
 24090  1245     cutoff   34        16.00000   15.00000  6.25%   304   25s
 26319  1036     cutoff   23        16.00000   15.00000  6.25%   311   26s
 28485   839   15.00000   26  266   16.00000   15.00000  6.25%   314   27s
 29936  1123 infeasible   34        16.00000   15.00000  6.25%   320   28s
 31207  1055   15.00000   31  276   16.00000   15.00000  6.25%   327   29s
 33342   839 infeasible   40        16.00000   15.00000  6.25%   338   30s
 34317   732   15.00000   49  227   16.00000   15.00000  6.25%   342   31s
 36628   189 infeasible   28        16.00000   15.00000  6.25%   352   32s
 37934    66   15.00000   37  238   16.00000   15.00000  6.25%   357   33s
 38676     0 infeasible   35        16.00000   15.00000  6.25%   359   34s

Cutting planes:
  Gomory: 2
  Clique: 29
  Inf proof: 1
  Zero half: 9
  RLT: 17

Explored 38721 nodes (13968769 simplex iterations) in 34.12 seconds (99.39 work units)
Thread count was 24 (of 48 available processors)

Solution count 10: 16 16 17 ... 22

Optimal solution found (tolerance 1.00e-04)
Best objective 1.600000000000e+01, best bound 1.600000000000e+01, gap 0.0000%

Gurobi 13.0.1 (linux64) logging started Mon Apr  6 17:31:33 2026

Set parameter LogFile to value "gurobi.log"
Set parameter LogToConsole to value 1
Set parameter DisplayInterval to value 1
Set parameter TimeLimit to value 120
Gurobi Optimizer version 13.0.1 build v13.0.1rc0 (linux64 - "Red Hat Enterprise Linux 8.10 (Ootpa)")

CPU model: AMD EPYC 9275F 24-Core Processor, instruction set [SSE2|AVX|AVX2|AVX512]
Thread count: 24 physical cores, 48 logical processors, using up to 24 threads

Non-default parameters:
TimeLimit  120
DisplayInterval  1

Optimize a model with 3514 rows, 2516 columns and 13037 nonzeros (Min)
Model fingerprint: 0x56a63335
Model has 47 linear objective coefficients
Variable types: 0 continuous, 2516 integer (2515 binary)
Coefficient statistics:
  Matrix range     [1e+00, 2e+01]
  Objective range  [1e+00, 1e+00]
  Bounds range     [1e+00, 1e+00]
  RHS range        [1e+00, 2e+01]

Presolve removed 1688 rows and 804 columns
Presolve time: 0.02s
Presolved: 1826 rows, 1712 columns, 9379 nonzeros
Variable types: 0 continuous, 1712 integer (1711 binary)
Found heuristic solution: objective 33.0000000

Root relaxation: objective 6.302801e+00, 1808 iterations, 0.04 seconds (0.09 work units)

    Nodes    |    Current Node    |     Objective Bounds      |     Work
 Expl Unexpl |  Obj  Depth IntInf | Incumbent    BestBd   Gap | It/Node Time

     0     0    6.30280    0  431   33.00000    6.30280  80.9%     -    0s
H    0     0                      31.0000000    6.30280  79.7%     -    0s
     0     0    9.08872    0  419   31.00000    9.08872  70.7%     -    0s
H    0     0                      30.0000000    9.12683  69.6%     -    0s
H    0     0                      29.0000000    9.12683  68.5%     -    0s
     0     0    9.12683    0  528   29.00000    9.12683  68.5%     -    0s
     0     0    9.12683    0  503   29.00000    9.12683  68.5%     -    0s
H    0     0                      27.0000000   10.96430  59.4%     -    0s
     0     0   10.96430    0  612   27.00000   10.96430  59.4%     -    0s
     0     0   11.07567    0  598   27.00000   11.07567  59.0%     -    0s
H    0     0                      24.0000000   11.07567  53.9%     -    0s
H    0     0                      22.0000000   11.44227  48.0%     -    0s
     0     0   11.44227    0  476   22.00000   11.44227  48.0%     -    0s
     0     0   12.39848    0  578   22.00000   12.39848  43.6%     -    0s
     0     0   12.39848    0  571   22.00000   12.39848  43.6%     -    0s
H    0     0                      21.0000000   13.00000  38.1%     -    0s
     0     0   13.00000    0  483   21.00000   13.00000  38.1%     -    0s
H    0     0                      20.0000000   13.00000  35.0%     -    0s
     0     0   13.00000    0  518   20.00000   13.00000  35.0%     -    0s
     0     0   13.00000    0  542   20.00000   13.00000  35.0%     -    1s
     0     0   13.00000    0  526   20.00000   13.00000  35.0%     -    1s
     0     0   13.00000    0  551   20.00000   13.00000  35.0%     -    1s
     0     0   13.00000    0  484   20.00000   13.00000  35.0%     -    1s
     0     0   13.00000    0  484   20.00000   13.00000  35.0%     -    1s
     0     0   13.00000    0  479   20.00000   13.00000  35.0%     -    1s
     0     0   13.00000    0  479   20.00000   13.00000  35.0%     -    2s
     0     0   13.00000    0  376   20.00000   13.00000  35.0%     -    2s
     0     0   13.00000    0  504   20.00000   13.00000  35.0%     -    2s
     0     0   13.00000    0  526   20.00000   13.00000  35.0%     -    2s
     0     0   13.00000    0  488   20.00000   13.00000  35.0%     -    2s
H    0     0                      19.0000000   13.00000  31.6%     -    2s
     0     0   13.00000    0  476   19.00000   13.00000  31.6%     -    2s
     0     0   13.00000    0  531   19.00000   13.00000  31.6%     -    3s
     0     0   13.00000    0  506   19.00000   13.00000  31.6%     -    3s
     0     0   13.00000    0  513   19.00000   13.00000  31.6%     -    3s
     0     0   13.00000    0  503   19.00000   13.00000  31.6%     -    3s
     0     0   13.00000    0  483   19.00000   13.00000  31.6%     -    3s
H    0     0                      18.0000000   13.00000  27.8%     -    3s
     0     0   13.00000    0  483   18.00000   13.00000  27.8%     -    3s
     0     0   13.00000    0  483   18.00000   13.00000  27.8%     -    4s
     0     0   13.00000    0  312   18.00000   13.00000  27.8%     -    4s
     0     0   13.00000    0  538   18.00000   13.00000  27.8%     -    4s
     0     0   13.00000    0  542   18.00000   13.00000  27.8%     -    4s
     0     0   13.00000    0  486   18.00000   13.00000  27.8%     -    4s
     0     0   13.00000    0  469   18.00000   13.00000  27.8%     -    4s
     0     0   13.00000    0  516   18.00000   13.00000  27.8%     -    5s
     0     0   13.00000    0  488   18.00000   13.00000  27.8%     -    5s
     0     0   13.00000    0  509   18.00000   13.00000  27.8%     -    5s
     0     0   13.00047    0  662   18.00000   13.00047  27.8%     -    5s
     0     0   13.00047    0  659   18.00000   13.00047  27.8%     -    5s
     0     0   13.00047    0  658   18.00000   13.00047  27.8%     -    5s
     0     0   13.00511    0  638   18.00000   13.00511  27.7%     -    5s
     0     0   13.00599    0  620   18.00000   13.00599  27.7%     -    5s
     0     0   13.01419    0  602   18.00000   13.01419  27.7%     -    5s
     0     0   13.01491    0  603   18.00000   13.01491  27.7%     -    5s
     0     0   13.02503    0  613   18.00000   13.02503  27.6%     -    5s
     0     0   13.02544    0  606   18.00000   13.02544  27.6%     -    5s
     0     0   13.03199    0  625   18.00000   13.03199  27.6%     -    5s
     0     0   13.03206    0  614   18.00000   13.03206  27.6%     -    5s
     0     0   13.04018    0  618   18.00000   13.04018  27.6%     -    5s
     0     0   13.04133    0  622   18.00000   13.04133  27.5%     -    5s
     0     0   13.04349    0  670   18.00000   13.04349  27.5%     -    6s
     0     0   13.04379    0  676   18.00000   13.04379  27.5%     -    6s
     0     0   13.04654    0  675   18.00000   13.04654  27.5%     -    6s
     0     0   13.04753    0  646   18.00000   13.04753  27.5%     -    6s
     0     0   13.05248    0  653   18.00000   13.05248  27.5%     -    6s
     0     0   13.05268    0  653   18.00000   13.05268  27.5%     -    6s
     0     0   13.05964    0  670   18.00000   13.05964  27.4%     -    6s
     0     0   13.06014    0  672   18.00000   13.06014  27.4%     -    6s
     0     0   13.06283    0  664   18.00000   13.06283  27.4%     -    6s
     0     0   13.06307    0  668   18.00000   13.06307  27.4%     -    6s
     0     0   13.06475    0  680   18.00000   13.06475  27.4%     -    6s
     0     0   13.06545    0  674   18.00000   13.06545  27.4%     -    6s
     0     0   13.06646    0  657   18.00000   13.06646  27.4%     -    6s
     0     0   13.06652    0  687   18.00000   13.06652  27.4%     -    6s
     0     0   13.06736    0  679   18.00000   13.06736  27.4%     -    6s
     0     0   13.06749    0  679   18.00000   13.06749  27.4%     -    6s
     0     0   13.06749    0  665   18.00000   13.06749  27.4%     -    6s
     0     0   13.06749    0  665   18.00000   13.06749  27.4%     -    6s
     0     0   13.06749    0  663   18.00000   13.06749  27.4%     -    6s
     0     2   13.06749    0  660   18.00000   13.06749  27.4%     -    6s
     7    16   13.86500    3  431   18.00000   13.17660  26.8%  1102    7s
H  106   136                      17.0000000   13.22210  22.2%   949    7s
   481   306   14.66706   13  445   17.00000   13.27339  21.9%   497    8s
H  805   394                      16.0000000   13.30681  16.8%   431    8s
  1032   400     cutoff   12        16.00000   13.36867  16.4%   428    9s
  1503   502   14.79545   25  282   16.00000   13.42833  16.1%   433   10s
  1944   579   14.20844   11  483   16.00000   13.49560  15.7%   437   11s
  2775   678   13.80728   18  361   16.00000   13.80728  13.7%   434   12s
  3500   694     cutoff   17        16.00000   14.20766  11.2%   426   13s
  4402   604     cutoff   35        16.00000   14.37160  10.2%   413   14s
  5657   197 infeasible   13        16.00000   14.62313  8.61%   394   15s
  6483    62   15.00000   10  361   16.00000   15.00000  6.25%   394   16s
  7098    13 infeasible   29        16.00000   15.00000  6.25%   397   17s

Cutting planes:
  Gomory: 4
  Cover: 2
  Implied bound: 3
  Clique: 153
  MIR: 14
  Zero half: 49
  RLT: 171
  Relax-and-lift: 8

Explored 7282 nodes (2990443 simplex iterations) in 17.72 seconds (42.26 work units)
Thread count was 24 (of 48 available processors)

Solution count 10: 16 17 18 ... 21

Optimal solution found (tolerance 1.00e-04)
Best objective 1.600000000000e+01, best bound 1.600000000000e+01, gap 0.0000%

Gurobi 13.0.1 (linux64) logging started Mon Apr  6 17:37:27 2026

Set parameter LogFile to value "gurobi.log"
Set parameter LogToConsole to value 1
Set parameter DisplayInterval to value 1
Set parameter TimeLimit to value 120
Gurobi Optimizer version 13.0.1 build v13.0.1rc0 (linux64 - "Red Hat Enterprise Linux 8.10 (Ootpa)")

CPU model: AMD EPYC 9275F 24-Core Processor, instruction set [SSE2|AVX|AVX2|AVX512]
Thread count: 24 physical cores, 48 logical processors, using up to 24 threads

Non-default parameters:
TimeLimit  120
DisplayInterval  1

Optimize a model with 3083 rows, 2258 columns and 11443 nonzeros (Min)
Model fingerprint: 0x02f5d418
Model has 43 linear objective coefficients
Variable types: 0 continuous, 2258 integer (2257 binary)
Coefficient statistics:
  Matrix range     [1e+00, 2e+01]
  Objective range  [1e+00, 1e+00]
  Bounds range     [1e+00, 1e+00]
  RHS range        [1e+00, 2e+01]

Presolve removed 1439 rows and 738 columns
Presolve time: 0.02s
Presolved: 1644 rows, 1520 columns, 8240 nonzeros
Variable types: 0 continuous, 1520 integer (1519 binary)
Found heuristic solution: objective 29.0000000

Root relaxation: objective 4.400577e+00, 1534 iterations, 0.04 seconds (0.07 work units)

    Nodes    |    Current Node    |     Objective Bounds      |     Work
 Expl Unexpl |  Obj  Depth IntInf | Incumbent    BestBd   Gap | It/Node Time

     0     0    4.40058    0  388   29.00000    4.40058  84.8%     -    0s
H    0     0                      28.0000000    4.40058  84.3%     -    0s
     0     0    6.61136    0  483   28.00000    6.61136  76.4%     -    0s
     0     0    7.00000    0  450   28.00000    7.00000  75.0%     -    0s
     0     0    7.00000    0  405   28.00000    7.00000  75.0%     -    0s
H    0     0                      20.0000000    7.94336  60.3%     -    0s
     0     0    7.96674    0  503   20.00000    7.96674  60.2%     -    0s
     0     0    8.59524    0  491   20.00000    8.59524  57.0%     -    0s
     0     0   10.00000    0  487   20.00000   10.00000  50.0%     -    0s
H    0     0                      19.0000000   10.00000  47.4%     -    0s
     0     0   10.00000    0  489   19.00000   10.00000  47.4%     -    0s
     0     0   10.00000    0  569   19.00000   10.00000  47.4%     -    0s
     0     0   10.00000    0  569   19.00000   10.00000  47.4%     -    0s
     0     0   10.00000    0  506   19.00000   10.00000  47.4%     -    0s
H    0     0                      18.0000000   10.00000  44.4%     -    1s
     0     0   10.00000    0  500   18.00000   10.00000  44.4%     -    1s
     0     0   10.00000    0  497   18.00000   10.00000  44.4%     -    1s
     0     0   10.00000    0  478   18.00000   10.00000  44.4%     -    1s
H    0     0                      17.0000000   10.00000  41.2%     -    1s
     0     0   10.00000    0  509   17.00000   10.00000  41.2%     -    1s
     0     0   10.00000    0  502   17.00000   10.00000  41.2%     -    1s
     0     0   10.00000    0  498   17.00000   10.00000  41.2%     -    1s
     0     0   10.00000    0  471   17.00000   10.00000  41.2%     -    1s
     0     0   10.00000    0  465   17.00000   10.00000  41.2%     -    1s
     0     0   10.00000    0  514   17.00000   10.00000  41.2%     -    1s
     0     0   10.00000    0  439   17.00000   10.00000  41.2%     -    2s
     0     0   10.00000    0  477   17.00000   10.00000  41.2%     -    2s
     0     0   10.00000    0  503   17.00000   10.00000  41.2%     -    2s
     0     0   10.00000    0  447   17.00000   10.00000  41.2%     -    2s
     0     0   10.00000    0  447   17.00000   10.00000  41.2%     -    2s
     0     0   10.00000    0  447   17.00000   10.00000  41.2%     -    2s
     0     0   10.00000    0  447   17.00000   10.00000  41.2%     -    2s
     0     2   10.00000    0  447   17.00000   10.00000  41.2%     -    2s
    15    30   11.17305    4  297   17.00000   10.00000  41.2%   698    3s
H  172   145                      16.0000000   10.00000  37.5%   387    3s
H  358   275                      15.0000000   10.00000  33.3%   313    3s
   823   448   13.00000   16  243   15.00000   10.00108  33.3%   250    4s
H  931   492                      14.0000000   10.03586  28.3%   249    4s
  2229   825     cutoff   16        14.00000   11.00000  21.4%   236    5s
  3847  1105   12.78614   20  266   14.00000   11.00000  21.4%   242    6s
  5834  1240   11.33333   18  274   14.00000   11.00000  21.4%   242    7s
  8655  1251   12.35808   28  243   14.00000   11.04669  21.1%   232    8s
 10438  1213   13.00000   18  437   14.00000   12.00000  14.3%   233    9s
 10445  1218   12.56000   25  454   14.00000   12.00000  14.3%   233   10s
 10904  1263   12.00000   20  383   14.00000   12.00000  14.3%   238   11s
 11599  1268   12.47826   27  183   14.00000   12.00000  14.3%   236   12s
 13235  1058     cutoff   22        14.00000   12.00000  14.3%   235   13s
 13743   963     cutoff   39        14.00000   12.00000  14.3%   235   14s
 13981   952   12.00000   29  313   14.00000   12.00000  14.3%   235   15s
 15976  1260   12.33333   29  261   14.00000   12.00000  14.3%   234   16s
 18744  1195   13.00000   28  281   14.00000   12.00000  14.3%   230   17s
 19121  1152   12.38078   29  251   14.00000   12.00000  14.3%   229   18s
 19486  1128   12.66667   30  184   14.00000   12.00000  14.3%   228   19s
 20175  1168     cutoff   30        14.00000   12.00000  14.3%   226   20s
 21533  1281     cutoff   21        14.00000   12.00000  14.3%   224   21s
 22421  1368 infeasible   34        14.00000   12.00000  14.3%   223   22s
 25719  1816   13.00000   38  179   14.00000   12.00000  14.3%   219   23s
 28335  2085   12.80083   33  299   14.00000   12.00000  14.3%   220   24s
 31651  2380   13.00000   30  270   14.00000   12.00000  14.3%   221   25s
 35387  2713   12.23431   48  336   14.00000   12.00000  14.3%   222   26s
 38453  2910   12.75000   23  231   14.00000   12.00000  14.3%   223   27s
 40967  2630     cutoff   35        14.00000   12.00000  14.3%   223   28s
 44882  1247   13.00000   45  272   14.00000   12.28571  12.2%   221   29s
 48278   530     cutoff   27        14.00000   13.00000  7.14%   219   30s
 51313   180 infeasible   52        14.00000   13.00000  7.14%   219   31s
 53561    16 infeasible   46        14.00000   13.00000  7.14%   219   32s

Cutting planes:
  Gomory: 1
  Cover: 1
  Clique: 17
  Inf proof: 3
  Zero half: 1

Explored 54189 nodes (11920388 simplex iterations) in 32.49 seconds (97.77 work units)
Thread count was 24 (of 48 available processors)

Solution count 10: 14 14 15 ... 20

Optimal solution found (tolerance 1.00e-04)
Best objective 1.400000000000e+01, best bound 1.400000000000e+01, gap 0.0000%

Gurobi 13.0.1 (linux64) logging started Mon Apr  6 17:41:16 2026

Set parameter LogFile to value "gurobi.log"
Set parameter LogToConsole to value 1
Set parameter DisplayInterval to value 1
Set parameter TimeLimit to value 120
Gurobi Optimizer version 13.0.1 build v13.0.1rc0 (linux64 - "Red Hat Enterprise Linux 8.10 (Ootpa)")

CPU model: AMD EPYC 9275F 24-Core Processor, instruction set [SSE2|AVX|AVX2|AVX512]
Thread count: 24 physical cores, 48 logical processors, using up to 24 threads

Non-default parameters:
TimeLimit  120
DisplayInterval  1

Optimize a model with 3041 rows, 2237 columns and 10939 nonzeros (Min)
Model fingerprint: 0x0c3c0795
Model has 1 linear objective coefficients
Variable types: 0 continuous, 2237 integer (2236 binary)
Coefficient statistics:
  Matrix range     [1e+00, 2e+01]
  Objective range  [1e+00, 1e+00]
  Bounds range     [1e+00, 1e+00]
  RHS range        [1e+00, 2e+01]

Presolve removed 1439 rows and 738 columns
Presolve time: 0.01s
Presolved: 1602 rows, 1499 columns, 7736 nonzeros
Variable types: 0 continuous, 1499 integer (1498 binary)

Root relaxation: objective 4.400577e+00, 1523 iterations, 0.03 seconds (0.07 work units)

    Nodes    |    Current Node    |     Objective Bounds      |     Work
 Expl Unexpl |  Obj  Depth IntInf | Incumbent    BestBd   Gap | It/Node Time

     0     0    4.40058    0  385          -    4.40058      -     -    0s
     0     0    6.53916    0  518          -    6.53916      -     -    0s
     0     0    7.00000    0  473          -    7.00000      -     -    0s
H    0     0                      21.0000000    7.00000  66.7%     -    0s
     0     0    7.00000    0  467   21.00000    7.00000  66.7%     -    0s
     0     0    7.92330    0  514   21.00000    7.92330  62.3%     -    0s
     0     0    8.00000    0  505   21.00000    8.00000  61.9%     -    0s
     0     0    8.00000    0  493   21.00000    8.00000  61.9%     -    0s
     0     0    9.00000    0  483   21.00000    9.00000  57.1%     -    0s
     0     0    9.00000    0  448   21.00000    9.00000  57.1%     -    0s
     0     0    9.90541    0  487   21.00000    9.90541  52.8%     -    0s
     0     0   11.00000    0  478   21.00000   11.00000  47.6%     -    0s
     0     0   12.08181    0  424   21.00000   12.08181  42.5%     -    0s
     0     0   12.08181    0  403   21.00000   12.08181  42.5%     -    0s
     0     0   13.00000    0  397   21.00000   13.00000  38.1%     -    0s
     0     0   13.00000    0  277   21.00000   13.00000  38.1%     -    1s
H    0     0                      20.0000000   13.00000  35.0%     -    1s
     0     0   13.00000    0  291   20.00000   13.00000  35.0%     -    1s
     0     0   13.00000    0  331   20.00000   13.00000  35.0%     -    1s
     0     0   13.00000    0  348   20.00000   13.00000  35.0%     -    1s
     0     0   13.00000    0  350   20.00000   13.00000  35.0%     -    1s
     0     0   13.00000    0  205   20.00000   13.00000  35.0%     -    1s
     0     0   13.00000    0  322   20.00000   13.00000  35.0%     -    1s
H    0     0                      19.0000000   13.00000  31.6%     -    1s
     0     0   13.00000    0  392   19.00000   13.00000  31.6%     -    1s
     0     0   13.00000    0  318   19.00000   13.00000  31.6%     -    1s
H    0     0                      17.0000000   13.00000  23.5%     -    1s
     0     0   13.00000    0  317   17.00000   13.00000  23.5%     -    1s
     0     0   13.00000    0  221   17.00000   13.00000  23.5%     -    1s
     0     0   13.00000    0  304   17.00000   13.00000  23.5%     -    1s
     0     0   13.00000    0  313   17.00000   13.00000  23.5%     -    1s
     0     0   13.00000    0  289   17.00000   13.00000  23.5%     -    1s
     0     0   13.00000    0  333   17.00000   13.00000  23.5%     -    1s
     0     0   13.00000    0  261   17.00000   13.00000  23.5%     -    1s
     0     0   13.00000    0  250   17.00000   13.00000  23.5%     -    1s
     0     0   13.00000    0  322   17.00000   13.00000  23.5%     -    2s
     0     0   13.00000    0  186   17.00000   13.00000  23.5%     -    2s
     0     0   13.00000    0  198   17.00000   13.00000  23.5%     -    2s
     0     0   13.00000    0  241   17.00000   13.00000  23.5%     -    2s
     0     0   13.00000    0  118   17.00000   13.00000  23.5%     -    2s
     0     0   13.00000    0  237   17.00000   13.00000  23.5%     -    2s
     0     0   13.00000    0  331   17.00000   13.00000  23.5%     -    2s
     0     0   13.00000    0  272   17.00000   13.00000  23.5%     -    2s
H    0     0                      16.0000000   13.00000  18.8%     -    2s
     0     0   13.00000    0  250   16.00000   13.00000  18.8%     -    2s
     0     0   13.00000    0  283   16.00000   13.00000  18.8%     -    2s
     0     0   13.00000    0  169   16.00000   13.00000  18.8%     -    2s
     0     0   13.00000    0  242   16.00000   13.00000  18.8%     -    2s
     0     0   13.00000    0  288   16.00000   13.00000  18.8%     -    2s
     0     0   13.00000    0  259   16.00000   13.00000  18.8%     -    2s
     0     0   13.00000    0  259   16.00000   13.00000  18.8%     -    2s
     0     0   13.00000    0  259   16.00000   13.00000  18.8%     -    2s
     0     2   13.00000    0  259   16.00000   13.00000  18.8%     -    2s
    31    47   13.00000    5  292   16.00000   13.00000  18.8%   569    3s
   699   343 infeasible   22        16.00000   13.00000  18.8%   301    4s
  1353   526   13.00000   28  267   16.00000   13.00000  18.8%   264    5s
  2785   940   15.00000   22  237   16.00000   13.00000  18.8%   262    6s
  4493  1284   14.00000   21  342   16.00000   13.00000  18.8%   273    7s
  6211  1501   14.00000   14  298   16.00000   13.00000  18.8%   280    8s
  7440  1660   15.00000   10  278   16.00000   13.00000  18.8%   282    9s
  7449  1666   14.00000   25   84   16.00000   13.00000  18.8%   282   10s
  7459  1672   14.00000   26  231   16.00000   13.00000  18.8%   281   11s
  7908  1743   15.00000   29  219   16.00000   13.00000  18.8%   294   12s
  8441  1703   13.00000   20  299   16.00000   13.00000  18.8%   300   13s
  9020  1635 infeasible   30        16.00000   13.00000  18.8%   304   14s
  9420  1590   14.33333   33  262   16.00000   13.00000  18.8%   310   15s
  9839  1560   15.00000   37  254   16.00000   13.00000  18.8%   313   16s
 10386  1477   14.13158   22  289   16.00000   13.00000  18.8%   314   17s
 11161  1316     cutoff   26        16.00000   13.00000  18.8%   319   18s
 12255  1027 infeasible   27        16.00000   13.00000  18.8%   319   19s
 13215  1012   14.00000   33  257   16.00000   14.00000  12.5%   318   20s
 14083  1006   14.00000   29  269   16.00000   14.00000  12.5%   316   21s
 15816   923 infeasible   43        16.00000   14.00000  12.5%   313   22s
 17333   503   15.00000   24  205   16.00000   15.00000  6.25%   306   23s
 20317    55 infeasible   29        16.00000   15.00000  6.25%   298   24s

Cutting planes:
  Cover: 84
  Clique: 35
  MIR: 5
  Flow cover: 21
  Inf proof: 11
  Zero half: 22
  RLT: 139
  BQP: 42

Explored 21074 nodes (6309274 simplex iterations) in 24.64 seconds (65.64 work units)
Thread count was 24 (of 48 available processors)

Solution count 5: 16 17 19 ... 21

Optimal solution found (tolerance 1.00e-04)
Best objective 1.600000000000e+01, best bound 1.600000000000e+01, gap 0.0000%

Gurobi 13.0.1 (linux64) logging started Mon Apr  6 17:42:17 2026

Set parameter LogFile to value "gurobi.log"
Set parameter LogToConsole to value 1
Set parameter DisplayInterval to value 1
Set parameter TimeLimit to value 120
Gurobi Optimizer version 13.0.1 build v13.0.1rc0 (linux64 - "Red Hat Enterprise Linux 8.10 (Ootpa)")

CPU model: AMD EPYC 9275F 24-Core Processor, instruction set [SSE2|AVX|AVX2|AVX512]
Thread count: 24 physical cores, 48 logical processors, using up to 24 threads

Non-default parameters:
TimeLimit  120
DisplayInterval  1

Optimize a model with 3041 rows, 2194 columns and 10896 nonzeros (Min)
Model fingerprint: 0x503c5d46
Model has 1 linear objective coefficients
Variable types: 0 continuous, 2194 integer (2193 binary)
Coefficient statistics:
  Matrix range     [1e+00, 2e+01]
  Objective range  [1e+00, 1e+00]
  Bounds range     [1e+00, 1e+00]
  RHS range        [1e+00, 2e+01]

Presolve removed 1499 rows and 715 columns
Presolve time: 0.01s
Presolved: 1542 rows, 1479 columns, 7636 nonzeros
Variable types: 0 continuous, 1479 integer (1478 binary)

Root relaxation: objective 4.400577e+00, 1426 iterations, 0.03 seconds (0.06 work units)

    Nodes    |    Current Node    |     Objective Bounds      |     Work
 Expl Unexpl |  Obj  Depth IntInf | Incumbent    BestBd   Gap | It/Node Time

     0     0    4.40058    0  360          -    4.40058      -     -    0s
     0     0    6.53916    0  443          -    6.53916      -     -    0s
     0     0    7.00000    0  436          -    7.00000      -     -    0s
     0     0    7.00000    0  443          -    7.00000      -     -    0s
     0     0    7.79999    0  478          -    7.79999      -     -    0s
     0     0    8.00000    0  454          -    8.00000      -     -    0s
     0     0    8.00000    0  467          -    8.00000      -     -    0s
     0     0    9.00000    0  471          -    9.00000      -     -    0s
     0     0    9.00000    0  463          -    9.00000      -     -    0s
H    0     0                      21.0000000   10.16823  51.6%     -    0s
     0     0   12.00000    0  509   21.00000   12.00000  42.9%     -    0s
     0     0   13.00000    0  440   21.00000   13.00000  38.1%     -    0s
     0     0   13.00000    0  423   21.00000   13.00000  38.1%     -    0s
     0     0   13.00000    0  431   21.00000   13.00000  38.1%     -    0s
     0     0   13.00000    0  420   21.00000   13.00000  38.1%     -    0s
H    0     0                      19.0000000   13.00000  31.6%     -    0s
     0     0   13.00000    0  421   19.00000   13.00000  31.6%     -    0s
     0     0   13.00000    0  394   19.00000   13.00000  31.6%     -    0s
     0     0   13.00000    0  397   19.00000   13.00000  31.6%     -    0s
     0     0   13.00000    0  210   19.00000   13.00000  31.6%     -    1s
     0     0   13.00000    0  364   19.00000   13.00000  31.6%     -    1s
     0     0   13.00000    0  372   19.00000   13.00000  31.6%     -    1s
     0     0   13.00000    0  230   19.00000   13.00000  31.6%     -    1s
     0     0   13.00000    0  230   19.00000   13.00000  31.6%     -    1s
     0     0   13.00000    0  192   19.00000   13.00000  31.6%     -    1s
     0     0   13.00000    0  286   19.00000   13.00000  31.6%     -    1s
     0     0   13.00000    0  298   19.00000   13.00000  31.6%     -    1s
     0     0   13.00000    0  284   19.00000   13.00000  31.6%     -    1s
     0     0   13.00000    0  302   19.00000   13.00000  31.6%     -    1s
     0     0   13.00000    0  194   19.00000   13.00000  31.6%     -    1s
     0     0   13.00000    0  177   19.00000   13.00000  31.6%     -    1s
     0     0   13.00000    0  222   19.00000   13.00000  31.6%     -    1s
     0     0   13.00000    0   92   19.00000   13.00000  31.6%     -    1s
     0     0   13.00000    0  352   19.00000   13.00000  31.6%     -    1s
     0     0   13.00000    0  349   19.00000   13.00000  31.6%     -    1s
     0     0   13.00000    0  334   19.00000   13.00000  31.6%     -    1s
     0     0   13.00000    0  295   19.00000   13.00000  31.6%     -    2s
     0     0   13.00000    0  306   19.00000   13.00000  31.6%     -    2s
     0     0   13.00000    0  306   19.00000   13.00000  31.6%     -    2s
     0     0   13.00000    0  311   19.00000   13.00000  31.6%     -    2s
     0     0   13.00000    0  337   19.00000   13.00000  31.6%     -    2s
     0     0   13.00000    0  288   19.00000   13.00000  31.6%     -    2s
     0     0   13.00000    0  288   19.00000   13.00000  31.6%     -    2s
     0     0   13.00000    0  288   19.00000   13.00000  31.6%     -    2s
H    0     2                      18.0000000   13.00000  27.8%     -    2s
     0     2   13.00000    0  288   18.00000   13.00000  27.8%     -    2s
   295   202   17.00000   11  226   18.00000   13.00000  27.8%   441    3s
H  420   239                      17.0000000   13.00000  23.5%   392    3s
  1430   480   15.00000   11  250   17.00000   13.00000  23.5%   298    4s
  1775   570   13.09091   16  359   17.00000   13.00000  23.5%   305    5s
  2316   688   16.00000   24  284   17.00000   13.00000  23.5%   304    6s
  2825   796 infeasible   28        17.00000   13.00000  23.5%   306    7s
  3474   927 infeasible   24        17.00000   13.00000  23.5%   311    8s
  5104  1066 infeasible   18        17.00000   14.00000  17.6%   303    9s
  7091  1054   14.16364   14  380   17.00000   14.00000  17.6%   303   10s
  9623  1037   15.00000   15  311   17.00000   15.00000  11.8%   292   11s
 11822   933   16.00000   19  364   17.00000   15.00000  11.8%   288   12s
 13618   808 infeasible   15        17.00000   15.00000  11.8%   287   13s
 14433   620 infeasible   14        17.00000   15.00000  11.8%   283   14s
 17000   333 infeasible   13        17.00000   16.00000  5.88%   278   15s
 19327    11 infeasible   20        17.00000   16.00000  5.88%   277   16s

Cutting planes:
  Cover: 45
  Implied bound: 1
  Clique: 52
  MIR: 6
  Inf proof: 11
  Zero half: 6
  RLT: 197
  BQP: 2

Explored 19768 nodes (5504073 simplex iterations) in 16.74 seconds (50.94 work units)
Thread count was 24 (of 48 available processors)

Solution count 4: 17 18 19 21 

Optimal solution found (tolerance 1.00e-04)
Best objective 1.700000000000e+01, best bound 1.700000000000e+01, gap 0.0000%

Gurobi 13.0.1 (linux64) logging started Mon Apr  6 17:42:58 2026

Set parameter LogFile to value "gurobi.log"
Set parameter LogToConsole to value 1
Set parameter DisplayInterval to value 1
Set parameter TimeLimit to value 120
Gurobi Optimizer version 13.0.1 build v13.0.1rc0 (linux64 - "Red Hat Enterprise Linux 8.10 (Ootpa)")

CPU model: AMD EPYC 9275F 24-Core Processor, instruction set [SSE2|AVX|AVX2|AVX512]
Thread count: 24 physical cores, 48 logical processors, using up to 24 threads

Non-default parameters:
TimeLimit  120
DisplayInterval  1

Optimize a model with 3468 rows, 2540 columns and 12509 nonzeros (Min)
Model fingerprint: 0xbea16f59
Model has 1 linear objective coefficients
Variable types: 0 continuous, 2540 integer (2539 binary)
Coefficient statistics:
  Matrix range     [1e+00, 2e+01]
  Objective range  [1e+00, 1e+00]
  Bounds range     [1e+00, 1e+00]
  RHS range        [1e+00, 2e+01]

Presolve removed 1941 rows and 1082 columns
Presolve time: 0.03s
Presolved: 1527 rows, 1458 columns, 8577 nonzeros
Variable types: 0 continuous, 1458 integer (1457 binary)

Root relaxation: objective 5.302801e+00, 1572 iterations, 0.04 seconds (0.07 work units)

    Nodes    |    Current Node    |     Objective Bounds      |     Work
 Expl Unexpl |  Obj  Depth IntInf | Incumbent    BestBd   Gap | It/Node Time

     0     0    5.30280    0  397          -    5.30280      -     -    0s
     0     0    8.06421    0  380          -    8.06421      -     -    0s
     0     0    8.12683    0  439          -    8.12683      -     -    0s
     0     0    8.12683    0  411          -    8.12683      -     -    0s
     0     0    9.96316    0  507          -    9.96316      -     -    0s
     0     0    9.96316    0  505          -    9.96316      -     -    0s
H    0     0                      23.0000000    9.96316  56.7%     -    0s
     0     0   10.44227    0  455   23.00000   10.44227  54.6%     -    0s
     0     0   11.00000    0  443   23.00000   11.00000  52.2%     -    0s
     0     0   11.00000    0  394   23.00000   11.00000  52.2%     -    0s
     0     0   12.00913    0  568   23.00000   12.00913  47.8%     -    0s
     0     0   12.40329    0  565   23.00000   12.40329  46.1%     -    0s
     0     0   13.00000    0  511   23.00000   13.00000  43.5%     -    0s
H    0     0                      22.0000000   13.00000  40.9%     -    0s
H    0     0                      21.0000000   13.00000  38.1%     -    0s
     0     0   13.51923    0  466   21.00000   13.51923  35.6%     -    0s
     0     0   14.04931    0  367   21.00000   14.04931  33.1%     -    0s
     0     0   14.04931    0  335   21.00000   14.04931  33.1%     -    0s
     0     0   15.00000    0  360   21.00000   15.00000  28.6%     -    0s
     0     0   15.00000    0  359   21.00000   15.00000  28.6%     -    0s
     0     0   15.00000    0  315   21.00000   15.00000  28.6%     -    0s
H    0     0                      20.0000000   15.00000  25.0%     -    0s
     0     0   15.00000    0  292   20.00000   15.00000  25.0%     -    0s
     0     0   15.00000    0  286   20.00000   15.00000  25.0%     -    0s
     0     0   15.00000    0  244   20.00000   15.00000  25.0%     -    1s
     0     0   15.00000    0  309   20.00000   15.00000  25.0%     -    1s
     0     0   15.00000    0  341   20.00000   15.00000  25.0%     -    1s
     0     0   15.00000    0  231   20.00000   15.00000  25.0%     -    1s
     0     0   15.00000    0  282   20.00000   15.00000  25.0%     -    1s
     0     0   15.00000    0  310   20.00000   15.00000  25.0%     -    1s
     0     0   15.00000    0  258   20.00000   15.00000  25.0%     -    1s
     0     0   15.00000    0  258   20.00000   15.00000  25.0%     -    1s
     0     0   15.00000    0  258   20.00000   15.00000  25.0%     -    1s
     0     0   15.00000    0  168   20.00000   15.00000  25.0%     -    1s
     0     0   15.00000    0  280   20.00000   15.00000  25.0%     -    1s
     0     0   15.00000    0  252   20.00000   15.00000  25.0%     -    1s
     0     0   15.00000    0  285   20.00000   15.00000  25.0%     -    1s
     0     0   15.00000    0  269   20.00000   15.00000  25.0%     -    1s
     0     0   15.00000    0  219   20.00000   15.00000  25.0%     -    1s
     0     0   15.00000    0  298   20.00000   15.00000  25.0%     -    1s
     0     0   15.00000    0  273   20.00000   15.00000  25.0%     -    2s
     0     0   15.00000    0  267   20.00000   15.00000  25.0%     -    2s
     0     0   15.00000    0  229   20.00000   15.00000  25.0%     -    2s
     0     0   15.00000    0  194   20.00000   15.00000  25.0%     -    2s
     0     0   15.00000    0  193   20.00000   15.00000  25.0%     -    2s
     0     0   15.00000    0  193   20.00000   15.00000  25.0%     -    2s
     0     2   15.00000    0  193   20.00000   15.00000  25.0%     -    2s
   843   568   15.00000   18  212   20.00000   15.00000  25.0%   223    3s
  2357   963   16.00000   33  185   20.00000   15.00000  25.0%   194    4s
  3249  1293   15.00000   15  254   20.00000   15.00000  25.0%   203    5s
  3922  1541   18.00000   32  250   20.00000   15.00000  25.0%   211    6s
  5278  1927   16.00000   18  315   20.00000   15.00000  25.0%   223    7s
  5285  1932   16.00000    7  272   20.00000   15.00000  25.0%   222    8s
  5295  1938   16.00000   30  278   20.00000   15.00000  25.0%   222    9s
  5432  2037   15.00000   17  370   20.00000   15.00000  25.0%   237   10s
  5725  2101   16.00000   23  282   20.00000   15.00000  25.0%   254   11s
  6001  2109   17.00000   30  262   20.00000   15.00000  25.0%   265   12s
  6414  2053   16.00000   20  379   20.00000   15.00000  25.0%   274   13s
  6882  2073   17.00000   33  323   20.00000   15.00000  25.0%   286   14s
  7682  2058   17.00000   25  343   20.00000   15.00000  25.0%   297   15s
  8788  1954   18.00000   31  287   20.00000   15.00000  25.0%   304   16s
  9161  1927   19.00000   35  324   20.00000   15.00000  25.0%   305   17s
  9739  1846 infeasible   31        20.00000   16.00000  20.0%   307   18s
 10867  1720   17.00000   24  280   20.00000   16.00000  20.0%   310   19s
 11971  1823   17.00000   26  354   20.00000   16.00000  20.0%   312   20s
 13059  1890   19.00000   31  223   20.00000   16.00000  20.0%   310   21s
 13416  1999   18.00000   27  344   20.00000   16.00000  20.0%   310   22s
 13974  2127   17.00000   26  225   20.00000   16.00000  20.0%   309   23s
*14120  1685              38      19.0000000   16.00000  15.8%   309   23s
 14995  1706 infeasible   28        19.00000   17.00000  10.5%   309   24s
 16822  1732   17.00000   28  251   19.00000   17.00000  10.5%   312   25s
 18243  1775 infeasible   30        19.00000   17.00000  10.5%   313   26s
 19740  1791 infeasible   29        19.00000   17.00000  10.5%   315   27s
 21215  1800 infeasible   29        19.00000   17.00000  10.5%   316   28s
 22960  1816   18.00000   25  349   19.00000   17.00000  10.5%   318   29s
 24876  1932   18.00000   33  262   19.00000   17.00000  10.5%   317   30s
 25891  1903   18.00000   27  251   19.00000   17.00000  10.5%   316   31s
 28117  1732   18.00000   33  315   19.00000   18.00000  5.26%   313   32s
 30650  1350 infeasible   27        19.00000   18.00000  5.26%   310   33s
 31863  1239 infeasible   28        19.00000   18.00000  5.26%   310   34s
 34280  1056   18.00000   25  256   19.00000   18.00000  5.26%   308   35s
 35459   960 infeasible   34        19.00000   18.00000  5.26%   308   36s
 37842   813 infeasible   29        19.00000   18.00000  5.26%   307   37s
 39089   637   18.00000   34  309   19.00000   18.00000  5.26%   307   38s
 40392   599 infeasible   27        19.00000   18.00000  5.26%   307   39s
 43129   315 infeasible   24        19.00000   18.00000  5.26%   307   40s
 44594   204   18.00000   28  253   19.00000   18.00000  5.26%   307   41s
 46008   100 infeasible   28        19.00000   18.00000  5.26%   307   42s
 47343    58 infeasible   42        19.00000   18.00000  5.26%   306   43s
 48221     8 infeasible   36        19.00000   18.00000  5.26%   306   44s

Cutting planes:
  Gomory: 1
  Cover: 256
  Implied bound: 50
  Clique: 96
  MIR: 3
  Flow cover: 35
  Inf proof: 47
  Zero half: 45
  RLT: 129

Explored 48639 nodes (14941533 simplex iterations) in 44.73 seconds (139.87 work units)
Thread count was 24 (of 48 available processors)

Solution count 5: 19 20 21 ... 23

Optimal solution found (tolerance 1.00e-04)
Best objective 1.900000000000e+01, best bound 1.900000000000e+01, gap 0.0000%
