
Gurobi 13.0.1 (linux64) logging started Fri Apr  3 03:23:31 2026

Set parameter LogFile to value "gurobi.log"
Set parameter LogToConsole to value 1
Set parameter DisplayInterval to value 1

Gurobi 13.0.1 (linux64) logging started Fri Apr  3 03:23:53 2026

Set parameter LogFile to value "gurobi.log"
Set parameter LogToConsole to value 1
Set parameter DisplayInterval to value 1
Gurobi Optimizer version 13.0.1 build v13.0.1rc0 (linux64 - "Red Hat Enterprise Linux 8.10 (Ootpa)")

CPU model: AMD EPYC 9275F 24-Core Processor, instruction set [SSE2|AVX|AVX2|AVX512]
Thread count: 24 physical cores, 48 logical processors, using up to 24 threads

Non-default parameters:
DisplayInterval  1

Optimize a model with 71 rows, 69 columns and 194 nonzeros (Min)
Model fingerprint: 0x0b41c262
Model has 1 linear objective coefficients
Variable types: 0 continuous, 69 integer (68 binary)
Coefficient statistics:
  Matrix range     [1e+00, 5e+00]
  Objective range  [1e+00, 1e+00]
  Bounds range     [1e+00, 1e+00]
  RHS range        [1e+00, 4e+00]

Found heuristic solution: objective 4.0000000
Presolve removed 71 rows and 69 columns
Presolve time: 0.00s
Presolve: All rows and columns removed

Explored 0 nodes (0 simplex iterations) in 0.00 seconds (0.00 work units)
Thread count was 1 (of 48 available processors)

Solution count 2: 2 4 

Optimal solution found (tolerance 1.00e-04)
Best objective 2.000000000000e+00, best bound 2.000000000000e+00, gap 0.0000%

Gurobi 13.0.1 (linux64) logging started Fri Apr  3 03:24:15 2026

Set parameter LogFile to value "gurobi.log"
Set parameter LogToConsole to value 1
Set parameter DisplayInterval to value 1
Gurobi Optimizer version 13.0.1 build v13.0.1rc0 (linux64 - "Red Hat Enterprise Linux 8.10 (Ootpa)")

CPU model: AMD EPYC 9275F 24-Core Processor, instruction set [SSE2|AVX|AVX2|AVX512]
Thread count: 24 physical cores, 48 logical processors, using up to 24 threads

Non-default parameters:
DisplayInterval  1

Optimize a model with 177 rows, 162 columns and 551 nonzeros (Min)
Model fingerprint: 0xb091e0ea
Model has 1 linear objective coefficients
Variable types: 0 continuous, 162 integer (161 binary)
Coefficient statistics:
  Matrix range     [1e+00, 7e+00]
  Objective range  [1e+00, 1e+00]
  Bounds range     [1e+00, 1e+00]
  RHS range        [1e+00, 6e+00]

Found heuristic solution: objective 6.0000000
Presolve removed 119 rows and 113 columns
Presolve time: 0.00s
Presolved: 58 rows, 49 columns, 220 nonzeros
Variable types: 0 continuous, 49 integer (48 binary)

Root relaxation: objective 1.960000e+00, 36 iterations, 0.00 seconds (0.00 work units)

    Nodes    |    Current Node    |     Objective Bounds      |     Work
 Expl Unexpl |  Obj  Depth IntInf | Incumbent    BestBd   Gap | It/Node Time

     0     0    1.96000    0   20    6.00000    1.96000  67.3%     -    0s
H    0     0                       5.0000000    1.96000  60.8%     -    0s
H    0     0                       3.0000000    1.96000  34.7%     -    0s
     0     0    1.96000    0   20    3.00000    1.96000  34.7%     -    0s

Explored 1 nodes (42 simplex iterations) in 0.01 seconds (0.00 work units)
Thread count was 24 (of 48 available processors)

Solution count 3: 3 5 6 

Optimal solution found (tolerance 1.00e-04)
Best objective 3.000000000000e+00, best bound 3.000000000000e+00, gap 0.0000%

Gurobi 13.0.1 (linux64) logging started Fri Apr  3 03:24:28 2026

Set parameter LogFile to value "gurobi.log"
Set parameter LogToConsole to value 1
Set parameter DisplayInterval to value 1
Gurobi Optimizer version 13.0.1 build v13.0.1rc0 (linux64 - "Red Hat Enterprise Linux 8.10 (Ootpa)")

CPU model: AMD EPYC 9275F 24-Core Processor, instruction set [SSE2|AVX|AVX2|AVX512]
Thread count: 24 physical cores, 48 logical processors, using up to 24 threads

Non-default parameters:
DisplayInterval  1

Optimize a model with 533 rows, 468 columns and 1817 nonzeros (Min)
Model fingerprint: 0xba2f880e
Model has 1 linear objective coefficients
Variable types: 0 continuous, 468 integer (467 binary)
Coefficient statistics:
  Matrix range     [1e+00, 1e+01]
  Objective range  [1e+00, 1e+00]
  Bounds range     [1e+00, 1e+00]
  RHS range        [1e+00, 1e+01]

Presolve removed 341 rows and 283 columns
Presolve time: 0.01s
Presolved: 192 rows, 185 columns, 921 nonzeros
Variable types: 0 continuous, 185 integer (184 binary)
Found heuristic solution: objective 10.0000000
Found heuristic solution: objective 9.0000000
Found heuristic solution: objective 8.0000000

Root relaxation: objective 3.105263e+00, 158 iterations, 0.00 seconds (0.00 work units)

    Nodes    |    Current Node    |     Objective Bounds      |     Work
 Expl Unexpl |  Obj  Depth IntInf | Incumbent    BestBd   Gap | It/Node Time

     0     0    3.10526    0   22    8.00000    3.10526  61.2%     -    0s
H    0     0                       7.0000000    3.10526  55.6%     -    0s
H    0     0                       6.0000000    3.10526  48.2%     -    0s
H    0     0                       5.0000000    3.10526  37.9%     -    0s
     0     0    3.10526    0   21    5.00000    3.10526  37.9%     -    0s

Explored 1 nodes (258 simplex iterations) in 0.01 seconds (0.01 work units)
Thread count was 24 (of 48 available processors)

Solution count 6: 5 6 7 ... 10

Optimal solution found (tolerance 1.00e-04)
Best objective 5.000000000000e+00, best bound 5.000000000000e+00, gap 0.0000%

Gurobi 13.0.1 (linux64) logging started Fri Apr  3 03:36:46 2026

Set parameter LogFile to value "gurobi.log"
Set parameter LogToConsole to value 1
Set parameter DisplayInterval to value 1
Gurobi Optimizer version 13.0.1 build v13.0.1rc0 (linux64 - "Red Hat Enterprise Linux 8.10 (Ootpa)")

CPU model: AMD EPYC 9275F 24-Core Processor, instruction set [SSE2|AVX|AVX2|AVX512]
Thread count: 24 physical cores, 48 logical processors, using up to 24 threads

Non-default parameters:
DisplayInterval  1

Optimize a model with 12 rows, 7 columns and 12 nonzeros (Min)
Model fingerprint: 0x3bfc8326
Model has 1 linear objective coefficients
Variable types: 0 continuous, 7 integer (6 binary)
Coefficient statistics:
  Matrix range     [1e+00, 3e+00]
  Objective range  [1e+00, 1e+00]
  Bounds range     [1e+00, 1e+00]
  RHS range        [1e+00, 2e+00]

Found heuristic solution: objective 1.0000000

Explored 0 nodes (0 simplex iterations) in 0.00 seconds (0.00 work units)
Thread count was 1 (of 48 available processors)

Solution count 1: 1 

Optimal solution found (tolerance 1.00e-04)
Best objective 1.000000000000e+00, best bound 1.000000000000e+00, gap 0.0000%

Gurobi 13.0.1 (linux64) logging started Fri Apr  3 03:38:33 2026

Set parameter LogFile to value "gurobi.log"
Set parameter LogToConsole to value 1
Set parameter DisplayInterval to value 1
Gurobi Optimizer version 13.0.1 build v13.0.1rc0 (linux64 - "Red Hat Enterprise Linux 8.10 (Ootpa)")

CPU model: AMD EPYC 9275F 24-Core Processor, instruction set [SSE2|AVX|AVX2|AVX512]
Thread count: 24 physical cores, 48 logical processors, using up to 24 threads

Non-default parameters:
DisplayInterval  1

Optimize a model with 3877 rows, 2425 columns and 13374 nonzeros (Min)
Model fingerprint: 0x9c0574a0
Model has 1 linear objective coefficients
Variable types: 0 continuous, 2425 integer (2424 binary)
Coefficient statistics:
  Matrix range     [1e+00, 3e+01]
  Objective range  [1e+00, 1e+00]
  Bounds range     [1e+00, 1e+00]
  RHS range        [1e+00, 3e+01]

Presolve removed 2737 rows and 740 columns
Presolve time: 0.03s
Presolved: 1140 rows, 1685 columns, 7406 nonzeros
Variable types: 0 continuous, 1685 integer (1684 binary)

Root relaxation: objective 5.617272e+00, 2110 iterations, 0.04 seconds (0.08 work units)

    Nodes    |    Current Node    |     Objective Bounds      |     Work
 Expl Unexpl |  Obj  Depth IntInf | Incumbent    BestBd   Gap | It/Node Time

     0     0    5.61727    0  237          -    5.61727      -     -    0s
H    0     0                      23.0000000    5.61727  75.6%     -    0s
H    0     0                      22.0000000    5.61727  74.5%     -    0s
H    0     0                      19.0000000    5.61727  70.4%     -    0s
H    0     0                      18.0000000    5.61727  68.8%     -    0s
     0     0    9.37113    0  244   18.00000    9.37113  47.9%     -    0s
     0     0    9.79922    0  121   18.00000    9.79922  45.6%     -    0s
H    0     0                      17.0000000    9.79922  42.4%     -    0s
H    0     0                      16.0000000    9.79922  38.8%     -    0s
H    0     0                      14.0000000    9.79922  30.0%     -    0s
     0     0   13.00000    0  287   14.00000   13.00000  7.14%     -    0s
     0     0   13.00000    0  270   14.00000   13.00000  7.14%     -    0s
H    0     0                      13.0000000   13.00000  0.00%     -    0s
     0     0   13.00000    0  270   13.00000   13.00000  0.00%     -    0s

Cutting planes:
  Clique: 6
  RLT: 1

Explored 1 nodes (8992 simplex iterations) in 0.35 seconds (0.54 work units)
Thread count was 24 (of 48 available processors)

Solution count 8: 13 14 16 ... 23

Optimal solution found (tolerance 1.00e-04)
Best objective 1.300000000000e+01, best bound 1.300000000000e+01, gap 0.0000%

Gurobi 13.0.1 (linux64) logging started Fri Apr  3 13:20:26 2026

Set parameter LogFile to value "gurobi.log"
Set parameter LogToConsole to value 1
Set parameter DisplayInterval to value 1
Gurobi Optimizer version 13.0.1 build v13.0.1rc0 (linux64 - "Red Hat Enterprise Linux 8.10 (Ootpa)")

CPU model: AMD EPYC 9275F 24-Core Processor, instruction set [SSE2|AVX|AVX2|AVX512]
Thread count: 24 physical cores, 48 logical processors, using up to 24 threads

Non-default parameters:
DisplayInterval  1

Optimize a model with 3877 rows, 2425 columns and 13374 nonzeros (Min)
Model fingerprint: 0xcc0d7d81
Model has 1 linear objective coefficients
Variable types: 0 continuous, 2425 integer (2424 binary)
Coefficient statistics:
  Matrix range     [1e+00, 3e+01]
  Objective range  [1e+00, 1e+00]
  Bounds range     [1e+00, 1e+00]
  RHS range        [1e+00, 3e+01]

Presolve removed 2737 rows and 740 columns
Presolve time: 0.03s
Presolved: 1140 rows, 1685 columns, 7406 nonzeros
Variable types: 0 continuous, 1685 integer (1684 binary)

Root relaxation: objective 5.617272e+00, 2035 iterations, 0.04 seconds (0.08 work units)

    Nodes    |    Current Node    |     Objective Bounds      |     Work
 Expl Unexpl |  Obj  Depth IntInf | Incumbent    BestBd   Gap | It/Node Time

     0     0    5.61727    0  389          -    5.61727      -     -    0s
H    0     0                      26.0000000    5.61727  78.4%     -    0s
H    0     0                      21.0000000    5.61727  73.3%     -    0s
H    0     0                      20.0000000    8.85438  55.7%     -    0s
     0     0    8.97592    0  283   20.00000    8.97592  55.1%     -    0s
H    0     0                      19.0000000    9.30420  51.0%     -    0s
     0     0    9.30420    0  279   19.00000    9.30420  51.0%     -    0s
     0     0   11.25561    0  252   19.00000   11.25561  40.8%     -    0s
     0     0   11.25561    0  317   19.00000   11.25561  40.8%     -    0s
H    0     0                      18.0000000   11.25561  37.5%     -    0s
     0     0   12.39474    0  246   18.00000   12.39474  31.1%     -    0s
     0     0   13.00000    0  199   18.00000   13.00000  27.8%     -    0s
     0     0   13.00000    0  198   18.00000   13.00000  27.8%     -    0s
H    0     0                      17.0000000   13.00000  23.5%     -    0s
H    0     0                      16.0000000   13.00000  18.8%     -    0s
H    0     0                      15.0000000   13.00000  13.3%     -    0s
     0     0   13.00000    0  160   15.00000   13.00000  13.3%     -    0s
H    0     0                      14.0000000   13.00000  7.14%     -    0s
     0     0   13.00000    0  185   14.00000   13.00000  7.14%     -    0s
H    0     0                      13.0000000   13.00000  0.00%     -    0s

Cutting planes:
  Clique: 36
  Zero half: 26
  RLT: 3
  Relax-and-lift: 3

Explored 1 nodes (13535 simplex iterations) in 0.69 seconds (1.08 work units)
Thread count was 24 (of 48 available processors)

Solution count 10: 13 14 15 ... 26

Optimal solution found (tolerance 1.00e-04)
Best objective 1.300000000000e+01, best bound 1.300000000000e+01, gap 0.0000%

Gurobi 13.0.1 (linux64) logging started Fri Apr  3 13:23:08 2026

Set parameter LogFile to value "gurobi.log"
Set parameter LogToConsole to value 1
Set parameter DisplayInterval to value 1
Set parameter TimeLimit to value 300
Warning: variables 1180 and 1181 have the same name "temp_misalign_net_c1"
Warning: linear constraint 1506 and linear constraint 1594 have the same name "avoid_different_nets_SN_CON_col_1"
Warning: to let Gurobi read it back, use rlp format
Warning: variables 1180 and 1181 have the same name "temp_misalign_net_c1"
Warning: linear constraint 1506 and linear constraint 1594 have the same name "avoid_different_nets_SN_CON_col_1"
Warning: default variable names used to write mps file
Warning: default constraint names used to write mps file
Gurobi Optimizer version 13.0.1 build v13.0.1rc0 (linux64 - "Red Hat Enterprise Linux 8.10 (Ootpa)")

CPU model: AMD EPYC 9275F 24-Core Processor, instruction set [SSE2|AVX|AVX2|AVX512]
Thread count: 24 physical cores, 48 logical processors, using up to 24 threads

Non-default parameters:
TimeLimit  300
DisplayInterval  1

Optimize a model with 97622 rows, 32361 columns and 634322 nonzeros (Min)
Model fingerprint: 0x19ef479a
Model has 976 linear objective coefficients
Model has 2250 simple general constraints
  2250 INDICATOR
Variable types: 0 continuous, 32361 integer (24344 binary)
Coefficient statistics:
  Matrix range     [2e-01, 2e+01]
  Objective range  [1e+00, 1e+02]
  Bounds range     [1e+00, 2e+01]
  RHS range        [1e+00, 5e+01]
  GenCon rhs range [1e+00, 1e+00]
  GenCon coe range [1e+00, 1e+00]

Presolve removed 41775 rows and 14178 columns (presolve time = 1s)...
Presolve removed 48260 rows and 14502 columns
Presolve time: 1.46s
Presolved: 49362 rows, 17859 columns, 191471 nonzeros
Variable types: 0 continuous, 17859 integer (13268 binary)

Deterministic concurrent LP optimizer: primal and dual simplex (primal and dual model)
Showing primal log only...

Root relaxation presolved: 49322 rows, 17838 columns, 191051 nonzeros


Root simplex log...

Iteration    Objective       Primal Inf.    Dual Inf.      Time
       0    1.8420000e+03   1.250519e+04   1.560328e+10      2s
   23627    2.3060602e+03   7.209996e+01   2.699036e+09      2s
   32185    1.9265197e+03   1.257619e+01   2.962737e+09      3s
   36773    1.8465880e+03   5.854220e+00   1.556410e+09      4s
   40044    1.8418577e+03   2.143559e+00   1.310088e+09      5s
Concurrent spin time: 1.06s (can be avoided by choosing Method=3)

Solved with dual simplex

Root relaxation: objective -3.076612e+01, 25945 iterations, 4.38 seconds (7.83 work units)

    Nodes    |    Current Node    |     Objective Bounds      |     Work
 Expl Unexpl |  Obj  Depth IntInf | Incumbent    BestBd   Gap | It/Node Time

     0     0  -30.76612    0 3012          -  -30.76612      -     -    6s
     0     0  -17.15666    0 3090          -  -17.15666      -     -   12s
     0     0   -8.40694    0 2866          -   -8.40694      -     -   16s
     0     0   -7.90713    0 2962          -   -7.90713      -     -   17s
     0     0   -7.85032    0 2956          -   -7.85032      -     -   17s
     0     0   -7.84041    0 2942          -   -7.84041      -     -   17s
     0     0   -7.83339    0 2820          -   -7.83339      -     -   17s
     0     0   -7.83301    0 2757          -   -7.83301      -     -   18s
     0     0          -    0               -   -7.83301      -     -   22s

Cutting planes:
  Learned: 1
  Gomory: 5
  Cover: 741
  Implied bound: 371
  Clique: 511
  MIR: 80
  StrongCG: 1
  Flow cover: 16
  GUB cover: 20
  Zero half: 98
  RLT: 491
  Relax-and-lift: 73
  BQP: 302
  PSD: 7

Explored 1 nodes (86173 simplex iterations) in 22.18 seconds (43.24 work units)
Thread count was 24 (of 48 available processors)

Solution count 0

Solve interrupted
Best objective -, best bound -7.000000000000e+00, gap -

Gurobi 13.0.1 (linux64) logging started Fri Apr  3 13:24:02 2026

Set parameter LogFile to value "gurobi.log"
Set parameter LogToConsole to value 1
Set parameter DisplayInterval to value 1
Set parameter TimeLimit to value 300
Warning: variables 1180 and 1181 have the same name "temp_misalign_net_c1"
Warning: linear constraint 1500 and linear constraint 1593 have the same name "avoid_different_nets_CON_B_col_1"
Warning: to let Gurobi read it back, use rlp format
Warning: variables 1180 and 1181 have the same name "temp_misalign_net_c1"
Warning: linear constraint 1500 and linear constraint 1593 have the same name "avoid_different_nets_CON_B_col_1"
Warning: default variable names used to write mps file
Warning: default constraint names used to write mps file
Gurobi Optimizer version 13.0.1 build v13.0.1rc0 (linux64 - "Red Hat Enterprise Linux 8.10 (Ootpa)")

CPU model: AMD EPYC 9275F 24-Core Processor, instruction set [SSE2|AVX|AVX2|AVX512]
Thread count: 24 physical cores, 48 logical processors, using up to 24 threads

Non-default parameters:
TimeLimit  300
DisplayInterval  1

Optimize a model with 97622 rows, 32361 columns and 634322 nonzeros (Min)
Model fingerprint: 0xf83b169f
Model has 976 linear objective coefficients
Model has 2250 simple general constraints
  2250 INDICATOR
Variable types: 0 continuous, 32361 integer (24344 binary)
Coefficient statistics:
  Matrix range     [2e-01, 2e+01]
  Objective range  [1e+00, 1e+02]
  Bounds range     [1e+00, 2e+01]
  RHS range        [1e+00, 5e+01]
  GenCon rhs range [1e+00, 1e+00]
  GenCon coe range [1e+00, 1e+00]

Presolve removed 42896 rows and 14606 columns (presolve time = 1s)...
Presolve removed 48331 rows and 14544 columns
Presolve time: 1.42s
Presolved: 49291 rows, 17817 columns, 191648 nonzeros
Variable types: 0 continuous, 17817 integer (13232 binary)

Deterministic concurrent LP optimizer: primal and dual simplex (primal and dual model)
Showing primal log only...

Root relaxation presolved: 49261 rows, 17801 columns, 191348 nonzeros


Root simplex log...

Iteration    Objective       Primal Inf.    Dual Inf.      Time
       0    1.8420000e+03   1.393912e+04   1.758831e+10      2s
   23715    2.2757330e+03   7.025910e+01   1.286591e+09      2s
   32259    1.9928210e+03   1.679875e+01   1.240456e+09      3s
   36645    1.8837403e+03   8.716836e+00   2.770315e+09      4s
   40347    1.8758238e+03   4.189983e+00   2.006676e+09      5s
Concurrent spin time: 0.89s (can be avoided by choosing Method=3)

Solved with dual simplex

Root relaxation: objective -3.109907e+01, 25944 iterations, 4.22 seconds (7.66 work units)

    Nodes    |    Current Node    |     Objective Bounds      |     Work
 Expl Unexpl |  Obj  Depth IntInf | Incumbent    BestBd   Gap | It/Node Time

     0     0  -31.09907    0 3038          -  -31.09907      -     -    6s
     0     0  -11.33801    0 3363          -  -11.33801      -     -   14s
     0     0   -8.08700    0 2955          -   -8.08700      -     -   17s
     0     0   -7.91986    0 2791          -   -7.91986      -     -   17s
     0     0   -7.91186    0 3091          -   -7.91186      -     -   18s
     0     0   -7.90863    0 3057          -   -7.90863      -     -   18s
     0     0   -7.90817    0 3041          -   -7.90817      -     -   18s
     0     0   32.14224    0 3281          -   32.14224      -     -   25s
     0     0   32.15415    0 3211          -   32.15415      -     -   25s
     0     0   35.78344    0 3218          -   35.78344      -     -   27s
     0     0   35.78344    0 3193          -   35.78344      -     -   27s
     0     0   36.04918    0 3206          -   36.04918      -     -   28s
     0     0   36.15218    0 3203          -   36.15218      -     -   28s
     0     0   36.15491    0 3221          -   36.15491      -     -   28s
     0     0   46.63833    0 3555          -   46.63833      -     -   33s
     0     0   48.35952    0 3458          -   48.35952      -     -   34s
     0     0   48.35952    0 3456          -   48.35952      -     -   34s
     0     0   48.76755    0 3442          -   48.76755      -     -   35s
     0     0   48.86125    0 3504          -   48.86125      -     -   35s
     0     0   48.88737    0 3496          -   48.88737      -     -   35s
     0     0   48.89360    0 3538          -   48.89360      -     -   36s
     0     0   54.73506    0 3623          -   54.73506      -     -   40s
     0     0   56.17515    0 3568          -   56.17515      -     -   42s
     0     0   56.30517    0 3557          -   56.30517      -     -   42s
     0     0   56.33552    0 3586          -   56.33552      -     -   42s
     0     0   56.34520    0 3607          -   56.34520      -     -   42s
     0     0   61.12372    0 3758          -   61.12372      -     -   46s
     0     0   61.96739    0 3984          -   61.96739      -     -   47s
     0     0   62.13097    0 3939          -   62.13097      -     -   47s
     0     0   62.15746    0 3986          -   62.15746      -     -   48s
     0     0   62.15966    0 3992          -   62.15966      -     -   48s
     0     0   62.84722    0 3757          -   62.84722      -     -   49s
     0     0   62.93731    0 3759          -   62.93731      -     -   50s
     0     0   62.95319    0 3820          -   62.95319      -     -   50s
     0     0   63.63414    0 3668          -   63.63414      -     -   51s
     0     0   63.79022    0 3764          -   63.79022      -     -   52s
     0     0   63.80606    0 3852          -   63.80606      -     -   52s
     0     0   64.92475    0 3839          -   64.92475      -     -   54s
     0     0   65.30394    0 3773          -   65.30394      -     -   55s
     0     0   65.35344    0 3845          -   65.35344      -     -   55s
     0     0   65.39249    0 3764          -   65.39249      -     -   55s
     0     0   65.40733    0 3786          -   65.40733      -     -   55s
     0     0   66.33557    0 3821          -   66.33557      -     -   57s
     0     0   66.52074    0 3716          -   66.52074      -     -   58s
     0     0   66.55312    0 3768          -   66.55312      -     -   58s
     0     0   66.56399    0 3845          -   66.56399      -     -   58s
     0     0   69.85917    0 3868          -   69.85917      -     -   61s
     0     0   70.17948    0 3949          -   70.17948      -     -   62s
     0     0   70.25739    0 3950          -   70.25739      -     -   62s
     0     0   70.26899    0 3997          -   70.26899      -     -   63s
     0     0   72.65479    0 4019          -   72.65479      -     -   65s
     0     0   72.81631    0 4024          -   72.81631      -     -   66s
     0     0   72.90902    0 4000          -   72.90902      -     -   66s
     0     0   72.95246    0 4091          -   72.95246      -     -   67s
     0     0   72.97048    0 4100          -   72.97048      -     -   67s
     0     0   72.97547    0 4095          -   72.97547      -     -   67s
     0     0   73.37743    0 3882          -   73.37743      -     -   68s
     0     0   73.47239    0 4040          -   73.47239      -     -   69s
     0     0   73.48296    0 4027          -   73.48296      -     -   69s
     0     0   73.96948    0 3889          -   73.96948      -     -   70s
     0     0   74.09285    0 3995          -   74.09285      -     -   71s
     0     0   74.11100    0 3972          -   74.11100      -     -   71s
     0     0   75.08192    0 3980          -   75.08192      -     -   73s
     0     0   75.34179    0 4063          -   75.34179      -     -   74s
     0     0   75.35670    0 3971          -   75.35670      -     -   74s
     0     0   76.81790    0 3990          -   76.81790      -     -   76s
     0     0   76.98054    0 4117          -   76.98054      -     -   77s
     0     0   77.02065    0 4019          -   77.02065      -     -   77s
     0     0   77.02336    0 4100          -   77.02336      -     -   77s
     0     0   77.13280    0 3997          -   77.13280      -     -   78s
     0     0   77.19425    0 4039          -   77.19425      -     -   79s
     0     0   77.20389    0 3992          -   77.20389      -     -   79s
     0     0   77.42322    0 4025          -   77.42322      -     -   80s
     0     0   77.47705    0 4020          -   77.47705      -     -   80s
     0     0   77.48132    0 4067          -   77.48132      -     -   81s
     0     0   78.23402    0 3777          -   78.23402      -     -   82s
     0     0   78.23402    0 3776          -   78.23402      -     -   82s
     0     0   78.41572    0 4074          -   78.41572      -     -   83s
     0     0   78.47723    0 4001          -   78.47723      -     -   84s
     0     0   78.48756    0 3936          -   78.48756      -     -   84s
     0     0   78.84271    0 4276          -   78.84271      -     -   85s
     0     0   78.92377    0 4310          -   78.92377      -     -   86s
     0     0   78.94731    0 4373          -   78.94731      -     -   86s
     0     0   78.95039    0 4362          -   78.95039      -     -   86s
     0     0   79.06984    0 4156          -   79.06984      -     -   87s
     0     0   79.08418    0 4149          -   79.08418      -     -   88s
     0     0   79.13292    0 4067          -   79.13292      -     -   88s
     0     0   79.14123    0 4257          -   79.14123      -     -   89s
     0     0   79.22176    0 4125          -   79.22176      -     -   90s
     0     0   79.22177    0 4123          -   79.22177      -     -   91s
     0     0   79.22177    0 4123          -   79.22177      -     -   91s
     0     0   79.22177    0 4123          -   79.22177      -     -   91s
     0     0   86.91985    0 2254          -   86.91985      -     -  101s
     0     0   88.06955    0 2278          -   88.06955      -     -  101s
     0     0   93.27386    0 2196          -   93.27386      -     -  102s
     0     0   93.47519    0 2182          -   93.47519      -     -  102s
     0     0  119.74992    0 2450          -  119.74992      -     -  105s
     0     0  121.91548    0 2470          -  121.91548      -     -  106s
     0     0  122.80824    0 2359          -  122.80824      -     -  106s
     0     0  122.92624    0 2421          -  122.92624      -     -  106s
     0     0  122.97588    0 2414          -  122.97588      -     -  106s
     0     0  122.97826    0 2457          -  122.97826      -     -  106s
H    0     0                    1808.0000000  133.99328  92.6%     -  109s
H    0     0                    1803.0000000  133.99328  92.6%     -  109s
H    0     0                    1715.0000000  133.99328  92.2%     -  109s
H    0     0                    1646.0000000  133.99328  91.9%     -  109s
H    0     0                    1639.0000000  133.99328  91.8%     -  109s
H    0     0                    1631.0000000  133.99328  91.8%     -  109s
H    0     0                    1625.0000000  133.99328  91.8%     -  109s
     0     0  133.99328    0 2701 1625.00000  133.99328  91.8%     -  109s
H    0     0                    1616.0000000  135.00914  91.6%     -  109s
H    0     0                    1602.0000000  135.00914  91.6%     -  109s
H    0     0                    1347.0000000  135.00914  90.0%     -  109s
H    0     0                    1302.0000000  135.00914  89.6%     -  109s
     0     0  140.26960    0 2543 1302.00000  140.26960  89.2%     -  109s
H    0     0                    1296.0000000  140.26960  89.2%     -  110s
H    0     0                    1292.0000000  140.26960  89.1%     -  110s
H    0     0                    1290.0000000  140.26960  89.1%     -  110s
     0     0  140.26960    0 2572 1290.00000  140.26960  89.1%     -  110s
     0     0  140.26960    0 2555 1290.00000  140.26960  89.1%     -  110s
     0     0  140.26960    0 2573 1290.00000  140.26960  89.1%     -  110s
H    0     0                    1288.0000000  140.26960  89.1%     -  111s
H    0     0                    1043.0000000  140.26960  86.6%     -  111s
     0     0  146.68723    0 2854 1043.00000  146.68723  85.9%     -  113s
H    0     0                    1042.0000000  146.68723  85.9%     -  114s
H    0     0                    1039.0000000  146.68723  85.9%     -  114s
     0     0  148.49682    0 2909 1039.00000  148.49682  85.7%     -  114s
     0     0  148.92888    0 2931 1039.00000  148.92888  85.7%     -  114s
     0     0  149.02660    0 2949 1039.00000  149.02660  85.7%     -  114s
     0     0  150.66425    0 2684 1039.00000  150.66425  85.5%     -  116s
H    0     0                    1021.0000000  150.66425  85.2%     -  116s
H    0     0                    1018.0000000  150.66425  85.2%     -  116s
     0     0  150.87939    0 2837 1018.00000  150.87939  85.2%     -  117s
     0     0  151.00829    0 2847 1018.00000  151.00829  85.2%     -  117s
     0     0  151.03639    0 2834 1018.00000  151.03639  85.2%     -  117s
     0     0  151.03639    0 2827 1018.00000  151.03639  85.2%     -  117s
     0     0  151.54825    0 2825 1018.00000  151.54825  85.1%     -  119s
     0     0  151.66045    0 2822 1018.00000  151.66045  85.1%     -  119s
     0     0  151.66045    0 2773 1018.00000  151.66045  85.1%     -  120s
     0     2  151.66045    0 2773 1018.00000  151.66045  85.1%     -  122s
     1     4  160.09719    1 2276 1018.00000  151.66045  85.1% 10396  124s
     3     8  195.31680    2 1844 1018.00000  157.52124  84.5%  9215  125s
H    7    16                     971.0000000  164.37571  83.1%  6815  127s
H   15    30                     969.0000000  167.77930  82.7%  6459  129s
    31    54  222.68390    5 1916  969.00000  169.61060  82.5%  5580  131s
    55   126  225.08420    6 1920  969.00000  169.78658  82.5%  5042  132s
H  110   126                     939.0000000  169.80440  81.9%  3225  132s
   127   180  229.48728    8 1704  939.00000  169.80440  81.9%  3016  133s
H  129   180                     929.0000000  169.80440  81.7%  2983  133s
   185   218  237.83824    9 1342  929.00000  169.80440  81.7%  2458  134s
   225   286  237.83824   10 1352  929.00000  169.80440  81.7%  2208  135s
   370   403  251.63924   12  975  929.00000  169.80440  81.7%  1641  136s
   516   508  251.87438   14 1297  929.00000  169.80440  81.7%  1323  137s
   811   738  351.53381   17 1061  929.00000  169.80440  81.7%   986  138s
  1042   943  370.30329   24  841  929.00000  169.80440  81.7%   847  139s
  1264  1101  377.43452   27  747  929.00000  169.80440  81.7%   744  140s
  1746  1483  410.39738   45  557  929.00000  174.76115  81.2%   594  141s
  2563  1978  232.68254    8  921  929.00000  176.43130  81.0%   454  142s
  2799  2123  184.66917   11 1010  929.00000  176.43130  81.0%   433  143s
  3083  2283  652.50833   42 4123  929.00000  176.43130  81.0%   411  151s
  3085  2284  638.50000   36 2261  929.00000  176.43130  81.0%   410  166s
  3086  2285  808.62708   34 2279  929.00000  176.43130  81.0%   410  168s
  3087  2286  365.61874    6 2466  929.00000  176.43130  81.0%   410  171s
  3091  2288  342.93750   26 2580  929.00000  176.43130  81.0%   409  185s
  3092  2289  473.73750   44 2547  929.00000  176.43130  81.0%   409  187s
  3093  2290  228.86413   20 2613  929.00000  176.43130  81.0%   409  188s
  3096  2292  373.68333   37 2517  929.00000  176.43130  81.0%   409  205s
  3097  2292  610.74740   38 2585  929.00000  176.43130  81.0%   409  206s
  3098  2293  257.02361   23 2638  929.00000  176.43130  81.0%   409  207s
  3102  2296  737.96701   35 2610  929.00000  176.43130  81.0%   408  225s
  3103  2296  616.90069   25 2781  929.00000  176.43130  81.0%   408  226s
  3107  2299  640.85387   41 2775  929.00000  186.19139  80.0%   407  244s
  3108  2300  186.21620   10 2707  929.00000  186.21620  80.0%   407  245s
  3114  2304  449.13750   38 2846  929.00000  190.80775  79.5%   406  257s
  3115  2304  279.77756   24 2819  929.00000  190.95932  79.4%   406  258s
  3118  2306  673.87125   13 2775  929.00000  192.16179  79.3%   406  260s
  3120  2308  334.80410   23 2720  929.00000  192.16179  79.3%   406  261s
  3122  2309  285.42625   26 2755  929.00000  192.32635  79.3%   405  262s
  3123  2310  475.51707   14 2799  929.00000  192.50362  79.3%   405  263s
  3127  2312  193.06100   15 2759  929.00000  193.06100  79.2%   405  264s
  3128  2313  545.26535   50 2771  929.00000  193.57031  79.2%   405  265s
  3131  2315  200.18721   23 2861  929.00000  194.38658  79.1%   404  266s
  3132  2316  544.43681   30 2844  929.00000  194.89481  79.0%   404  267s
  3135  2318  556.05227   37 2763  929.00000  195.01326  79.0%   404  268s
  3136  2318  732.29085   15 2833  929.00000  195.01326  79.0%   404  269s
  3138  2320  222.68818   14 2823  929.00000  195.01326  79.0%   403  270s
  3139  2320  306.81615   14 2824  929.00000  196.12917  78.9%   403  271s
  3144  2324  722.65139   33 2784  929.00000  197.52105  78.7%   403  273s
  3148  2326  408.23316   17 2866  929.00000  200.04802  78.5%   402  275s
  3152  2329  506.10595   18 2924  929.00000  200.05840  78.5%   402  276s
  3153  2330  416.72917   27 2854  929.00000  200.05840  78.5%   401  277s
  3156  2332  746.50625   50 2925  929.00000  200.05840  78.5%   401  278s
  3157  2332  644.97461   48 2703  929.00000  200.05840  78.5%   401  279s
  3161  2335  652.50833   42 2857  929.00000  200.05840  78.5%   400  281s
  3162  2336  200.15118   15 2865  929.00000  200.15118  78.5%   400  282s
  3163  2336  210.60232   18 2850  929.00000  200.15118  78.5%   400  283s
  3165  2338  366.69955   23 2852  929.00000  200.22242  78.4%   400  284s
  3166  2338  522.53543   37 2832  929.00000  200.58286  78.4%   400  286s
  3167  2339  337.13194   31 2828  929.00000  200.58286  78.4%   400  287s
  3170  2341  390.62266   12 2862  929.00000  200.59991  78.4%   399  288s
  3171  2342  202.18542   13 2861  929.00000  202.18542  78.2%   399  289s
  3175  2344  746.50625   50 2885  929.00000  204.22344  78.0%   399  291s
  3176  2345  205.17792   13 2731  929.00000  205.17792  77.9%   399  293s
  3180  2348  342.71161   34 2710  929.00000  205.79506  77.8%   398  295s
  3182  2349  439.69387   23 2742  929.00000  206.41030  77.8%   398  296s
  3185  2351  638.50000   36 2779  929.00000  206.41030  77.8%   397  297s
  3187  2352  365.61874    6 2806  929.00000  207.59316  77.7%   397  298s
  3189  2354  886.77593   43 2839  929.00000  207.59316  77.7%   397  299s

Cutting planes:
  Gomory: 1
  Cover: 38
  Implied bound: 5
  Clique: 53
  MIR: 8
  Flow cover: 18
  GUB cover: 15
  Zero half: 187
  RLT: 153
  Relax-and-lift: 26
  BQP: 11

Explored 3189 nodes (1915842 simplex iterations) in 300.48 seconds (532.92 work units)
Thread count was 24 (of 48 available processors)

Solution count 10: 929 939 969 ... 1043

Time limit reached
Best objective 9.290000000000e+02, best bound 2.080000000000e+02, gap 77.6103%

Gurobi 13.0.1 (linux64) logging started Fri Apr  3 13:31:41 2026

Set parameter LogFile to value "gurobi.log"
Set parameter LogToConsole to value 1
Set parameter DisplayInterval to value 1
Set parameter TimeLimit to value 300
Warning: variables 1180 and 1181 have the same name "temp_misalign_net_c1"
Warning: linear constraint 1478 and linear constraint 1603 have the same name "avoid_different_nets_B_SN_col_1"
Warning: to let Gurobi read it back, use rlp format
Warning: variables 1180 and 1181 have the same name "temp_misalign_net_c1"
Warning: linear constraint 1478 and linear constraint 1603 have the same name "avoid_different_nets_B_SN_col_1"
Warning: default variable names used to write mps file
Warning: default constraint names used to write mps file
Gurobi Optimizer version 13.0.1 build v13.0.1rc0 (linux64 - "Red Hat Enterprise Linux 8.10 (Ootpa)")

CPU model: AMD EPYC 9275F 24-Core Processor, instruction set [SSE2|AVX|AVX2|AVX512]
Thread count: 24 physical cores, 48 logical processors, using up to 24 threads

Non-default parameters:
TimeLimit  300
DisplayInterval  1

Optimize a model with 97622 rows, 32361 columns and 634322 nonzeros (Min)
Model fingerprint: 0xa76db370
Model has 976 linear objective coefficients
Model has 2250 simple general constraints
  2250 INDICATOR
Variable types: 0 continuous, 32361 integer (24344 binary)
Coefficient statistics:
  Matrix range     [2e-01, 2e+01]
  Objective range  [1e+00, 1e+02]
  Bounds range     [1e+00, 2e+01]
  RHS range        [1e+00, 5e+01]
  GenCon rhs range [1e+00, 1e+00]
  GenCon coe range [1e+00, 1e+00]

Presolve removed 42206 rows and 14325 columns (presolve time = 1s)...
Presolve removed 48318 rows and 14535 columns
Presolve time: 1.46s
Presolved: 49304 rows, 17826 columns, 191560 nonzeros
Variable types: 0 continuous, 17826 integer (13236 binary)

Deterministic concurrent LP optimizer: primal and dual simplex (primal and dual model)
Showing primal log only...

Root relaxation presolved: 49274 rows, 17810 columns, 191260 nonzeros


Root simplex log...

Iteration    Objective       Primal Inf.    Dual Inf.      Time
       0    1.8420000e+03   1.365188e+04   1.706709e+10      2s


Root relaxation: interrupted, 9387 iterations, 0.23 seconds (0.38 work units)

    Nodes    |    Current Node    |     Objective Bounds      |     Work
 Expl Unexpl |  Obj  Depth IntInf | Incumbent    BestBd   Gap | It/Node Time

     0     0          -    0               - -504.00000      -     -    1s

Explored 1 nodes (9387 simplex iterations) in 1.79 seconds (4.37 work units)
Thread count was 24 (of 48 available processors)

Solution count 0

Solve interrupted
Best objective -, best bound -5.040000000000e+02, gap -

Gurobi 13.0.1 (linux64) logging started Fri Apr  3 13:31:54 2026

Set parameter LogFile to value "gurobi.log"
Set parameter LogToConsole to value 1
Set parameter DisplayInterval to value 1
Set parameter TimeLimit to value 300
Warning: variables 1180 and 1181 have the same name "temp_misalign_net_c1"
Warning: linear constraint 1478 and linear constraint 1594 have the same name "avoid_different_nets_B_CI_col_1"
Warning: to let Gurobi read it back, use rlp format
Warning: variables 1180 and 1181 have the same name "temp_misalign_net_c1"
Warning: linear constraint 1478 and linear constraint 1594 have the same name "avoid_different_nets_B_CI_col_1"
Warning: default variable names used to write mps file
Warning: default constraint names used to write mps file
Gurobi Optimizer version 13.0.1 build v13.0.1rc0 (linux64 - "Red Hat Enterprise Linux 8.10 (Ootpa)")

CPU model: AMD EPYC 9275F 24-Core Processor, instruction set [SSE2|AVX|AVX2|AVX512]
Thread count: 24 physical cores, 48 logical processors, using up to 24 threads

Non-default parameters:
TimeLimit  300
DisplayInterval  1

Optimize a model with 97622 rows, 32361 columns and 634322 nonzeros (Min)
Model fingerprint: 0x06d81d51
Model has 976 linear objective coefficients
Model has 2250 simple general constraints
  2250 INDICATOR
Variable types: 0 continuous, 32361 integer (24344 binary)
Coefficient statistics:
  Matrix range     [2e-01, 2e+01]
  Objective range  [1e+00, 1e+02]
  Bounds range     [1e+00, 2e+01]
  RHS range        [1e+00, 5e+01]
  GenCon rhs range [1e+00, 1e+00]
  GenCon coe range [1e+00, 1e+00]

Presolve removed 41212 rows and 13946 columns (presolve time = 1s)...
Presolve removed 48331 rows and 14526 columns
Presolve time: 1.49s
Presolved: 49291 rows, 17835 columns, 190582 nonzeros
Variable types: 0 continuous, 17835 integer (13235 binary)

Deterministic concurrent LP optimizer: primal and dual simplex (primal and dual model)
Showing primal log only...

Root relaxation presolved: 49243 rows, 17810 columns, 190066 nonzeros


Root simplex log...

Iteration    Objective       Primal Inf.    Dual Inf.      Time
       0    1.8420000e+03   1.338944e+04   1.627248e+10      2s
   22630    2.3346560e+03   9.322300e+01   3.536160e+09      2s
   31673    1.9820013e+03   1.144128e+01   2.099496e+09      3s
   35707    1.8691944e+03   6.924385e+00   1.699322e+09      4s
   39338    1.8505494e+03   3.792898e+00   1.264876e+09      5s
Concurrent spin time: 1.02s (can be avoided by choosing Method=3)

Solved with dual simplex

Root relaxation: objective -3.122758e+01, 26255 iterations, 4.44 seconds (7.96 work units)

    Nodes    |    Current Node    |     Objective Bounds      |     Work
 Expl Unexpl |  Obj  Depth IntInf | Incumbent    BestBd   Gap | It/Node Time

     0     0  -31.22758    0 2981          -  -31.22758      -     -    6s
     0     0  -21.23486    0 3121          -  -21.23486      -     -   10s
     0     0   -6.62105    0 3056          -   -6.62105      -     -   15s
     0     0   -6.60173    0 2979          -   -6.60173      -     -   16s
     0     0   -6.60173    0 2964          -   -6.60173      -     -   17s
     0     0   -6.60173    0 2966          -   -6.60173      -     -   17s
     0     0   -6.60173    0 2974          -   -6.60173      -     -   17s
     0     0    0.40347    0 3464          -    0.40347      -     -   23s
     0     0    5.90795    0 3360          -    5.90795      -     -   27s
     0     0    6.70986    0 3597          -    6.70986      -     -   28s
     0     0    6.98333    0 3593          -    6.98333      -     -   29s
     0     0    7.03127    0 3594          -    7.03127      -     -   29s
     0     0    7.03813    0 3611          -    7.03813      -     -   29s
     0     0    7.04304    0 3626          -    7.04304      -     -   29s
     0     0    7.04343    0 3614          -    7.04343      -     -   29s
     0     0   21.85690    0 3948          -   21.85690      -     -   37s
     0     0   24.59939    0 4170          -   24.59939      -     -   42s
     0     0   25.08321    0 4282          -   25.08321      -     -   43s
     0     0   25.18385    0 4138          -   25.18385      -     -   44s
     0     0   25.21514    0 4192          -   25.21514      -     -   44s
     0     0   25.22325    0 4198          -   25.22325      -     -   44s
     0     0   31.75737    0 4246          -   31.75737      -     -   51s
     0     0   33.39405    0 4269          -   33.39405      -     -   53s
     0     0   34.08458    0 4225          -   34.08458      -     -   55s
     0     0   34.23354    0 4298          -   34.23354      -     -   56s
     0     0   34.25872    0 4246          -   34.25872      -     -   56s
     0     0   34.26881    0 4265          -   34.26881      -     -   56s
     0     0   35.88030    0 4563          -   35.88030      -     -   59s
     0     0   36.53873    0 4410          -   36.53873      -     -   61s
     0     0   36.68198    0 4318          -   36.68198      -     -   62s
     0     0   36.72216    0 4394          -   36.72216      -     -   62s
     0     0   36.73876    0 4381          -   36.73876      -     -   62s
     0     0   36.74510    0 4369          -   36.74510      -     -   62s
     0     0   37.47556    0 4418          -   37.47556      -     -   64s
     0     0   37.62093    0 4707          -   37.62093      -     -   65s
     0     0   37.67856    0 4695          -   37.67856      -     -   66s
     0     0   37.69003    0 4736          -   37.69003      -     -   66s
     0     0   38.12354    0 4413          -   38.12354      -     -   68s
     0     0   38.19140    0 4362          -   38.19140      -     -   68s
     0     0   38.20429    0 4309          -   38.20429      -     -   68s
     0     0   38.38005    0 4208          -   38.38005      -     -   70s
     0     0   38.41458    0 4242          -   38.41458      -     -   70s
     0     0   38.42449    0 4268          -   38.42449      -     -   70s
     0     0   39.17943    0 4323          -   39.17943      -     -   73s
     0     0   39.38355    0 4209          -   39.38355      -     -   74s
     0     0   39.40753    0 4247          -   39.40753      -     -   74s
     0     0   39.41398    0 4281          -   39.41398      -     -   74s
     0     0   39.63867    0 4380          -   39.63867      -     -   75s
     0     0   39.87038    0 4460          -   39.87038      -     -   76s
     0     0   39.90168    0 4425          -   39.90168      -     -   77s
     0     0   39.90662    0 4406          -   39.90662      -     -   77s
     0     0   44.34766    0 4260          -   44.34766      -     -   81s
     0     0   44.90934    0 4469          -   44.90934      -     -   83s
     0     0   45.06431    0 4432          -   45.06431      -     -   83s
     0     0   45.13228    0 4473          -   45.13228      -     -   84s
     0     0   45.14364    0 4404          -   45.14364      -     -   84s
     0     0   45.22309    0 4510          -   45.22309      -     -   85s
     0     0   45.24802    0 4545          -   45.24802      -     -   86s
     0     0   45.25315    0 4546          -   45.25315      -     -   86s
     0     0   45.27236    0 4475          -   45.27236      -     -   87s
     0     0   45.27500    0 4449          -   45.27500      -     -   87s
     0     0   45.57765    0 4420          -   45.57765      -     -   88s
     0     0   45.63223    0 4459          -   45.63223      -     -   89s
     0     0   45.65395    0 4512          -   45.65395      -     -   89s
     0     0   45.66382    0 4634          -   45.66382      -     -   90s
     0     0   45.67608    0 4559          -   45.67608      -     -   90s
     0     0   45.67840    0 4568          -   45.67840      -     -   91s
     0     0   45.68475    0 4518          -   45.68475      -     -   91s
     0     0   45.68589    0 4512          -   45.68589      -     -   93s
     0     0   45.68589    0 4512          -   45.68589      -     -   93s
     0     0   45.68589    0 4277          -   45.68589      -     -   93s
     0     2   45.68775    0 4267          -   45.68775      -     -  102s
     1     4   45.98108    1 4159          -   45.69451      -  4163  107s
     3     8   47.03957    2 4160          -   45.98773      - 11646  113s
     7    14   47.96251    3 3921          -   47.04496      - 11687  118s
    15    21   47.97072    4 3867          -   47.96373      -  9787  124s
    28    34  116.38591    5 1896          -   47.96373      -  7656  131s
    45    54   48.76961    6 3923          -   47.97072      -  7178  138s
    68    82   49.12370    7 4039          -   47.97072      -  5612  144s
    99   107   52.63000    8 3736          -   47.97072      -  4984  150s
   128   134   53.20654    8 3852          -   48.64179      -  4429  155s
H  136   134                    1790.0000000   48.64179  97.3%  4266  155s
   155   182   91.40592    9 3368 1790.00000   48.64179  97.3%  4069  160s
H  156   182                    1760.0000000   48.64179  97.2%  4043  160s
H  167   182                    1745.0000000   48.64179  97.2%  3997  160s
   207   236   53.61275    9 3784 1745.00000   48.64179  97.2%  3563  165s
H  221   236                    1742.0000000   48.64179  97.2%  3410  165s
H  226   236                    1741.0000000   48.64179  97.2%  3347  165s
   272   330  154.55582   10 2792 1741.00000   48.64179  97.2%  2979  168s
   380   410   52.88724    9 3785 1741.00000   48.64179  97.2%  2374  169s
   479   487 infeasible   10      1741.00000   48.64179  97.2%  2019  172s
   575   543   72.23804   12 4048 1741.00000   48.64179  97.2%  1857  176s
   655   612   68.47033   10 3698 1741.00000   48.64179  97.2%  1767  181s
   757   685   78.25126   13 3971 1741.00000   53.21084  96.9%  1664  186s
   875   712   79.23451   14 3956 1741.00000   53.32593  96.9%  1588  192s
   918   746   81.01434   14 3845 1741.00000   53.32593  96.9%  1575  197s
   974   825   84.98569   15 4068 1741.00000   53.32593  96.9%  1585  201s
H 1061   825                    1429.0000000   53.32593  96.3%  1521  201s
  1075   884  113.07364   16 4119 1429.00000   53.32593  96.3%  1528  206s
  1216  1007  132.47375   17 3902 1429.00000   53.32593  96.3%  1458  210s
H 1266  1007                    1411.0000000   53.32593  96.2%  1433  210s
  1391  1174   82.43244   15 4090 1411.00000   53.32593  96.2%  1357  216s
  1595  1306  137.79341   18 3941 1411.00000   53.32593  96.2%  1235  220s
  1822  1319  133.40750   18 3938 1411.00000   53.61357  96.2%  1150  224s
H 1826  1319                    1402.0000000   53.61357  96.2%  1156  224s
  1853  1478 infeasible   16      1402.00000   53.61357  96.2%  1175  230s
  2064  1683 infeasible   19      1402.00000   53.61357  96.2%  1117  235s
  2316  1711 infeasible   41      1402.00000   60.82501  95.7%  1056  239s
  2354  1898   82.98317   14 3253 1402.00000   60.82501  95.7%  1079  244s
H 2381  1786                    1009.0000000   60.82501  94.0%  1077  244s
  2598  1868   95.14396   15 3012 1009.00000   60.82501  94.0%  1012  249s
  2845  2019 infeasible   16      1009.00000   60.82501  94.0%   994  256s
  3131  2234 infeasible   15      1009.00000   61.99570  93.9%   948  262s
H 3426  2233                    1006.0000000   61.99570  93.8%   919  265s
  3427  2234  918.55990   30 4277 1006.00000   61.99570  93.8%   918  295s

Cutting planes:
  Gomory: 2
  Cover: 37
  Projected implied bound: 3
  Clique: 38
  MIR: 1
  Flow cover: 1
  GUB cover: 17
  Zero half: 143
  RLT: 83
  Relax-and-lift: 24
  BQP: 79

Explored 3428 nodes (3553730 simplex iterations) in 301.39 seconds (821.89 work units)
Thread count was 24 (of 48 available processors)

Solution count 10: 1006 1006 1009 ... 1760

Time limit reached
Best objective 1.006000000000e+03, best bound 1.420000000000e+02, gap 85.8847%

Gurobi 13.0.1 (linux64) logging started Mon Apr  6 15:57:15 2026

Set parameter LogFile to value "gurobi.log"
Set parameter LogToConsole to value 1
Set parameter DisplayInterval to value 1
Set parameter TimeLimit to value 300
Warning: variables 1044 and 1045 have the same name "temp_misalign_net_c1"
Warning: linear constraint 1223 and linear constraint 1425 have the same name "avoid_different_nets_C_F_col_1"
Warning: to let Gurobi read it back, use rlp format
Warning: variables 1044 and 1045 have the same name "temp_misalign_net_c1"
Warning: linear constraint 1223 and linear constraint 1425 have the same name "avoid_different_nets_C_F_col_1"
Warning: default variable names used to write mps file
Warning: default constraint names used to write mps file
Gurobi Optimizer version 13.0.1 build v13.0.1rc0 (linux64 - "Red Hat Enterprise Linux 8.10 (Ootpa)")

CPU model: AMD EPYC 9275F 24-Core Processor, instruction set [SSE2|AVX|AVX2|AVX512]
Thread count: 24 physical cores, 48 logical processors, using up to 24 threads

Non-default parameters:
TimeLimit  300
DisplayInterval  1

Optimize a model with 96983 rows, 31909 columns and 602461 nonzeros (Min)
Model fingerprint: 0x06b6bec7
Model has 1775 linear objective coefficients
Model has 2142 simple general constraints
  2142 INDICATOR
Variable types: 0 continuous, 31909 integer (24345 binary)
Coefficient statistics:
  Matrix range     [2e-01, 2e+01]
  Objective range  [1e+00, 1e+02]
  Bounds range     [1e+00, 2e+01]
  RHS range        [1e+00, 4e+01]
  GenCon rhs range [1e+00, 1e+00]
  GenCon coe range [1e+00, 1e+00]

Presolve removed 46018 rows and 15775 columns (presolve time = 1s)...
Presolve removed 43400 rows and 12882 columns
Presolve time: 1.66s
Presolved: 53583 rows, 19027 columns, 226115 nonzeros
Variable types: 0 continuous, 19027 integer (14759 binary)

Deterministic concurrent LP optimizer: primal and dual simplex (primal and dual model)
Showing primal log only...

Root relaxation presolved: 53547 rows, 19009 columns, 225755 nonzeros


Root simplex log...

Iteration    Objective       Primal Inf.    Dual Inf.      Time
       0    1.5340000e+03   1.448069e+04   1.361510e+10      2s
   16160    1.9028660e+03   1.974096e+03   7.973510e+09      2s
   31899    1.7650629e+03   2.272154e+01   6.978101e+09      3s
   37047    1.5472039e+03   7.308125e+00   7.563836e+09      4s
   40687    1.5387192e+03   4.184583e+00   2.229393e+09      5s
   43755    1.5295836e+03   3.149320e+00   7.438725e+08      6s
   46513    1.5271180e+03   2.438948e+00   6.978987e+08      7s
Concurrent spin time: 0.21s

Solved with primal simplex

Root relaxation: infeasible, 56182 iterations, 5.70 seconds (11.57 work units)

    Nodes    |    Current Node    |     Objective Bounds      |     Work
 Expl Unexpl |  Obj  Depth IntInf | Incumbent    BestBd   Gap | It/Node Time

     0     0 infeasible    0               - infeasible      -     -    7s

Explored 1 nodes (56182 simplex iterations) in 7.48 seconds (16.18 work units)
Thread count was 24 (of 48 available processors)

Solution count 0

Model is infeasible or unbounded
Best objective -, best bound -, gap -

Gurobi 13.0.1 (linux64) logging started Mon Apr  6 15:58:49 2026

Set parameter LogFile to value "gurobi.log"
Set parameter LogToConsole to value 1
Set parameter DisplayInterval to value 1
Set parameter TimeLimit to value 300
Warning: variables 1034 and 1035 have the same name "temp_misalign_net_c1"
Warning: linear constraint 1023 and linear constraint 1209 have the same name "avoid_different_nets_E_D_col_1"
Warning: to let Gurobi read it back, use rlp format
Warning: variables 1034 and 1035 have the same name "temp_misalign_net_c1"
Warning: linear constraint 1023 and linear constraint 1209 have the same name "avoid_different_nets_E_D_col_1"
Warning: default variable names used to write mps file
Warning: default constraint names used to write mps file
Gurobi Optimizer version 13.0.1 build v13.0.1rc0 (linux64 - "Red Hat Enterprise Linux 8.10 (Ootpa)")

CPU model: AMD EPYC 9275F 24-Core Processor, instruction set [SSE2|AVX|AVX2|AVX512]
Thread count: 24 physical cores, 48 logical processors, using up to 24 threads

Non-default parameters:
TimeLimit  300
DisplayInterval  1

Optimize a model with 96763 rows, 31899 columns and 601421 nonzeros (Min)
Model fingerprint: 0xcef5d686
Model has 1775 linear objective coefficients
Model has 2142 simple general constraints
  2142 INDICATOR
Variable types: 0 continuous, 31899 integer (24335 binary)
Coefficient statistics:
  Matrix range     [2e-01, 2e+01]
  Objective range  [1e+00, 1e+02]
  Bounds range     [1e+00, 2e+01]
  RHS range        [1e+00, 4e+01]
  GenCon rhs range [1e+00, 1e+00]
  GenCon coe range [1e+00, 1e+00]

Presolve removed 45706 rows and 15715 columns (presolve time = 1s)...
Presolve removed 43224 rows and 12859 columns
Presolve time: 1.67s
Presolved: 53539 rows, 19040 columns, 227029 nonzeros
Variable types: 0 continuous, 19040 integer (14729 binary)

Deterministic concurrent LP optimizer: primal and dual simplex (primal and dual model)
Showing primal log only...

Root relaxation presolved: 53503 rows, 19022 columns, 226669 nonzeros


Root simplex log...

Iteration    Objective       Primal Inf.    Dual Inf.      Time
       0    1.5340000e+03   1.356719e+04   1.342984e+10      2s
   16802    1.8895909e+03   1.696117e+03   8.043971e+09      2s
   29537    1.5805778e+03   1.318141e+01   1.092343e+09      3s
   33365    1.5467583e+03   7.590283e+00   3.778174e+08      4s
   37031    1.5287291e+03   3.597047e+00   5.401502e+08      5s
   39949    1.5273282e+03   2.430071e+00   1.056665e+08      6s
   42589    1.5205372e+03   2.085499e+00   2.085120e+08      7s
Concurrent spin time: 0.38s

Solved with primal simplex

Root relaxation: infeasible, 53807 iterations, 5.86 seconds (11.47 work units)

    Nodes    |    Current Node    |     Objective Bounds      |     Work
 Expl Unexpl |  Obj  Depth IntInf | Incumbent    BestBd   Gap | It/Node Time

     0     0 infeasible    0               - infeasible      -     -    7s

Explored 1 nodes (53807 simplex iterations) in 7.65 seconds (16.04 work units)
Thread count was 24 (of 48 available processors)

Solution count 0

Model is infeasible or unbounded
Best objective -, best bound -, gap -

Gurobi 13.0.1 (linux64) logging started Mon Apr  6 15:59:27 2026

Set parameter LogFile to value "gurobi.log"
Set parameter LogToConsole to value 1
Set parameter DisplayInterval to value 1
Set parameter TimeLimit to value 300
Warning: variables 1034 and 1035 have the same name "temp_misalign_net_c1"
Warning: linear constraint 1237 and linear constraint 1424 have the same name "avoid_different_nets_B_H_col_1"
Warning: to let Gurobi read it back, use rlp format
Warning: variables 1034 and 1035 have the same name "temp_misalign_net_c1"
Warning: linear constraint 1237 and linear constraint 1424 have the same name "avoid_different_nets_B_H_col_1"
Warning: default variable names used to write mps file
Warning: default constraint names used to write mps file
Gurobi Optimizer version 13.0.1 build v13.0.1rc0 (linux64 - "Red Hat Enterprise Linux 8.10 (Ootpa)")

CPU model: AMD EPYC 9275F 24-Core Processor, instruction set [SSE2|AVX|AVX2|AVX512]
Thread count: 24 physical cores, 48 logical processors, using up to 24 threads

Non-default parameters:
TimeLimit  300
DisplayInterval  1

Optimize a model with 96963 rows, 31899 columns and 602221 nonzeros (Min)
Model fingerprint: 0xd254f437
Model has 1775 linear objective coefficients
Model has 2142 simple general constraints
  2142 INDICATOR
Variable types: 0 continuous, 31899 integer (24335 binary)
Coefficient statistics:
  Matrix range     [2e-01, 2e+01]
  Objective range  [1e+00, 1e+02]
  Bounds range     [1e+00, 2e+01]
  RHS range        [1e+00, 4e+01]
  GenCon rhs range [1e+00, 1e+00]
  GenCon coe range [1e+00, 1e+00]

Presolve removed 45723 rows and 15598 columns (presolve time = 1s)...
Presolve removed 43372 rows and 12787 columns
Presolve time: 1.66s
Presolved: 53591 rows, 19112 columns, 228006 nonzeros
Variable types: 0 continuous, 19112 integer (14762 binary)

Deterministic concurrent LP optimizer: primal and dual simplex (primal and dual model)
Showing primal log only...

Root relaxation presolved: 53555 rows, 19094 columns, 227646 nonzeros


Root simplex log...

Iteration    Objective       Primal Inf.    Dual Inf.      Time
       0    1.5340000e+03   1.434256e+04   1.369755e+10      2s
   16556    1.9279418e+03   1.639924e+03   1.580045e+10      2s
   31123    1.6487433e+03   1.533518e+01   2.374664e+09      3s
   35719    1.5361893e+03   7.515649e+00   1.217430e+09      4s
   39105    1.5321554e+03   4.479283e+00   1.044640e+09      5s
   42055    1.5255549e+03   3.288339e+00   3.728851e+09      6s
Concurrent spin time: 0.44s

Solved with primal simplex

Root relaxation: infeasible, 46028 iterations, 4.78 seconds (9.13 work units)

    Nodes    |    Current Node    |     Objective Bounds      |     Work
 Expl Unexpl |  Obj  Depth IntInf | Incumbent    BestBd   Gap | It/Node Time

     0     0 infeasible    0               - infeasible      -     -    6s

Explored 1 nodes (46028 simplex iterations) in 6.56 seconds (13.68 work units)
Thread count was 24 (of 48 available processors)

Solution count 0

Model is infeasible or unbounded
Best objective -, best bound -, gap -

Gurobi 13.0.1 (linux64) logging started Mon Apr  6 16:00:07 2026

Set parameter LogFile to value "gurobi.log"
Set parameter LogToConsole to value 1
Set parameter DisplayInterval to value 1
Set parameter TimeLimit to value 300
Warning: variables 225 and 226 have the same name "temp_misalign_net_c1"
Warning: linear constraint 204 and linear constraint 250 have the same name "avoid_different_nets_B1_A1_col_1"
Warning: to let Gurobi read it back, use rlp format
Warning: variables 225 and 226 have the same name "temp_misalign_net_c1"
Warning: linear constraint 204 and linear constraint 250 have the same name "avoid_different_nets_B1_A1_col_1"
Warning: default variable names used to write mps file
Warning: default constraint names used to write mps file
Gurobi Optimizer version 13.0.1 build v13.0.1rc0 (linux64 - "Red Hat Enterprise Linux 8.10 (Ootpa)")

CPU model: AMD EPYC 9275F 24-Core Processor, instruction set [SSE2|AVX|AVX2|AVX512]
Thread count: 24 physical cores, 48 logical processors, using up to 24 threads

Non-default parameters:
TimeLimit  300
DisplayInterval  1

Optimize a model with 17843 rows, 6223 columns and 74324 nonzeros (Min)
Model fingerprint: 0xe6a32975
Model has 266 linear objective coefficients
Model has 432 simple general constraints
  432 INDICATOR
Variable types: 0 continuous, 6223 integer (4713 binary)
Coefficient statistics:
  Matrix range     [2e-01, 2e+01]
  Objective range  [1e+00, 1e+02]
  Bounds range     [1e+00, 8e+00]
  RHS range        [1e+00, 2e+01]
  GenCon rhs range [1e+00, 1e+00]
  GenCon coe range [1e+00, 1e+00]

Presolve removed 8638 rows and 2813 columns
Presolve time: 0.23s
Presolved: 9205 rows, 3410 columns, 34142 nonzeros
Variable types: 0 continuous, 3410 integer (2577 binary)

Root relaxation: objective 1.275333e+01, 3786 iterations, 0.09 seconds (0.19 work units)

    Nodes    |    Current Node    |     Objective Bounds      |     Work
 Expl Unexpl |  Obj  Depth IntInf | Incumbent    BestBd   Gap | It/Node Time

     0     0   12.75333    0  632          -   12.75333      -     -    0s
     0     0   13.23183    0  641          -   13.23183      -     -    0s
     0     0   13.23183    0  644          -   13.23183      -     -    0s
     0     0   25.64647    0  879          -   25.64647      -     -    0s
     0     0   26.44764    0  865          -   26.44764      -     -    1s
H    0     0                     513.0000000   26.52426  94.8%     -    1s
H    0     0                     282.0000000   26.52426  90.6%     -    1s
H    0     0                     274.0000000   26.52426  90.3%     -    1s
     0     0   58.74624    0  556  274.00000   58.74624  78.6%     -    1s
H    0     0                     146.0000000   58.74624  59.8%     -    1s
     0     0   89.25356    0  542  146.00000   89.25356  38.9%     -    1s
     0     0   89.25356    0  540  146.00000   89.25356  38.9%     -    1s
     0     0   99.39353    0  603  146.00000   99.39353  31.9%     -    1s
     0     0   99.39353    0  400  146.00000   99.39353  31.9%     -    1s
     0     0   99.39353    0  354  146.00000   99.39353  31.9%     -    1s
H    0     0                     138.0000000  105.36667  23.6%     -    1s
H    0     0                     135.0000000  105.36667  22.0%     -    1s
     0     0  117.06500    0  340  135.00000  117.06500  13.3%     -    1s
     0     0  117.06500    0  372  135.00000  117.06500  13.3%     -    1s
     0     0  117.06500    0  372  135.00000  117.06500  13.3%     -    1s
H    0     0                     133.0000000  117.06500  12.0%     -    1s
H    0     0                     132.0000000  117.06500  11.3%     -    1s
     0     0  132.00000    0  314  132.00000  132.00000  0.00%     -    1s

Cutting planes:
  Learned: 2
  Gomory: 5
  Cover: 20
  Implied bound: 9
  Clique: 57
  GUB cover: 2
  Zero half: 9
  RLT: 39
  Relax-and-lift: 25
  BQP: 13

Explored 1 nodes (11666 simplex iterations) in 1.47 seconds (2.40 work units)
Thread count was 24 (of 48 available processors)

Solution count 10: 132 133 135 ... 513

Optimal solution found (tolerance 1.00e-04)
Best objective 1.320000000000e+02, best bound 1.320000000000e+02, gap 0.0000%

Gurobi 13.0.1 (linux64) logging started Mon Apr  6 16:00:52 2026

Set parameter LogFile to value "gurobi.log"
Set parameter LogToConsole to value 1
Set parameter DisplayInterval to value 1
Set parameter TimeLimit to value 300
Warning: variables 221 and 222 have the same name "temp_misalign_net_c1"
Warning: linear constraint 208 and linear constraint 250 have the same name "avoid_different_nets_A2_A1_col_1"
Warning: to let Gurobi read it back, use rlp format
Warning: variables 221 and 222 have the same name "temp_misalign_net_c1"
Warning: linear constraint 208 and linear constraint 250 have the same name "avoid_different_nets_A2_A1_col_1"
Warning: default variable names used to write mps file
Warning: default constraint names used to write mps file
Gurobi Optimizer version 13.0.1 build v13.0.1rc0 (linux64 - "Red Hat Enterprise Linux 8.10 (Ootpa)")

CPU model: AMD EPYC 9275F 24-Core Processor, instruction set [SSE2|AVX|AVX2|AVX512]
Thread count: 24 physical cores, 48 logical processors, using up to 24 threads

Non-default parameters:
TimeLimit  300
DisplayInterval  1

Optimize a model with 17835 rows, 6219 columns and 74276 nonzeros (Min)
Model fingerprint: 0xfd1b7e48
Model has 266 linear objective coefficients
Model has 432 simple general constraints
  432 INDICATOR
Variable types: 0 continuous, 6219 integer (4709 binary)
Coefficient statistics:
  Matrix range     [2e-01, 2e+01]
  Objective range  [1e+00, 1e+02]
  Bounds range     [1e+00, 8e+00]
  RHS range        [1e+00, 2e+01]
  GenCon rhs range [1e+00, 1e+00]
  GenCon coe range [1e+00, 1e+00]

Presolve removed 8626 rows and 2814 columns
Presolve time: 0.22s
Presolved: 9209 rows, 3405 columns, 34167 nonzeros
Variable types: 0 continuous, 3405 integer (2572 binary)

Root relaxation: objective 1.373654e+01, 4169 iterations, 0.10 seconds (0.20 work units)

    Nodes    |    Current Node    |     Objective Bounds      |     Work
 Expl Unexpl |  Obj  Depth IntInf | Incumbent    BestBd   Gap | It/Node Time

     0     0   13.73654    0  662          -   13.73654      -     -    0s
     0     0   13.87161    0  671          -   13.87161      -     -    0s
H    0     0                     740.0000000   13.87161  98.1%     -    0s
H    0     0                     734.0000000   13.87161  98.1%     -    0s
H    0     0                     733.0000000   13.87161  98.1%     -    0s
H    0     0                     731.0000000   13.87161  98.1%     -    0s
     0     0   22.56269    0  817  731.00000   22.56269  96.9%     -    0s
     0     0   51.49918    0  541  731.00000   51.49918  93.0%     -    1s
H    0     0                     525.0000000   51.80433  90.1%     -    1s
H    0     0                     339.0000000   51.80433  84.7%     -    1s
H    0     0                     337.0000000   51.80433  84.6%     -    1s
H    0     0                     336.0000000   51.80433  84.6%     -    1s
H    0     0                     187.0000000   51.80433  72.3%     -    1s
     0     0   57.75341    0  476  187.00000   57.75341  69.1%     -    1s
H    0     0                     132.0000000   57.75341  56.2%     -    1s
     0     0   87.17384    0  487  132.00000   87.17384  34.0%     -    1s
     0     0   87.17384    0  130  132.00000   87.17384  34.0%     -    1s
     0     0   87.17384    0  130  132.00000   87.17384  34.0%     -    1s
     0     0  129.75000    0   16  132.00000  129.75000  1.70%     -    1s
     0     0  129.75000    0   17  132.00000  129.75000  1.70%     -    1s
     0     0  132.00000    0    6  132.00000  132.00000  0.00%     -    1s

Cutting planes:
  Gomory: 4
  Cover: 5
  Implied bound: 27
  Clique: 44
  MIR: 2
  GUB cover: 2
  Zero half: 10
  RLT: 33
  Relax-and-lift: 10
  BQP: 38
  PSD: 8

Explored 1 nodes (10275 simplex iterations) in 1.24 seconds (2.02 work units)
Thread count was 24 (of 48 available processors)

Solution count 10: 132 187 336 ... 740

Optimal solution found (tolerance 1.00e-04)
Best objective 1.320000000000e+02, best bound 1.320000000000e+02, gap 0.0000%

Gurobi 13.0.1 (linux64) logging started Mon Apr  6 16:01:34 2026

Set parameter LogFile to value "gurobi.log"
Set parameter LogToConsole to value 1
Set parameter DisplayInterval to value 1
Set parameter TimeLimit to value 300
Warning: variables 274 and 275 have the same name "temp_misalign_net_c1"
Warning: linear constraint 314 and linear constraint 359 have the same name "avoid_different_nets_Z_A1_col_1"
Warning: to let Gurobi read it back, use rlp format
Warning: variables 274 and 275 have the same name "temp_misalign_net_c1"
Warning: linear constraint 314 and linear constraint 359 have the same name "avoid_different_nets_Z_A1_col_1"
Warning: default variable names used to write mps file
Warning: default constraint names used to write mps file
Gurobi Optimizer version 13.0.1 build v13.0.1rc0 (linux64 - "Red Hat Enterprise Linux 8.10 (Ootpa)")

CPU model: AMD EPYC 9275F 24-Core Processor, instruction set [SSE2|AVX|AVX2|AVX512]
Thread count: 24 physical cores, 48 logical processors, using up to 24 threads

Non-default parameters:
TimeLimit  300
DisplayInterval  1

Optimize a model with 19607 rows, 6750 columns and 85419 nonzeros (Min)
Model fingerprint: 0xa87fc5cd
Model has 223 linear objective coefficients
Model has 462 simple general constraints
  462 INDICATOR
Variable types: 0 continuous, 6750 integer (5032 binary)
Coefficient statistics:
  Matrix range     [2e-01, 2e+01]
  Objective range  [1e+00, 1e+02]
  Bounds range     [1e+00, 1e+01]
  RHS range        [1e+00, 2e+01]
  GenCon rhs range [1e+00, 1e+00]
  GenCon coe range [1e+00, 1e+00]

Presolve removed 9387 rows and 2947 columns
Presolve time: 0.23s
Presolved: 10220 rows, 3803 columns, 33317 nonzeros
Variable types: 0 continuous, 3803 integer (2851 binary)

Root relaxation: objective 7.283094e+00, 4470 iterations, 0.11 seconds (0.22 work units)

    Nodes    |    Current Node    |     Objective Bounds      |     Work
 Expl Unexpl |  Obj  Depth IntInf | Incumbent    BestBd   Gap | It/Node Time

     0     0    7.28309    0  747          -    7.28309      -     -    0s
     0     0   80.15606    0  467          -   80.15606      -     -    0s
     0     0  142.81250    0  304          -  142.81250      -     -    0s
H    0     0                    1300.0000000  143.00000  89.0%     -    0s
H    0     0                    1053.0000000  143.00000  86.4%     -    0s
H    0     0                     981.0000000  143.00000  85.4%     -    0s
H    0     0                     972.0000000  143.00000  85.3%     -    0s
H    0     0                     970.0000000  143.00000  85.3%     -    0s
H    0     0                     705.0000000  143.00000  79.7%     -    0s
H    0     0                     491.0000000  143.00000  70.9%     -    0s
H    0     0                     489.0000000  143.00000  70.8%     -    0s
H    0     0                     488.0000000  143.00000  70.7%     -    0s
H    0     0                     485.0000000  143.00000  70.5%     -    0s
     0     0  163.31250    0  310  485.00000  163.31250  66.3%     -    0s
     0     0  163.59052    0  293  485.00000  163.59052  66.3%     -    0s
     0     0  163.59375    0  285  485.00000  163.59375  66.3%     -    0s
     0     0  282.12500    0  378  485.00000  282.12500  41.8%     -    1s
     0     0  313.50000    0   71  485.00000  313.50000  35.4%     -    1s
H    0     0                     483.0000000  313.50000  35.1%     -    1s
     0     0  444.25000    0  135  483.00000  444.25000  8.02%     -    1s
     0     0  446.00000    0   38  483.00000  446.00000  7.66%     -    1s
H    0     0                     482.0000000  446.00000  7.47%     -    1s
     0     0  459.50000    0   32  482.00000  459.50000  4.67%     -    1s
     0     0  459.50000    0   13  482.00000  459.50000  4.67%     -    1s
     0     0     cutoff    0       482.00000  482.00000  0.00%     -    1s

Cutting planes:
  Gomory: 2
  MIR: 1
  Zero half: 4

Explored 1 nodes (10455 simplex iterations) in 1.12 seconds (1.75 work units)
Thread count was 24 (of 48 available processors)

Solution count 10: 482 482 482 ... 489

Optimal solution found (tolerance 1.00e-04)
Best objective 4.820000000000e+02, best bound 4.820000000000e+02, gap 0.0000%

Gurobi 13.0.1 (linux64) logging started Mon Apr  6 16:02:05 2026

Set parameter LogFile to value "gurobi.log"
Set parameter LogToConsole to value 1
Set parameter DisplayInterval to value 1
Set parameter TimeLimit to value 300
Warning: variables 269 and 270 have the same name "temp_misalign_net_c1"
Warning: linear constraint 316 and linear constraint 360 have the same name "avoid_different_nets_A1_net2_col_1"
Warning: to let Gurobi read it back, use rlp format
Warning: variables 269 and 270 have the same name "temp_misalign_net_c1"
Warning: linear constraint 316 and linear constraint 360 have the same name "avoid_different_nets_A1_net2_col_1"
Warning: default variable names used to write mps file
Warning: default constraint names used to write mps file
Gurobi Optimizer version 13.0.1 build v13.0.1rc0 (linux64 - "Red Hat Enterprise Linux 8.10 (Ootpa)")

CPU model: AMD EPYC 9275F 24-Core Processor, instruction set [SSE2|AVX|AVX2|AVX512]
Thread count: 24 physical cores, 48 logical processors, using up to 24 threads

Non-default parameters:
TimeLimit  300
DisplayInterval  1

Optimize a model with 19597 rows, 6745 columns and 85349 nonzeros (Min)
Model fingerprint: 0x6eb3e0b9
Model has 223 linear objective coefficients
Model has 462 simple general constraints
  462 INDICATOR
Variable types: 0 continuous, 6745 integer (5027 binary)
Coefficient statistics:
  Matrix range     [2e-01, 2e+01]
  Objective range  [1e+00, 1e+02]
  Bounds range     [1e+00, 1e+01]
  RHS range        [1e+00, 2e+01]
  GenCon rhs range [1e+00, 1e+00]
  GenCon coe range [1e+00, 1e+00]

Presolve removed 9401 rows and 2946 columns
Presolve time: 0.22s
Presolved: 10196 rows, 3799 columns, 33215 nonzeros
Variable types: 0 continuous, 3799 integer (2848 binary)

Root relaxation: objective 8.698048e+00, 5463 iterations, 0.14 seconds (0.29 work units)

    Nodes    |    Current Node    |     Objective Bounds      |     Work
 Expl Unexpl |  Obj  Depth IntInf | Incumbent    BestBd   Gap | It/Node Time

     0     0    8.69805    0  798          -    8.69805      -     -    0s
     0     0    8.74117    0  862          -    8.74117      -     -    0s
     0     0   88.56663    0  373          -   88.56663      -     -    1s
     0     0   98.38956    0  324          -   98.38956      -     -    1s
     0     0  114.61486    0  373          -  114.61486      -     -    1s
     0     0  154.68750    0  373          -  154.68750      -     -    1s
     0     0  154.68750    0  418          -  154.68750      -     -    1s
     0     0  185.17187    0  290          -  185.17187      -     -    1s
     0     0  185.24167    0  317          -  185.24167      -     -    1s
     0     0  185.38542    0  359          -  185.38542      -     -    1s
     0     0  185.40625    0  354          -  185.40625      -     -    1s
     0     0  216.04167    0  312          -  216.04167      -     -    1s
H    0     0                     876.0000000  216.04167  75.3%     -    1s
H    0     0                     852.0000000  216.04167  74.6%     -    1s
H    0     0                     828.0000000  216.04167  73.9%     -    1s
H    0     0                     718.0000000  216.21875  69.9%     -    1s
H    0     0                     714.0000000  216.21875  69.7%     -    1s
     0     0  216.21875    0  323  714.00000  216.21875  69.7%     -    1s
     0     0  216.21875    0  321  714.00000  216.21875  69.7%     -    1s
     0     0  216.31250    0  348  714.00000  216.31250  69.7%     -    1s
     0     0  216.34375    0  330  714.00000  216.34375  69.7%     -    1s
H    0     0                     617.0000000  216.34375  64.9%     -    1s
     0     0  268.63426    0  355  617.00000  268.63426  56.5%     -    1s
H    0     0                     615.0000000  268.63426  56.3%     -    1s
     0     0  313.50000    0   71  615.00000  313.50000  49.0%     -    1s
H    0     0                     614.0000000  313.50000  48.9%     -    1s
H    0     0                     591.0000000  313.50000  47.0%     -    1s
H    0     0                     583.0000000  313.50000  46.2%     -    1s
H    0     0                     521.0000000  313.50000  39.8%     -    1s
H    0     0                     519.0000000  313.50000  39.6%     -    1s
H    0     0                     492.0000000  375.00000  23.8%     -    1s
H    0     0                     486.0000000  375.00000  22.8%     -    1s
H    0     0                     483.0000000  375.00000  22.4%     -    1s
     0     0  467.58333    0  164  483.00000  467.58333  3.19%     -    1s
     0     0  468.50000    0   45  483.00000  468.50000  3.00%     -    1s
H    0     0                     482.0000000  468.50000  2.80%     -    1s

Cutting planes:
  Learned: 2
  Gomory: 9
  Cover: 6
  Implied bound: 21
  Clique: 9
  MIR: 3
  GUB cover: 5
  Zero half: 9
  RLT: 5
  Relax-and-lift: 5
  PSD: 1

Explored 1 nodes (14590 simplex iterations) in 1.68 seconds (2.58 work units)
Thread count was 24 (of 48 available processors)

Solution count 10: 482 483 486 ... 615

Optimal solution found (tolerance 1.00e-04)
Best objective 4.820000000000e+02, best bound 4.820000000000e+02, gap 0.0000%

Gurobi 13.0.1 (linux64) logging started Mon Apr  6 16:04:10 2026

Set parameter LogFile to value "gurobi.log"
Set parameter LogToConsole to value 1
Set parameter DisplayInterval to value 1
Set parameter TimeLimit to value 120
Gurobi Optimizer version 13.0.1 build v13.0.1rc0 (linux64 - "Red Hat Enterprise Linux 8.10 (Ootpa)")

CPU model: AMD EPYC 9275F 24-Core Processor, instruction set [SSE2|AVX|AVX2|AVX512]
Thread count: 24 physical cores, 48 logical processors, using up to 24 threads

Non-default parameters:
TimeLimit  120
DisplayInterval  1

Optimize a model with 3083 rows, 2215 columns and 11400 nonzeros (Min)
Model fingerprint: 0x4a93f00d
Model has 43 linear objective coefficients
Variable types: 0 continuous, 2215 integer (2214 binary)
Coefficient statistics:
  Matrix range     [1e+00, 2e+01]
  Objective range  [1e+00, 1e+00]
  Bounds range     [1e+00, 1e+00]
  RHS range        [1e+00, 2e+01]

Presolve removed 1499 rows and 715 columns
Presolve time: 0.02s
Presolved: 1584 rows, 1500 columns, 8140 nonzeros
Variable types: 0 continuous, 1500 integer (1499 binary)
Found heuristic solution: objective 28.0000000

Root relaxation: objective 4.400577e+00, 1388 iterations, 0.03 seconds (0.06 work units)

    Nodes    |    Current Node    |     Objective Bounds      |     Work
 Expl Unexpl |  Obj  Depth IntInf | Incumbent    BestBd   Gap | It/Node Time

     0     0    4.40058    0  294   28.00000    4.40058  84.3%     -    0s
H    0     0                      27.0000000    4.40058  83.7%     -    0s
     0     0    6.53916    0  461   27.00000    6.53916  75.8%     -    0s
H    0     0                      24.0000000    7.00000  70.8%     -    0s
     0     0    7.00000    0  388   24.00000    7.00000  70.8%     -    0s
     0     0    7.00000    0  374   24.00000    7.00000  70.8%     -    0s
     0     0    7.80925    0  479   24.00000    7.80925  67.5%     -    0s
     0     0    7.94407    0  453   24.00000    7.94407  66.9%     -    0s
     0     0   10.00000    0  458   24.00000   10.00000  58.3%     -    0s
H    0     0                      23.0000000   10.00000  56.5%     -    0s
     0     0   10.00000    0  428   23.00000   10.00000  56.5%     -    0s
     0     0   10.00000    0  423   23.00000   10.00000  56.5%     -    0s
     0     0   10.00000    0  534   23.00000   10.00000  56.5%     -    0s
     0     0   10.00000    0  534   23.00000   10.00000  56.5%     -    0s
     0     0   10.00000    0  459   23.00000   10.00000  56.5%     -    0s
     0     1   10.00000    0  394   23.00000   10.00000  56.5%     -    1s
H    7     8                      22.0000000   10.00000  54.5%   505    1s
H   16    32                      21.0000000   10.00000  52.4%   454    1s
H   55    49                      19.0000000   10.00000  47.4%   454    1s
H   56   100                      18.0000000   10.00000  44.4%   451    1s
H   86   100                      17.0000000   10.00000  41.2%   406    1s
H  397   316                      15.0000000   10.00000  33.3%   418    1s
   564   334   11.00000   10  422   15.00000   10.00000  33.3%   365    2s
H  739   433                      14.0000000   10.00000  28.6%   349    2s
  1838   730   11.12474   22  297   14.00000   10.23452  26.9%   265    3s
  2709   758   12.48125   21  459   14.00000   10.60253  24.3%   260    4s
  2717   763   11.08823   18  335   14.00000   11.00000  21.4%   259    5s
H 2933   815                      13.0000000   11.00000  15.4%   272    5s
  3095   795     cutoff   22        13.00000   11.00000  15.4%   274    6s
  3602   716 infeasible   25        13.00000   11.00000  15.4%   277    7s
  3993   632   11.00000   27  319   13.00000   11.00000  15.4%   281    8s
  4837   309   12.00000   30  336   13.00000   11.00000  15.4%   285    9s

Cutting planes:
  Gomory: 3
  Cover: 6
  Clique: 30
  MIR: 5
  Flow cover: 18
  GUB cover: 1
  Inf proof: 3
  Zero half: 14
  RLT: 37

Explored 6058 nodes (1763816 simplex iterations) in 9.97 seconds (27.74 work units)
Thread count was 24 (of 48 available processors)

Solution count 10: 13 14 14 ... 23

Optimal solution found (tolerance 1.00e-04)
Best objective 1.300000000000e+01, best bound 1.300000000000e+01, gap 0.0000%

Gurobi 13.0.1 (linux64) logging started Mon Apr  6 16:04:47 2026

Set parameter LogFile to value "gurobi.log"
Set parameter LogToConsole to value 1
Set parameter DisplayInterval to value 1
Set parameter TimeLimit to value 120
Gurobi Optimizer version 13.0.1 build v13.0.1rc0 (linux64 - "Red Hat Enterprise Linux 8.10 (Ootpa)")

CPU model: AMD EPYC 9275F 24-Core Processor, instruction set [SSE2|AVX|AVX2|AVX512]
Thread count: 24 physical cores, 48 logical processors, using up to 24 threads

Non-default parameters:
TimeLimit  120
DisplayInterval  1

Optimize a model with 3041 rows, 2194 columns and 10896 nonzeros (Min)
Model fingerprint: 0x331e051b
Model has 1 linear objective coefficients
Variable types: 0 continuous, 2194 integer (2193 binary)
Coefficient statistics:
  Matrix range     [1e+00, 2e+01]
  Objective range  [1e+00, 1e+00]
  Bounds range     [1e+00, 1e+00]
  RHS range        [1e+00, 2e+01]

Presolve removed 1499 rows and 715 columns
Presolve time: 0.01s
Presolved: 1542 rows, 1479 columns, 7636 nonzeros
Variable types: 0 continuous, 1479 integer (1478 binary)

Root relaxation: objective 4.400577e+00, 1461 iterations, 0.03 seconds (0.06 work units)

    Nodes    |    Current Node    |     Objective Bounds      |     Work
 Expl Unexpl |  Obj  Depth IntInf | Incumbent    BestBd   Gap | It/Node Time

     0     0    4.40058    0  325          -    4.40058      -     -    0s
H    0     0                      21.0000000    4.40058  79.0%     -    0s
     0     0    6.71884    0  472   21.00000    6.71884  68.0%     -    0s
     0     0    7.01565    0  461   21.00000    7.01565  66.6%     -    0s
     0     0    7.01565    0  460   21.00000    7.01565  66.6%     -    0s
H    0     0                      20.0000000    7.89676  60.5%     -    0s
H    0     0                      19.0000000    7.89676  58.4%     -    0s
     0     0   10.00000    0  461   19.00000   10.00000  47.4%     -    0s
     0     0   10.00000    0  445   19.00000   10.00000  47.4%     -    0s
     0     0   10.00000    0  480   19.00000   10.00000  47.4%     -    0s
     0     0   10.00000    0  480   19.00000   10.00000  47.4%     -    0s
     0     0   10.00000    0  162   19.00000   10.00000  47.4%     -    0s
     0     0   10.00000    0  504   19.00000   10.00000  47.4%     -    0s
     0     0   10.35503    0  485   19.00000   10.35503  45.5%     -    1s
     0     0   11.00000    0  437   19.00000   11.00000  42.1%     -    1s
     0     0   11.00000    0  416   19.00000   11.00000  42.1%     -    1s
     0     0   13.00000    0  382   19.00000   13.00000  31.6%     -    1s
     0     0   13.00000    0  348   19.00000   13.00000  31.6%     -    1s
     0     0   13.00000    0  366   19.00000   13.00000  31.6%     -    1s
     0     0   13.00000    0  325   19.00000   13.00000  31.6%     -    1s
     0     0   13.00000    0  390   19.00000   13.00000  31.6%     -    1s
     0     0   13.00000    0  311   19.00000   13.00000  31.6%     -    1s
     0     0   13.00000    0  286   19.00000   13.00000  31.6%     -    1s
     0     0   13.00000    0  347   19.00000   13.00000  31.6%     -    1s
     0     0   13.00000    0  204   19.00000   13.00000  31.6%     -    1s
     0     0   13.00000    0  355   19.00000   13.00000  31.6%     -    1s
     0     0   13.00000    0  338   19.00000   13.00000  31.6%     -    2s
     0     0   13.00000    0  215   19.00000   13.00000  31.6%     -    2s
     0     0   13.00000    0  215   19.00000   13.00000  31.6%     -    2s
     0     0   13.00000    0  215   19.00000   13.00000  31.6%     -    2s
     0     2   13.00000    0  164   19.00000   13.00000  31.6%     -    2s
   196   181   14.00000   11  310   19.00000   13.00000  31.6%   449    3s
H  280   217                      18.0000000   13.00000  27.8%   491    3s
   797   432   17.00000   20  279   18.00000   13.00000  27.8%   365    4s
  1381   588   17.00000   29  286   18.00000   13.00000  27.8%   323    5s
  2102   757   15.00000   12  272   18.00000   14.00000  22.2%   310    6s
  3592  1079   15.00000   17  367   18.00000   14.00000  22.2%   300    7s
  5487  1233   16.00000   24  216   18.00000   14.00000  22.2%   293    8s
  6873  1453   17.00000   34  267   18.00000   15.00000  16.7%   288    9s
  8884  1599   15.00000   11  326   18.00000   15.00000  16.7%   287   10s
  9029  1711   15.00000   16  239   18.00000   15.00000  16.7%   289   11s
  9725  1732 infeasible   20        18.00000   15.00000  16.7%   287   12s
 10855  1757   15.00000   18  169   18.00000   15.00000  16.7%   283   13s
 12055  1811 infeasible   37        18.00000   15.00000  16.7%   281   14s
*12722  1603              37      17.0000000   15.00000  11.8%   278   14s
 13646  1483   15.00000   24  303   17.00000   15.00000  11.8%   275   15s
 14765  1692   15.00000   25  278   17.00000   15.00000  11.8%   271   16s
 16815  1730 infeasible   30        17.00000   15.00000  11.8%   266   17s
 19282  1782   15.00000   24  248   17.00000   15.00000  11.8%   261   18s
 21717  1975 infeasible   32        17.00000   15.00000  11.8%   254   19s
 24296  2164 infeasible   30        17.00000   15.00000  11.8%   253   20s
 27000  2172   15.00000   23  351   17.00000   15.00000  11.8%   249   21s
 27174  2185   15.00000   26  311   17.00000   15.00000  11.8%   249   22s
 30197  2298   15.00000   27  276   17.00000   15.00000  11.8%   247   23s
 32841  2458 infeasible   29        17.00000   15.00000  11.8%   246   24s
 35059  2437 infeasible   32        17.00000   15.00000  11.8%   245   25s
 37492  2500   16.00000   27  252   17.00000   15.00000  11.8%   244   26s
 39706  2448 infeasible   28        17.00000   15.00000  11.8%   243   27s
 42547  2382   16.00000   34  247   17.00000   15.00000  11.8%   242   28s
 45865  2431   15.00000   33  288   17.00000   15.00000  11.8%   240   29s
 48820  2363 infeasible   25        17.00000   16.00000  5.88%   238   30s
 50819  2231 infeasible   37        17.00000   16.00000  5.88%   237   32s
 54689  2094   16.00000   30  242   17.00000   16.00000  5.88%   235   33s
 56485  2085   16.00000   35  228   17.00000   16.00000  5.88%   235   34s
 59451  1926   16.00000   39  301   17.00000   16.00000  5.88%   236   35s
 61448  1861 infeasible   24        17.00000   16.00000  5.88%   236   36s
 65853  1608 infeasible   28        17.00000   16.00000  5.88%   235   37s
 67588  1602 infeasible   29        17.00000   16.00000  5.88%   236   38s
 69502  1486 infeasible   38        17.00000   16.00000  5.88%   236   39s
 71404  1429 infeasible   35        17.00000   16.00000  5.88%   238   40s
 73504  1400 infeasible   37        17.00000   16.00000  5.88%   238   41s
 73765  1374   16.00000   30  325   17.00000   16.00000  5.88%   238   42s
 75190  1261 infeasible   29        17.00000   16.00000  5.88%   239   44s
 77495  1116   16.00000   35  215   17.00000   16.00000  5.88%   240   45s
 80100   986   16.00000   33  238   17.00000   16.00000  5.88%   240   46s
 82540   924 infeasible   45        17.00000   16.00000  5.88%   241   47s
 84796   727   16.00000   34  247   17.00000   16.00000  5.88%   243   48s
 86991   627 infeasible   31        17.00000   16.00000  5.88%   243   49s
 89281   448   16.00000   29  262   17.00000   16.00000  5.88%   245   50s
 91725   301 infeasible   41        17.00000   16.00000  5.88%   246   52s
 94150   128 infeasible   33        17.00000   16.00000  5.88%   246   53s
 96110    52   16.00000   36  198   17.00000   16.00000  5.88%   247   54s
 97618    14   16.00000   37  209   17.00000   16.00000  5.88%   247   55s
 98225     0 infeasible   38        17.00000   16.00000  5.88%   247   56s

Cutting planes:
  Cover: 2
  Implied bound: 59
  Clique: 23
  MIR: 4
  Flow cover: 45
  Inf proof: 11
  Zero half: 15
  RLT: 86
  BQP: 28

Explored 98351 nodes (24369230 simplex iterations) in 56.27 seconds (174.60 work units)
Thread count was 24 (of 48 available processors)

Solution count 5: 17 18 19 ... 21

Optimal solution found (tolerance 1.00e-04)
Best objective 1.700000000000e+01, best bound 1.700000000000e+01, gap 0.0000%

Gurobi 13.0.1 (linux64) logging started Mon Apr  6 16:15:39 2026

Set parameter LogFile to value "gurobi.log"
Set parameter LogToConsole to value 1
Set parameter DisplayInterval to value 1
Set parameter TimeLimit to value 300
Warning: variables 29413 and 29440 have the same name "one_pin_net_bin_A"
Warning: linear constraint 5288 and linear constraint 5291 have the same name "mar_constraint_G_pp_6_3_left_edge"
Warning: to let Gurobi read it back, use rlp format
Warning: variables 29413 and 29440 have the same name "one_pin_net_bin_A"
Warning: linear constraint 5288 and linear constraint 5291 have the same name "mar_constraint_G_pp_6_3_left_edge"
Warning: default variable names used to write mps file
Warning: default constraint names used to write mps file
Gurobi Optimizer version 13.0.1 build v13.0.1rc0 (linux64 - "Red Hat Enterprise Linux 8.10 (Ootpa)")

CPU model: AMD EPYC 9275F 24-Core Processor, instruction set [SSE2|AVX|AVX2|AVX512]
Thread count: 24 physical cores, 48 logical processors, using up to 24 threads

Non-default parameters:
TimeLimit  300
DisplayInterval  1

Optimize a model with 92916 rows, 31810 columns and 586624 nonzeros (Min)
Model fingerprint: 0xc2dfb0ec
Model has 1775 linear objective coefficients
Model has 2142 simple general constraints
  2142 INDICATOR
Variable types: 0 continuous, 31810 integer (24245 binary)
Coefficient statistics:
  Matrix range     [2e-01, 2e+01]
  Objective range  [1e+00, 1e+02]
  Bounds range     [1e+00, 2e+01]
  RHS range        [1e+00, 4e+01]
  GenCon rhs range [1e+00, 1e+00]
  GenCon coe range [1e+00, 1e+00]

Presolve removed 37691 rows and 14098 columns (presolve time = 1s)...
Presolve removed 33995 rows and 10793 columns
Presolve time: 1.63s
Presolved: 58921 rows, 21017 columns, 250491 nonzeros
Variable types: 0 continuous, 21017 integer (16476 binary)

Deterministic concurrent LP optimizer: primal and dual simplex (primal and dual model)
Showing primal log only...

Root relaxation presolved: 58885 rows, 20999 columns, 250099 nonzeros


Root simplex log...

Iteration    Objective       Primal Inf.    Dual Inf.      Time
       0    1.5340000e+03   2.029488e+04   1.982606e+10      2s
   18294    1.8993566e+03   1.922973e+03   6.212223e+09      2s
   32720    1.5785228e+03   1.188753e+01   2.993819e+09      3s
   36438    1.5325915e+03   5.409467e+00   1.966443e+09      4s
   39390    1.5278108e+03   1.704956e+00   4.985052e+09      5s
   41964    1.5270379e+03   7.732662e-01   9.888330e+08      6s
   44350    1.5241033e+03   1.389747e-01   6.454480e+08      7s
   46326    2.1872230e+03   0.000000e+00   8.021275e+03      8s
Concurrent spin time: 1.43s (can be avoided by choosing Method=3)

Solved with dual simplex

Root relaxation: objective -1.089919e+02, 37663 iterations, 7.21 seconds (13.51 work units)

    Nodes    |    Current Node    |     Objective Bounds      |     Work
 Expl Unexpl |  Obj  Depth IntInf | Incumbent    BestBd   Gap | It/Node Time

     0     0 -108.99187    0 4079          - -108.99187      -     -   10s
     0     0   27.34079    0 4682          -   27.34079      -     -   47s
     0     0   29.52907    0 4726          -   29.52907      -     -   51s
     0     0 1.000e+100    0 4793          - infeasible      -     -   54s

Cutting planes:
  Learned: 483
  Cover: 386
  Clique: 178
  MIR: 2
  GUB cover: 11
  RLT: 193
  Relax-and-lift: 47
  BQP: 36
  PSD: 19

Explored 1 nodes (218087 simplex iterations) in 54.63 seconds (106.76 work units)
Thread count was 24 (of 48 available processors)

Solution count 0

Model is infeasible or unbounded
Best objective -, best bound -, gap -

Gurobi 13.0.1 (linux64) logging started Mon Apr  6 16:16:35 2026

Set parameter LogFile to value "gurobi.log"
Set parameter LogToConsole to value 1
Set parameter DisplayInterval to value 1
Set parameter TimeLimit to value 300
Warning: variables 29413 and 29440 have the same name "one_pin_net_bin_A"
Warning: linear constraint 5288 and linear constraint 5291 have the same name "mar_constraint_H_pp_6_3_left_edge"
Warning: to let Gurobi read it back, use rlp format
Warning: variables 29413 and 29440 have the same name "one_pin_net_bin_A"
Warning: linear constraint 5288 and linear constraint 5291 have the same name "mar_constraint_H_pp_6_3_left_edge"
Warning: default variable names used to write mps file
Warning: default constraint names used to write mps file
Gurobi Optimizer version 13.0.1 build v13.0.1rc0 (linux64 - "Red Hat Enterprise Linux 8.10 (Ootpa)")

CPU model: AMD EPYC 9275F 24-Core Processor, instruction set [SSE2|AVX|AVX2|AVX512]
Thread count: 24 physical cores, 48 logical processors, using up to 24 threads

Non-default parameters:
TimeLimit  300
DisplayInterval  1

Optimize a model with 92916 rows, 31810 columns and 586624 nonzeros (Min)
Model fingerprint: 0xb52640b8
Model has 1775 linear objective coefficients
Model has 2142 simple general constraints
  2142 INDICATOR
Variable types: 0 continuous, 31810 integer (24245 binary)
Coefficient statistics:
  Matrix range     [2e-01, 2e+01]
  Objective range  [1e+00, 1e+02]
  Bounds range     [1e+00, 2e+01]
  RHS range        [1e+00, 4e+01]
  GenCon rhs range [1e+00, 1e+00]
  GenCon coe range [1e+00, 1e+00]

Presolve removed 37689 rows and 14095 columns (presolve time = 1s)...
Presolve removed 34010 rows and 10806 columns
Presolve time: 1.62s
Presolved: 58906 rows, 21004 columns, 250489 nonzeros
Variable types: 0 continuous, 21004 integer (16463 binary)

Deterministic concurrent LP optimizer: primal and dual simplex (primal and dual model)
Showing primal log only...


Gurobi 13.0.1 (linux64) logging started Mon Apr  6 16:16:37 2026

Set parameter LogFile to value "gurobi.log"
Set parameter LogToConsole to value 1
Set parameter DisplayInterval to value 1
Set parameter TimeLimit to value 300
Root relaxation presolved: 58870 rows, 20986 columns, 250097 nonzeros


Root simplex log...

Iteration    Objective       Primal Inf.    Dual Inf.      Time
       0    1.5340000e+03   2.165375e+04   2.022583e+10      2s
   17048    1.9481195e+03   2.482257e+03   1.188253e+10      2s
Warning: variables 29413 and 29440 have the same name "one_pin_net_bin_A"
Warning: linear constraint 5246 and linear constraint 5249 have the same name "mar_constraint_n2_pp_6_3_left_edge"
Warning: to let Gurobi read it back, use rlp format
Warning: variables 29413 and 29440 have the same name "one_pin_net_bin_A"
Warning: linear constraint 5246 and linear constraint 5249 have the same name "mar_constraint_n2_pp_6_3_left_edge"
Warning: default variable names used to write mps file
Warning: default constraint names used to write mps file
Gurobi Optimizer version 13.0.1 build v13.0.1rc0 (linux64 - "Red Hat Enterprise Linux 8.10 (Ootpa)")

CPU model: AMD EPYC 9275F 24-Core Processor, instruction set [SSE2|AVX|AVX2|AVX512]
Thread count: 24 physical cores, 48 logical processors, using up to 24 threads

Non-default parameters:
TimeLimit  300
DisplayInterval  1

Optimize a model with 92916 rows, 31810 columns and 586624 nonzeros (Min)
Model fingerprint: 0x9c9023b2
Model has 1775 linear objective coefficients
Model has 2142 simple general constraints
  2142 INDICATOR
Variable types: 0 continuous, 31810 integer (24245 binary)
Coefficient statistics:
  Matrix range     [2e-01, 2e+01]
  Objective range  [1e+00, 1e+02]
  Bounds range     [1e+00, 2e+01]
  RHS range        [1e+00, 4e+01]
  GenCon rhs range [1e+00, 1e+00]
  GenCon coe range [1e+00, 1e+00]

   33363    1.7357102e+03   1.444210e+01   2.005341e+09      3s
Presolve removed 37677 rows and 14096 columns (presolve time = 1s)...
   37161    1.5259350e+03   6.137396e+00   4.483675e+08      4s
Presolve removed 34002 rows and 10835 columns
Presolve time: 1.61s
Presolved: 58914 rows, 20975 columns, 248587 nonzeros
Variable types: 0 continuous, 20975 integer (16463 binary)

Deterministic concurrent LP optimizer: primal and dual simplex (primal and dual model)
Showing primal log only...

Root relaxation presolved: 58878 rows, 20957 columns, 248195 nonzeros


Root simplex log...

Iteration    Objective       Primal Inf.    Dual Inf.      Time
       0    1.5340000e+03   1.759875e+04   1.852174e+10      2s
   16553    1.8929636e+03   2.680042e+03   7.667891e+09      2s
   39697    1.5221956e+03   2.717629e+00   5.014446e+08      5s
   32861    1.7282929e+03   1.634441e+01   5.468205e+09      3s
   42369    1.5233473e+03   7.632920e-01   1.387275e+09      6s
   37277    1.5421932e+03   9.544328e+00   1.418193e+10      4s
   45021    1.5194073e+03   2.838966e-02   3.965094e+08      7s
   45074    2.1832389e+03   0.000000e+00   7.034997e+03      7s
   40719    1.5339041e+03   4.565451e+00   5.584129e+09      5s
Concurrent spin time: 1.20s (can be avoided by choosing Method=3)

Solved with dual simplex

Root relaxation: objective -1.135948e+02, 34702 iterations, 6.68 seconds (12.77 work units)
   44085    1.5259677e+03   1.645616e+00   2.554236e+09      6s
   46393    1.5243185e+03   6.962862e-01   9.628119e+08      7s

    Nodes    |    Current Node    |     Objective Bounds      |     Work
 Expl Unexpl |  Obj  Depth IntInf | Incumbent    BestBd   Gap | It/Node Time

     0     0 -113.59484    0 4309          - -113.59484      -     -   10s
   48613    1.5241519e+03   6.930709e-02   7.335991e+08      8s
Concurrent spin time: 1.08s (can be avoided by choosing Method=3)

Solved with dual simplex

Root relaxation: objective -1.153573e+02, 36984 iterations, 7.00 seconds (13.13 work units)

    Nodes    |    Current Node    |     Objective Bounds      |     Work
 Expl Unexpl |  Obj  Depth IntInf | Incumbent    BestBd   Gap | It/Node Time

     0     0 -115.35729    0 4242          - -115.35729      -     -   10s
     0     0   16.20205    0 4539          -   16.20205      -     -   50s
     0     0   17.81670    0 4418          -   17.81670      -     -   53s
     0     0   17.81670    0 4419          -   17.81670      -     -   53s
     0     0   17.99075    0 4610          -   17.99075      -     -   57s
     0     0   20.20225    0 4674          -   20.20225      -     -   61s
     0     0   20.20225    0 4674          -   20.20225      -     -   61s
     0     0 1.000e+100    0 4735          - infeasible      -     -   63s

Cutting planes:
  Learned: 630
  Cover: 350
  Clique: 200
  MIR: 1
  GUB cover: 19
  RLT: 182
  Relax-and-lift: 51
  BQP: 46
  PSD: 22

Explored 1 nodes (212660 simplex iterations) in 63.47 seconds (123.56 work units)
Thread count was 24 (of 48 available processors)

Solution count 0

Model is infeasible or unbounded
Best objective -, best bound -, gap -
     0     0   39.34208    0 4726          -   39.34208      -     -   61s
     0     0 1.000e+100    0 4780          - infeasible      -     -   62s

Cutting planes:
  Learned: 489
  Cover: 337
  Clique: 176
  MIR: 10
  GUB cover: 10
  RLT: 174
  Relax-and-lift: 66
  BQP: 55
  PSD: 24

Explored 1 nodes (237144 simplex iterations) in 62.06 seconds (118.77 work units)
Thread count was 24 (of 48 available processors)

Solution count 0

Model is infeasible or unbounded
Best objective -, best bound -, gap -

Gurobi 13.0.1 (linux64) logging started Mon Apr  6 16:18:09 2026

Set parameter LogFile to value "gurobi.log"
Set parameter LogToConsole to value 1
Set parameter DisplayInterval to value 1
Set parameter TimeLimit to value 300
Gurobi Optimizer version 13.0.1 build v13.0.1rc0 (linux64 - "Red Hat Enterprise Linux 8.10 (Ootpa)")

CPU model: AMD EPYC 9275F 24-Core Processor, instruction set [SSE2|AVX|AVX2|AVX512]
Thread count: 24 physical cores, 48 logical processors, using up to 24 threads

Non-default parameters:
TimeLimit  300
DisplayInterval  1

Optimize a model with 12236 rows, 8857 columns and 59619 nonzeros (Min)
Model fingerprint: 0xff233da4
Model has 21 linear objective coefficients
Variable types: 0 continuous, 8857 integer (8612 binary)
Coefficient statistics:
  Matrix range     [1e+00, 2e+01]
  Objective range  [1e+00, 1e+00]
  Bounds range     [1e+00, 2e+01]
  RHS range        [1e+00, 4e+01]

Presolve removed 7690 rows and 6068 columns
Presolve time: 0.31s
Presolved: 4546 rows, 2789 columns, 31074 nonzeros
Variable types: 0 continuous, 2789 integer (2743 binary)

Root relaxation: objective 1.000000e+01, 4712 iterations, 0.32 seconds (0.78 work units)

    Nodes    |    Current Node    |     Objective Bounds      |     Work
 Expl Unexpl |  Obj  Depth IntInf | Incumbent    BestBd   Gap | It/Node Time

     0     0   10.00000    0  971          -   10.00000      -     -    1s
     0     0   10.00000    0 1097          -   10.00000      -     -    1s
     0     0   10.00000    0 1022          -   10.00000      -     -    1s
     0     0   10.00000    0 1075          -   10.00000      -     -    2s
     0     0   10.00000    0 1008          -   10.00000      -     -    3s
     0     0   10.00000    0 1073          -   10.00000      -     -    3s
     0     0   10.00000    0 1174          -   10.00000      -     -    3s
     0     0   10.00000    0 1033          -   10.00000      -     -    4s
     0     0   10.00615    0 1075          -   10.00615      -     -    4s
     0     0   10.02188    0 1148          -   10.02188      -     -    5s
     0     0   10.02188    0 1091          -   10.02188      -     -    5s
     0     0   10.02235    0 1145          -   10.02235      -     -    5s
     0     0   10.04379    0 1178          -   10.04379      -     -    5s
     0     0   10.04853    0 1185          -   10.04853      -     -    5s
     0     0   10.06795    0 1217          -   10.06795      -     -    5s
     0     0   10.07042    0 1212          -   10.07042      -     -    6s
     0     0   10.08271    0 1208          -   10.08271      -     -    6s
     0     0   10.08400    0 1229          -   10.08400      -     -    6s
     0     0   10.10274    0 1236          -   10.10274      -     -    6s
     0     0   10.10482    0 1229          -   10.10482      -     -    6s
     0     0   10.17056    0 1191          -   10.17056      -     -    6s
     0     0   10.22247    0 1180          -   10.22247      -     -    6s
     0     0   10.37984    0 1090          -   10.37984      -     -    6s
     0     0   10.39277    0 1172          -   10.39277      -     -    6s
     0     0   10.66667    0 1124          -   10.66667      -     -    7s
     0     0   10.66667    0 1092          -   10.66667      -     -    7s
     0     0   10.66667    0 1124          -   10.66667      -     -    7s
     0     0   10.66667    0 1114          -   10.66667      -     -    7s
     0     0   10.66667    0 1135          -   10.66667      -     -    7s
     0     0   10.66667    0 1043          -   10.66667      -     -    8s
     0     0   10.66667    0 1043          -   10.66667      -     -    8s
     0     0   10.66667    0  988          -   10.66667      -     -    8s
     0     2   11.00000    0  988          -   11.00000      -     -    9s
     7    14   11.36387    3  760          -   11.00000      -  1290   10s
   135    36   11.23303   11  921          -   11.00000      -   729   11s
   282     4 infeasible   13               -   11.44610      -   565   12s
   291     4   12.77273   14  654          -   11.45733      -   554   13s

Cutting planes:
  Learned: 2
  Cover: 323
  Implied bound: 355
  Clique: 230
  MIR: 60
  GUB cover: 17
  Zero half: 28
  RLT: 175
  Relax-and-lift: 15
  BQP: 209
  PSD: 11

Explored 299 nodes (241032 simplex iterations) in 13.31 seconds (33.07 work units)
Thread count was 24 (of 48 available processors)

Solution count 0

Model is infeasible
Best objective -, best bound -, gap -

Gurobi 13.0.1 (linux64) logging started Mon Apr  6 16:19:58 2026

Set parameter LogFile to value "gurobi.log"
Set parameter LogToConsole to value 1
Set parameter DisplayInterval to value 1
Set parameter TimeLimit to value 300
Gurobi Optimizer version 13.0.1 build v13.0.1rc0 (linux64 - "Red Hat Enterprise Linux 8.10 (Ootpa)")

CPU model: AMD EPYC 9275F 24-Core Processor, instruction set [SSE2|AVX|AVX2|AVX512]
Thread count: 24 physical cores, 48 logical processors, using up to 24 threads

Non-default parameters:
TimeLimit  300
DisplayInterval  1

Optimize a model with 12236 rows, 8857 columns and 59579 nonzeros (Min)
Model fingerprint: 0x770ad76a
Model has 21 linear objective coefficients
Variable types: 0 continuous, 8857 integer (8612 binary)
Coefficient statistics:
  Matrix range     [1e+00, 2e+01]
  Objective range  [1e+00, 1e+00]
  Bounds range     [1e+00, 2e+01]
  RHS range        [1e+00, 4e+01]

Presolve removed 7700 rows and 6068 columns
Presolve time: 0.31s
Presolved: 4536 rows, 2789 columns, 31018 nonzeros
Variable types: 0 continuous, 2789 integer (2743 binary)

Root relaxation: objective 1.000000e+01, 4445 iterations, 0.29 seconds (0.73 work units)

    Nodes    |    Current Node    |     Objective Bounds      |     Work
 Expl Unexpl |  Obj  Depth IntInf | Incumbent    BestBd   Gap | It/Node Time

     0     0   10.00000    0 1068          -   10.00000      -     -    0s
     0     0   10.00000    0 1111          -   10.00000      -     -    1s
     0     0   10.00000    0 1096          -   10.00000      -     -    1s
     0     0   10.00000    0 1137          -   10.00000      -     -    2s
     0     0   10.00000    0 1026          -   10.00000      -     -    2s
     0     0   10.00000    0 1014          -   10.00000      -     -    3s
     0     0   10.00000    0 1132          -   10.00000      -     -    3s
     0     0   10.00000    0 1093          -   10.00000      -     -    4s
     0     0   10.00487    0 1074          -   10.00487      -     -    4s
     0     0   10.12299    0 1147          -   10.12299      -     -    5s
     0     0   10.12299    0 1108          -   10.12299      -     -    5s
     0     0   10.12299    0 1108          -   10.12299      -     -    5s
     0     0   10.12299    0 1108          -   10.12299      -     -    5s
     0     0   10.12299    0 1086          -   10.12299      -     -    5s
     0     0   11.00000    0 1058          -   11.00000      -     -    7s
     0     0   11.00000    0 1014          -   11.00000      -     -    7s
     0     0   11.00000    0 1008          -   11.00000      -     -    7s
     0     0   11.00000    0 1054          -   11.00000      -     -    8s
     0     0   11.00000    0 1075          -   11.00000      -     -    8s
     0     0   11.00000    0 1075          -   11.00000      -     -    8s
     0     0   11.00000    0 1135          -   11.00000      -     -    9s
     0     0   11.00000    0  979          -   11.00000      -     -    9s
     0     0   11.00000    0  998          -   11.00000      -     -   10s
     0     0   11.00000    0  974          -   11.00000      -     -   11s
     0     0   11.00000    0  977          -   11.00000      -     -   11s
     0     0   11.00000    0  951          -   11.00000      -     -   11s
     0     0   11.00000    0  939          -   11.00000      -     -   11s
     0     0   11.00000    0  932          -   11.00000      -     -   11s
     0     0   11.00000    0  996          -   11.00000      -     -   12s
     0     0   11.00000    0  988          -   11.00000      -     -   12s
     0     0   11.00000    0 1009          -   11.00000      -     -   12s
     0     0   11.00000    0  964          -   11.00000      -     -   12s
     0     0   11.00000    0  992          -   11.00000      -     -   12s
     0     0   11.00000    0  842          -   11.00000      -     -   13s
     0     0   11.00000    0  927          -   11.00000      -     -   13s
     0     0   11.00000    0 1011          -   11.00000      -     -   13s
     0     0   11.00000    0  838          -   11.00000      -     -   14s
     0     0   11.00000    0  917          -   11.00000      -     -   14s
     0     0   11.00000    0  984          -   11.00000      -     -   14s
     0     0   11.00000    0  901          -   11.00000      -     -   14s
     0     0   11.00000    0  871          -   11.00000      -     -   14s
     0     0   11.00000    0  775          -   11.00000      -     -   15s
     0     2   11.00000    0  775          -   11.00000      -     -   16s
    29    40   11.00000    5  849          -   11.00000      -  1558   17s
   408    94 infeasible   11               -   11.00000      -   554   18s
   722    35   12.13797   17  763          -   11.04781      -   542   19s
   836     6 infeasible   13               -   12.84961      -   523   20s
   854     2   16.13158   18  502          -   14.83333      -   520   21s

Cutting planes:
  Learned: 1
  Cover: 48
  Implied bound: 273
  Clique: 167
  MIR: 35
  GUB cover: 9
  Zero half: 39
  RLT: 197
  Relax-and-lift: 25
  BQP: 70

Explored 860 nodes (579637 simplex iterations) in 21.05 seconds (48.50 work units)
Thread count was 24 (of 48 available processors)

Solution count 0

Model is infeasible
Best objective -, best bound -, gap -

Gurobi 13.0.1 (linux64) logging started Mon Apr  6 16:24:17 2026

Set parameter LogFile to value "gurobi.log"
Set parameter LogToConsole to value 1
Set parameter DisplayInterval to value 1
Set parameter TimeLimit to value 300
Gurobi Optimizer version 13.0.1 build v13.0.1rc0 (linux64 - "Red Hat Enterprise Linux 8.10 (Ootpa)")

CPU model: AMD EPYC 9275F 24-Core Processor, instruction set [SSE2|AVX|AVX2|AVX512]
Thread count: 24 physical cores, 48 logical processors, using up to 24 threads

Non-default parameters:
TimeLimit  300
DisplayInterval  1

Optimize a model with 12216 rows, 8857 columns and 59369 nonzeros (Min)
Model fingerprint: 0x043fac9e
Model has 21 linear objective coefficients
Variable types: 0 continuous, 8857 integer (8612 binary)
Coefficient statistics:
  Matrix range     [1e+00, 2e+01]
  Objective range  [1e+00, 1e+00]
  Bounds range     [1e+00, 2e+01]
  RHS range        [1e+00, 4e+01]

Presolve removed 8390 rows and 6324 columns
Presolve time: 0.31s
Presolved: 3826 rows, 2533 columns, 28026 nonzeros
Variable types: 0 continuous, 2533 integer (2487 binary)

Root relaxation: objective 1.000000e+01, 3717 iterations, 0.20 seconds (0.50 work units)

    Nodes    |    Current Node    |     Objective Bounds      |     Work
 Expl Unexpl |  Obj  Depth IntInf | Incumbent    BestBd   Gap | It/Node Time

     0     0   10.00000    0  845          -   10.00000      -     -    0s
     0     0   10.00000    0  923          -   10.00000      -     -    1s
     0     0   10.00000    0  912          -   10.00000      -     -    1s
     0     0   10.00000    0  860          -   10.00000      -     -    1s
     0     0   10.00000    0  860          -   10.00000      -     -    2s
     0     0   10.00000    0  841          -   10.00000      -     -    2s
     0     0   10.01808    0  868          -   10.01808      -     -    2s
     0     0   10.01808    0  868          -   10.01808      -     -    2s
     0     0   10.01811    0  865          -   10.01811      -     -    2s
     0     0   10.15829    0  938          -   10.15829      -     -    3s
     0     0   10.16632    0  956          -   10.16632      -     -    3s
     0     0   10.34729    0  933          -   10.34729      -     -    3s
     0     0   10.50000    0  895          -   10.50000      -     -    3s
     0     0   10.50000    0  895          -   10.50000      -     -    3s
     0     0   10.50000    0  864          -   10.50000      -     -    3s
     0     0   10.52270    0  897          -   10.52270      -     -    3s
     0     0   10.52557    0  889          -   10.52557      -     -    3s
     0     0   10.52557    0  891          -   10.52557      -     -    3s
     0     0 infeasible    0               - infeasible      -     -    4s

Cutting planes:
  Learned: 2
  Cover: 66
  Implied bound: 67
  Clique: 127
  MIR: 39
  StrongCG: 2
  GUB cover: 2
  Zero half: 95
  RLT: 48
  Relax-and-lift: 19
  BQP: 23

Explored 1 nodes (34450 simplex iterations) in 4.12 seconds (8.93 work units)
Thread count was 24 (of 48 available processors)

Solution count 0

Model is infeasible
Best objective -, best bound -, gap -

Gurobi 13.0.1 (linux64) logging started Mon Apr  6 16:26:14 2026

Set parameter LogFile to value "gurobi.log"
Set parameter LogToConsole to value 1
Set parameter DisplayInterval to value 1
Set parameter TimeLimit to value 300
Gurobi Optimizer version 13.0.1 build v13.0.1rc0 (linux64 - "Red Hat Enterprise Linux 8.10 (Ootpa)")

CPU model: AMD EPYC 9275F 24-Core Processor, instruction set [SSE2|AVX|AVX2|AVX512]
Thread count: 24 physical cores, 48 logical processors, using up to 24 threads

Non-default parameters:
TimeLimit  300
DisplayInterval  1

Optimize a model with 12216 rows, 8857 columns and 59369 nonzeros (Min)
Model fingerprint: 0x4961f0e8
Model has 21 linear objective coefficients
Variable types: 0 continuous, 8857 integer (8592 binary)
Coefficient statistics:
  Matrix range     [1e+00, 2e+01]
  Objective range  [1e+00, 1e+00]
  Bounds range     [1e+00, 2e+01]
  RHS range        [1e+00, 4e+01]

Presolve removed 8450 rows and 6344 columns
Presolve time: 0.31s
Presolved: 3766 rows, 2513 columns, 26926 nonzeros
Variable types: 0 continuous, 2513 integer (2467 binary)

Root relaxation: objective 1.000000e+01, 3918 iterations, 0.21 seconds (0.51 work units)

    Nodes    |    Current Node    |     Objective Bounds      |     Work
 Expl Unexpl |  Obj  Depth IntInf | Incumbent    BestBd   Gap | It/Node Time

     0     0   10.00000    0  868          -   10.00000      -     -    0s
     0     0   10.00000    0  874          -   10.00000      -     -    1s
     0     0   10.00000    0  834          -   10.00000      -     -    1s
     0     0   10.00000    0  909          -   10.00000      -     -    1s
     0     0   10.00000    0  757          -   10.00000      -     -    2s
     0     0   10.00000    0  759          -   10.00000      -     -    2s
     0     0   10.00000    0  850          -   10.00000      -     -    2s
     0     0   10.00000    0  821          -   10.00000      -     -    2s
     0     0   10.00000    0  846          -   10.00000      -     -    3s
     0     0   10.00000    0  879          -   10.00000      -     -    3s
     0     0   10.00000    0  840          -   10.00000      -     -    3s
     0     0   10.01079    0  856          -   10.01079      -     -    3s
     0     0   10.01079    0  856          -   10.01079      -     -    3s
     0     0   10.01079    0  817          -   10.01079      -     -    4s
     0     0   11.00000    0  795          -   11.00000      -     -    6s
     0     0   11.00000    0  823          -   11.00000      -     -    6s
     0     0   11.00000    0  862          -   11.00000      -     -    6s
     0     0   11.00000    0  908          -   11.00000      -     -    7s
     0     0   11.00000    0  928          -   11.00000      -     -    7s
     0     0   11.00000    0  865          -   11.00000      -     -    7s
     0     0   11.00000    0  703          -   11.00000      -     -    8s
     0     0   11.00000    0  765          -   11.00000      -     -    8s
     0     0   11.00000    0  768          -   11.00000      -     -    8s
     0     0   11.00000    0  816          -   11.00000      -     -    8s
     0     0   11.00000    0  822          -   11.00000      -     -    8s
     0     0   11.00000    0  807          -   11.00000      -     -    9s
     0     0   11.00000    0  769          -   11.00000      -     -    9s
     0     0   11.00000    0  758          -   11.00000      -     -    9s
     0     0   11.00000    0  777          -   11.00000      -     -    9s
     0     0   11.00000    0  796          -   11.00000      -     -    9s
     0     0   11.00000    0  786          -   11.00000      -     -    9s
     0     0   11.00000    0  795          -   11.00000      -     -    9s
     0     0   11.00000    0  835          -   11.00000      -     -    9s
     0     0   11.00000    0  595          -   11.00000      -     -    9s
     0     0   11.00000    0  710          -   11.00000      -     -    9s
     0     0   11.00000    0  657          -   11.00000      -     -    9s
     0     0   11.00000    0  733          -   11.00000      -     -   10s
     0     0   11.00000    0  620          -   11.00000      -     -   10s
     0     0   11.00000    0  729          -   11.00000      -     -   10s
     0     0   11.00000    0  826          -   11.00000      -     -   10s
     0     0   11.00000    0  644          -   11.00000      -     -   10s
     0     0   11.00000    0  643          -   11.00000      -     -   10s
     0     0   11.00000    0  597          -   11.00000      -     -   11s
     0     2   11.00000    0  484          -   11.00000      -     -   11s
     7    14   11.00000    3  695          -   11.00000      -  1398   12s
   220   160   13.21548   12  513          -   11.00000      -   781   13s
   416   230   12.90933   17  473          -   11.00000      -   667   14s
   471   235   14.50000   17  327          -   11.00000      -   641   15s
   600   258 infeasible   21               -   11.00000      -   590   16s
   726   296   12.24203   13  545          -   11.00000      -   566   17s
   986   349   12.00000   13  625          -   11.00000      -   538   18s
  1477   364   12.00000   15  603          -   11.00000      -   504   19s
  2469   294 infeasible   18               -   12.20269      -   438   20s

Cutting planes:
  Cover: 57
  Implied bound: 268
  Clique: 247
  MIR: 44
  StrongCG: 1
  GUB cover: 20
  Zero half: 57
  RLT: 115
  Relax-and-lift: 15
  BQP: 55
  PSD: 1

Explored 4044 nodes (1446978 simplex iterations) in 20.73 seconds (49.63 work units)
Thread count was 24 (of 48 available processors)

Solution count 0

Model is infeasible
Best objective -, best bound -, gap -

Gurobi 13.0.1 (linux64) logging started Mon Apr  6 16:28:30 2026

Set parameter LogFile to value "gurobi.log"
Set parameter LogToConsole to value 1
Set parameter DisplayInterval to value 1
Set parameter TimeLimit to value 300
Gurobi Optimizer version 13.0.1 build v13.0.1rc0 (linux64 - "Red Hat Enterprise Linux 8.10 (Ootpa)")

CPU model: AMD EPYC 9275F 24-Core Processor, instruction set [SSE2|AVX|AVX2|AVX512]
Thread count: 24 physical cores, 48 logical processors, using up to 24 threads

Non-default parameters:
TimeLimit  300
DisplayInterval  1

Optimize a model with 12216 rows, 8857 columns and 59369 nonzeros (Min)
Model fingerprint: 0x5d8a8540
Model has 21 linear objective coefficients
Variable types: 0 continuous, 8857 integer (8592 binary)
Coefficient statistics:
  Matrix range     [1e+00, 2e+01]
  Objective range  [1e+00, 1e+00]
  Bounds range     [1e+00, 2e+01]
  RHS range        [1e+00, 4e+01]

Presolve removed 8450 rows and 6344 columns
Presolve time: 0.31s
Presolved: 3766 rows, 2513 columns, 26926 nonzeros
Variable types: 0 continuous, 2513 integer (2467 binary)

Root relaxation: objective 1.000000e+01, 4115 iterations, 0.22 seconds (0.53 work units)

    Nodes    |    Current Node    |     Objective Bounds      |     Work
 Expl Unexpl |  Obj  Depth IntInf | Incumbent    BestBd   Gap | It/Node Time

     0     0   10.00000    0  839          -   10.00000      -     -    0s
     0     0   10.00000    0  916          -   10.00000      -     -    1s
     0     0   10.00000    0  895          -   10.00000      -     -    1s
     0     0   10.00000    0  866          -   10.00000      -     -    1s
     0     0   10.00000    0  827          -   10.00000      -     -    2s
     0     0   10.00000    0  825          -   10.00000      -     -    2s
     0     0   10.00000    0  866          -   10.00000      -     -    2s
     0     0   10.00000    0  790          -   10.00000      -     -    3s
     0     0   10.00000    0  789          -   10.00000      -     -    3s
     0     0   10.00000    0  789          -   10.00000      -     -    3s
     0     0   10.00000    0  789          -   10.00000      -     -    3s
     0     0   10.00000    0  813          -   10.00000      -     -    4s
     0     0   10.00000    0  780          -   10.00000      -     -    5s
     0     0   10.01346    0  835          -   10.01346      -     -    5s
     0     0   10.01372    0  824          -   10.01372      -     -    5s
     0     0   10.17240    0  835          -   10.17240      -     -    5s
     0     0   10.17240    0  760          -   10.17240      -     -    6s
     0     0   10.17240    0  787          -   10.17240      -     -    6s
     0     0   10.18755    0  793          -   10.18755      -     -    6s
     0     0   10.50000    0  822          -   10.50000      -     -    7s
     0     0   10.54545    0  792          -   10.54545      -     -    7s
     0     0   10.54573    0  804          -   10.54573      -     -    7s
     0     0   10.54698    0  820          -   10.54698      -     -    7s
     0     0   10.54698    0  828          -   10.54698      -     -    7s
     0     0   11.00000    0  709          -   11.00000      -     -    7s
     0     0   11.00000    0  695          -   11.00000      -     -    7s
     0     0   11.00000    0  718          -   11.00000      -     -    7s
     0     0   11.00000    0  765          -   11.00000      -     -    7s
     0     0   11.00000    0  745          -   11.00000      -     -    7s
     0     0   11.00000    0  772          -   11.00000      -     -    8s
     0     0   11.00000    0  755          -   11.00000      -     -    8s
     0     0   11.00000    0  594          -   11.00000      -     -    8s
     0     0   11.00000    0  655          -   11.00000      -     -    8s
     0     0   11.00000    0  650          -   11.00000      -     -    8s
     0     0 infeasible    0               - infeasible      -     -    8s

Cutting planes:
  Cover: 44
  Implied bound: 76
  Clique: 133
  MIR: 29
  GUB cover: 11
  Zero half: 74
  RLT: 42
  Relax-and-lift: 6
  BQP: 13

Explored 1 nodes (74374 simplex iterations) in 8.75 seconds (18.73 work units)
Thread count was 24 (of 48 available processors)

Solution count 0

Model is infeasible
Best objective -, best bound -, gap -
Gurobi Optimizer version 13.0.1 build v13.0.1rc0 (linux64 - "Red Hat Enterprise Linux 8.10 (Ootpa)")

CPU model: AMD EPYC 9275F 24-Core Processor, instruction set [SSE2|AVX|AVX2|AVX512]
Thread count: 24 physical cores, 48 logical processors, using up to 24 threads

Non-default parameters:
TimeLimit  300
DisplayInterval  1


Computing Irreducible Inconsistent Subsystem (IIS)...

           Constraints          |            Bounds           |  Runtime
      Min       Max     Guess   |   Min       Max     Guess   |
--------------------------------------------------------------------------
        0     12148         -         0       299         -           0s
        0     10464         -         0       299         -           6s
        0     10464         -         0       299         -           6s
        0     10464         -         0       299         -           7s
        0     10464         -         0       299         -           8s
        0     10464         -         0       299         -           9s
        0     10464         -         0       299         -          10s
        0     10464         -         0       299         -          11s
        0     10464         -         0       299         -          12s
        0     10464         -         0       299         -          12s

Non-minimal IIS computed: 10464 constraints, 299 bounds
IIS runtime: 12.14 seconds (23.00 work units)

Gurobi 13.0.1 (linux64) logging started Mon Apr  6 16:30:25 2026

Set parameter LogFile to value "gurobi.log"
Set parameter LogToConsole to value 1
Set parameter DisplayInterval to value 1
Set parameter TimeLimit to value 300
Gurobi Optimizer version 13.0.1 build v13.0.1rc0 (linux64 - "Red Hat Enterprise Linux 8.10 (Ootpa)")

CPU model: AMD EPYC 9275F 24-Core Processor, instruction set [SSE2|AVX|AVX2|AVX512]
Thread count: 24 physical cores, 48 logical processors, using up to 24 threads

Non-default parameters:
TimeLimit  300
DisplayInterval  1

Optimize a model with 25185 rows, 18199 columns and 198662 nonzeros (Min)
Model fingerprint: 0xa502ea04
Model has 43 linear objective coefficients
Variable types: 0 continuous, 18199 integer (17692 binary)
Coefficient statistics:
  Matrix range     [1e+00, 4e+01]
  Objective range  [1e+00, 1e+00]
  Bounds range     [1e+00, 4e+01]
  RHS range        [1e+00, 8e+01]

Presolve removed 16518 rows and 12334 columns
Presolve time: 0.81s
Presolved: 8667 rows, 5865 columns, 102824 nonzeros
Variable types: 0 continuous, 5865 integer (5808 binary)
Found heuristic solution: objective 28.0000000

Root simplex log...

Iteration    Objective       Primal Inf.    Dual Inf.      Time
    3644    4.4010427e+00   1.317850e+03   0.000000e+00      1s
    5613    4.4005772e+00   0.000000e+00   0.000000e+00      1s

Root relaxation: objective 4.400577e+00, 5613 iterations, 0.40 seconds (1.07 work units)

    Nodes    |    Current Node    |     Objective Bounds      |     Work
 Expl Unexpl |  Obj  Depth IntInf | Incumbent    BestBd   Gap | It/Node Time

     0     0    4.40058    0  853   28.00000    4.40058  84.3%     -    1s
     0     0    6.53916    0  887   28.00000    6.53916  76.6%     -    3s
H    0     0                      27.0000000    7.00000  74.1%     -    3s
     0     0    7.00000    0  732   27.00000    7.00000  74.1%     -    3s
H    0     0                      25.0000000    7.00000  72.0%     -    3s
     0     0    7.00000    0  679   25.00000    7.00000  72.0%     -    3s
     0     0    7.88464    0 1008   25.00000    7.88464  68.5%     -    4s
H    0     0                      24.0000000    7.90675  67.1%     -    5s
     0     0    7.90675    0  968   24.00000    7.90675  67.1%     -    5s
     0     0    7.97094    0  907   24.00000    7.97094  66.8%     -    5s
     0     0    7.97094    0  893   24.00000    7.97094  66.8%     -    5s
H    0     0                      23.0000000    8.77969  61.8%     -    6s
     0     0    9.00000    0  970   23.00000    9.00000  60.9%     -    6s
     0     0    9.00000    0  836   23.00000    9.00000  60.9%     -    7s
     0     0    9.00000    0 1086   23.00000    9.00000  60.9%     -    8s
H    0     0                      18.0000000    9.00000  50.0%     -    8s
     0     0    9.00000    0  939   18.00000    9.00000  50.0%     -    9s
     0     0    9.15452    0 1095   18.00000    9.15452  49.1%     -   10s
     0     0    9.15452    0 1011   18.00000    9.15452  49.1%     -   11s
     0     0    9.15452    0 1048   18.00000    9.15452  49.1%     -   11s
     0     0    9.18681    0 1155   18.00000    9.18681  49.0%     -   12s
     0     0    9.18681    0 1111   18.00000    9.18681  49.0%     -   13s
     0     0    9.18681    0 1096   18.00000    9.18681  49.0%     -   13s
     0     0    9.18681    0 1072   18.00000    9.18681  49.0%     -   13s
     0     0    9.28571    0 1146   18.00000    9.28571  48.4%     -   15s
     0     0    9.28571    0 1060   18.00000    9.28571  48.4%     -   15s
     0     0    9.28571    0 1040   18.00000    9.28571  48.4%     -   16s
     0     0    9.31481    0 1162   18.00000    9.31481  48.3%     -   17s
     0     0    9.31481    0 1127   18.00000    9.31481  48.3%     -   17s
     0     0    9.31481    0 1165   18.00000    9.31481  48.3%     -   17s
     0     0    9.31481    0 1151   18.00000    9.31481  48.3%     -   17s
     0     0    9.34585    0 1167   18.00000    9.34585  48.1%     -   18s
     0     0    9.34835    0 1138   18.00000    9.34835  48.1%     -   19s
     0     0    9.34835    0 1172   18.00000    9.34835  48.1%     -   19s
     0     0          -    0        18.00000    9.34835  48.1%     -   20s

Cutting planes:
  Cover: 319
  Implied bound: 83
  Clique: 850
  MIR: 74
  StrongCG: 6
  GUB cover: 17
  Zero half: 43
  RLT: 169
  Relax-and-lift: 138
  BQP: 85
  PSD: 13

Explored 1 nodes (108279 simplex iterations) in 20.96 seconds (51.62 work units)
Thread count was 24 (of 48 available processors)

Solution count 6: 18 23 24 ... 28

Solve interrupted
Best objective 1.800000000000e+01, best bound 1.000000000000e+01, gap 44.4444%

Gurobi 13.0.1 (linux64) logging started Mon Apr  6 16:31:56 2026

Set parameter LogFile to value "gurobi.log"
Set parameter LogToConsole to value 1
Set parameter DisplayInterval to value 1
Set parameter TimeLimit to value 300
Gurobi Optimizer version 13.0.1 build v13.0.1rc0 (linux64 - "Red Hat Enterprise Linux 8.10 (Ootpa)")

CPU model: AMD EPYC 9275F 24-Core Processor, instruction set [SSE2|AVX|AVX2|AVX512]
Thread count: 24 physical cores, 48 logical processors, using up to 24 threads

Non-default parameters:
TimeLimit  300
DisplayInterval  1

Optimize a model with 25185 rows, 18199 columns and 198662 nonzeros (Min)
Model fingerprint: 0x6cc47197
Model has 43 linear objective coefficients
Variable types: 0 continuous, 18199 integer (17692 binary)
Coefficient statistics:
  Matrix range     [1e+00, 4e+01]
  Objective range  [1e+00, 1e+00]
  Bounds range     [1e+00, 4e+01]
  RHS range        [1e+00, 8e+01]

Presolve removed 16493 rows and 12322 columns
Presolve time: 0.80s
Presolved: 8692 rows, 5877 columns, 103287 nonzeros
Variable types: 0 continuous, 5877 integer (5820 binary)
Found heuristic solution: objective 28.0000000

Root simplex log...

Iteration    Objective       Primal Inf.    Dual Inf.      Time
    3605    4.4010377e+00   1.310111e+02   0.000000e+00      1s
    5334    4.4005772e+00   0.000000e+00   0.000000e+00      1s

Root relaxation: objective 4.400577e+00, 5334 iterations, 0.37 seconds (1.01 work units)

    Nodes    |    Current Node    |     Objective Bounds      |     Work
 Expl Unexpl |  Obj  Depth IntInf | Incumbent    BestBd   Gap | It/Node Time

     0     0    4.40058    0  792   28.00000    4.40058  84.3%     -    1s
H    0     0                      27.0000000    4.40058  83.7%     -    1s
     0     0    6.35490    0 1012   27.00000    6.35490  76.5%     -    3s
     0     0    7.00000    0  826   27.00000    7.00000  74.1%     -    3s
H    0     0                      26.0000000    7.00000  73.1%     -    3s
     0     0    7.93833    0  726   26.00000    7.93833  69.5%     -    4s
     0     0    8.50246    0  903   26.00000    8.50246  67.3%     -    5s
     0     0    9.00000    0  869   26.00000    9.00000  65.4%     -    5s
H    0     0                      25.0000000    9.00000  64.0%     -    6s
     0     0    9.00000    0  781   25.00000    9.00000  64.0%     -    6s
H    0     0                      19.0000000    9.04257  52.4%     -    8s
     0     0    9.32774    0  984   19.00000    9.32774  50.9%     -    9s
     0     0    9.32774    0  909   19.00000    9.32774  50.9%     -    9s
H    0     0                      18.0000000    9.48752  47.3%     -    9s
     0     0    9.48752    0  947   18.00000    9.48752  47.3%     -   10s
     0     0    9.48752    0  915   18.00000    9.48752  47.3%     -   10s
     0     0    9.48752    0  880   18.00000    9.48752  47.3%     -   10s
     0     0    9.48752    0  929   18.00000    9.48752  47.3%     -   10s
     0     0    9.48752    0  914   18.00000    9.48752  47.3%     -   10s
H    0     0                      17.0000000    9.48752  44.2%     -   11s
     0     0    9.48752    0 1069   17.00000    9.48752  44.2%     -   11s
     0     0    9.48752    0 1022   17.00000    9.48752  44.2%     -   12s
     0     0    9.48752    0  988   17.00000    9.48752  44.2%     -   12s
     0     0    9.48752    0 1178   17.00000    9.48752  44.2%     -   13s
     0     0    9.48752    0 1087   17.00000    9.48752  44.2%     -   13s
     0     0    9.48752    0 1045   17.00000    9.48752  44.2%     -   14s
     0     0    9.48752    0  990   17.00000    9.48752  44.2%     -   14s
     0     0    9.48752    0 1049   17.00000    9.48752  44.2%     -   15s
     0     0    9.48752    0 1025   17.00000    9.48752  44.2%     -   15s
     0     0    9.48752    0  979   17.00000    9.48752  44.2%     -   15s
     0     0    9.54545    0 1076   17.00000    9.54545  43.9%     -   16s
     0     0    9.75000    0 1049   17.00000    9.75000  42.6%     -   17s
     0     0    9.75000    0 1173   17.00000    9.75000  42.6%     -   17s
     0     0    9.75000    0 1119   17.00000    9.75000  42.6%     -   18s
     0     0    9.75000    0 1098   17.00000    9.75000  42.6%     -   18s
     0     0    9.75000    0 1204   17.00000    9.75000  42.6%     -   19s
     0     0    9.75000    0 1189   17.00000    9.75000  42.6%     -   19s
     0     0    9.75000    0 1168   17.00000    9.75000  42.6%     -   20s
     0     0          -    0        17.00000    9.75000  42.6%     -   21s

Cutting planes:
  Cover: 294
  Implied bound: 97
  Clique: 866
  MIR: 75
  StrongCG: 6
  GUB cover: 21
  Zero half: 66
  RLT: 146
  Relax-and-lift: 141
  BQP: 100
  PSD: 22

Explored 1 nodes (112885 simplex iterations) in 21.20 seconds (52.03 work units)
Thread count was 24 (of 48 available processors)

Solution count 7: 17 18 19 ... 28

Solve interrupted
Best objective 1.700000000000e+01, best bound 1.000000000000e+01, gap 41.1765%

Gurobi 13.0.1 (linux64) logging started Mon Apr  6 16:33:57 2026

Set parameter LogFile to value "gurobi.log"
Set parameter LogToConsole to value 1
Set parameter DisplayInterval to value 1
Set parameter TimeLimit to value 300
Warning: variables 61361 and 61388 have the same name "one_pin_net_bin_A"
Warning: linear constraint 10933 and linear constraint 10936 have the same name "mar_constraint_A_pp_6_3_left_edge"
Warning: to let Gurobi read it back, use rlp format
Warning: variables 61361 and 61388 have the same name "one_pin_net_bin_A"
Warning: linear constraint 10933 and linear constraint 10936 have the same name "mar_constraint_A_pp_6_3_left_edge"
Warning: default variable names used to write mps file
Warning: default constraint names used to write mps file
Gurobi Optimizer version 13.0.1 build v13.0.1rc0 (linux64 - "Red Hat Enterprise Linux 8.10 (Ootpa)")

CPU model: AMD EPYC 9275F 24-Core Processor, instruction set [SSE2|AVX|AVX2|AVX512]
Thread count: 24 physical cores, 48 logical processors, using up to 24 threads

Non-default parameters:
TimeLimit  300
DisplayInterval  1

Optimize a model with 196705 rows, 66552 columns and 1923502 nonzeros (Min)
Model fingerprint: 0x229c5229
Model has 3879 linear objective coefficients
Model has 4386 simple general constraints
  4386 INDICATOR
Variable types: 0 continuous, 66552 integer (50605 binary)
Coefficient statistics:
  Matrix range     [2e-01, 4e+01]
  Objective range  [1e+00, 1e+02]
  Bounds range     [1e+00, 4e+01]
  RHS range        [1e+00, 8e+01]
  GenCon rhs range [1e+00, 1e+00]
  GenCon coe range [1e+00, 1e+00]

Presolve removed 48040 rows and 17150 columns (presolve time = 1s)...
Presolve removed 50765 rows and 19358 columns (presolve time = 2s)...
Presolve removed 61747 rows and 20974 columns (presolve time = 3s)...
Presolve removed 78059 rows and 28775 columns (presolve time = 4s)...
Presolve removed 86999 rows and 31999 columns (presolve time = 5s)...
Presolve removed 71589 rows and 22420 columns
Presolve time: 5.37s
Presolved: 125116 rows, 44132 columns, 589799 nonzeros
Variable types: 0 continuous, 44132 integer (34673 binary)

Deterministic concurrent LP optimizer: primal simplex, dual simplex, and barrier
Showing barrier log only...

Root barrier log...

Ordering time: 2.16s
Elapsed ordering time = 2s
Elapsed ordering time = 3s
Ordering time: 3.98s

Barrier statistics:
 Dense cols : 1066
 AA' NZ     : 5.069e+06
 Factor NZ  : 9.898e+07 (roughly 900 MB of memory)
 Factor Ops : 3.389e+11 (less than 1 second per iteration)
 Threads    : 21

                  Objective                Residual
Iter       Primal          Dual         Primal    Dual     Compl     Time
   0   4.98900216e+06 -9.88252413e+06  7.76e+03 1.00e+00  6.83e+03    10s
   1   4.14356742e+06 -1.14773240e+07  5.66e+03 1.80e+01  3.72e+03    10s
   2   3.13102488e+06 -1.14171678e+07  3.90e+03 1.02e+01  2.36e+03    10s
   3   2.73964637e+06 -1.13326534e+07  3.34e+03 6.64e+00  1.96e+03    10s
   4   1.29817840e+06 -1.11282663e+07  1.43e+03 2.63e+00  8.22e+02    10s
   5   3.10097443e+05 -1.00864346e+07  2.56e+02 1.35e+00  2.04e+02    10s
   6   1.78506012e+05 -7.98962094e+06  1.93e+02 7.36e-01  1.22e+02    11s
   7   1.07721899e+05 -3.83876888e+06  1.14e+02 5.59e-02  6.19e+01    11s
   8   3.15629936e+04 -1.33389519e+06  2.94e+01 3.49e-03  1.64e+01    11s
   9   1.34863657e+04 -8.28472915e+05  9.53e+00 3.20e-03  7.06e+00    11s
  10   8.28506738e+03 -5.75685931e+05  3.75e+00 3.81e-03  3.87e+00    11s
  11   6.58308591e+03 -2.23920220e+05  1.87e+00 3.76e-03  1.50e+00    12s
  12   4.97007674e+03 -1.14377382e+05  4.81e-01 2.15e-03  6.48e-01    12s
  13   3.40765412e+03 -2.82699846e+04  1.14e-01 5.76e-04  1.59e-01    12s
  14   2.07906936e+03 -1.34156931e+04  2.97e-02 2.73e-04  7.58e-02    12s
  15   3.64779667e+02 -2.54678489e+03  2.46e-03 3.08e-05  1.41e-02    13s
  16   2.25047422e+02 -1.77620037e+03  1.44e-03 2.10e-05  9.70e-03    13s
  17   1.08338598e+02 -1.11775149e+03  8.64e-04 1.25e-05  5.94e-03    13s
  18  -1.73527152e+01 -6.40454522e+02  4.52e-04 6.05e-06  3.02e-03    14s
  19  -1.05668016e+02 -3.88128061e+02  1.95e-04 2.46e-06  1.37e-03    14s
  20  -1.58431914e+02 -2.53374191e+02  6.65e-05 6.95e-07  4.60e-04    15s
  21  -1.74091959e+02 -2.13689542e+02  3.34e-05 2.41e-07  1.92e-04    15s
  22  -1.79677365e+02 -2.03248383e+02  2.20e-05 1.27e-07  1.14e-04    15s
  23  -1.83581902e+02 -1.96618133e+02  1.43e-05 5.54e-08  6.32e-05    16s
  24  -1.85219280e+02 -1.94338333e+02  1.12e-05 3.20e-08  4.42e-05    16s
  25  -1.88295340e+02 -1.92461439e+02  4.97e-06 1.31e-08  2.02e-05    17s
  26  -1.89644903e+02 -1.92041116e+02  2.49e-06 9.06e-09  1.16e-05    17s
  27  -1.90056855e+02 -1.91419482e+02  1.74e-06 3.22e-09  6.61e-06    17s
  28  -1.90471967e+02 -1.91357570e+02  9.82e-07 2.64e-09  4.30e-06    18s
  29  -1.90538246e+02 -1.91294598e+02  8.63e-07 2.09e-09  3.67e-06    18s
  30  -1.90658499e+02 -1.91245461e+02  6.47e-07 1.71e-09  2.85e-06    18s
  31  -1.90717951e+02 -1.91232562e+02  5.44e-07 1.60e-09  2.50e-06    19s
  32  -1.90835303e+02 -1.91134190e+02  3.50e-07 7.37e-10  1.45e-06    19s
  33  -1.90917218e+02 -1.91117726e+02  1.98e-07 6.20e-10  9.72e-07    19s
  34  -1.90970810e+02 -1.91044844e+02  1.03e-07 7.74e-11  3.59e-07    20s
  35  -1.90992441e+02 -1.91040878e+02  6.44e-08 5.50e-11  2.35e-07    20s
  36  -1.91009994e+02 -1.91040098e+02  3.32e-08 5.08e-11  1.46e-07    21s
  37  -1.91019026e+02 -1.91034464e+02  1.76e-08 2.17e-11  7.49e-08    21s
  38  -1.91029325e+02 -1.91030295e+02  8.24e-09 4.27e-11  4.70e-09    22s
  39  -1.91029687e+02 -1.91029690e+02  2.30e-09 6.32e-12  1.70e-11    22s
  40  -1.91029688e+02 -1.91029689e+02  2.78e-08 2.20e-11  5.25e-12    22s

Barrier solved model in 40 iterations and 22.29 seconds (50.88 work units)
Optimal objective -1.91029688e+02


Root crossover log...

   44813 DPushes remaining with DInf 0.0000000e+00                22s
       0 DPushes remaining with DInf 0.0000000e+00                23s

    8739 PPushes remaining with PInf 6.9470731e-06                23s
       0 PPushes remaining with PInf 0.0000000e+00                23s

  Push phase complete: Pinf 0.0000000e+00, Dinf 7.6269546e-13     23s


Root simplex log...

Iteration    Objective       Primal Inf.    Dual Inf.      Time
   24866   -1.9102969e+02   0.000000e+00   0.000000e+00     23s
Crossover time: 0.59 seconds (1.66 work units)
   24866   -1.9102969e+02   0.000000e+00   0.000000e+00     23s
Concurrent spin time: 0.00s

Solved with barrier

Root relaxation: objective -1.910297e+02, 24866 iterations, 17.28 seconds (38.94 work units)

    Nodes    |    Current Node    |     Objective Bounds      |     Work
 Expl Unexpl |  Obj  Depth IntInf | Incumbent    BestBd   Gap | It/Node Time

     0     0 -191.02969    0 8207          - -191.02969      -     -   26s
     0     0          -    0               - -191.02969      -     -   30s

Cutting planes:
  Learned: 6
  Cover: 1324
  Clique: 391
  MIR: 11
  StrongCG: 3
  GUB cover: 5
  Zero half: 250
  RLT: 1099
  Relax-and-lift: 513
  BQP: 223
  PSD: 70

Explored 1 nodes (56234 simplex iterations) in 30.36 seconds (69.07 work units)
Thread count was 24 (of 48 available processors)

Solution count 0

Solve interrupted
Best objective -, best bound -1.910000000000e+02, gap -

Gurobi 13.0.1 (linux64) logging started Mon Apr  6 16:35:30 2026

Set parameter LogFile to value "gurobi.log"
Set parameter LogToConsole to value 1
Set parameter DisplayInterval to value 1
Set parameter TimeLimit to value 300
Warning: variables 61361 and 61388 have the same name "one_pin_net_bin_A"
Warning: linear constraint 10847 and linear constraint 10850 have the same name "mar_constraint_n2_pp_6_3_left_edge"
Warning: to let Gurobi read it back, use rlp format
Warning: variables 61361 and 61388 have the same name "one_pin_net_bin_A"
Warning: linear constraint 10847 and linear constraint 10850 have the same name "mar_constraint_n2_pp_6_3_left_edge"
Warning: default variable names used to write mps file
Warning: default constraint names used to write mps file
Gurobi Optimizer version 13.0.1 build v13.0.1rc0 (linux64 - "Red Hat Enterprise Linux 8.10 (Ootpa)")

CPU model: AMD EPYC 9275F 24-Core Processor, instruction set [SSE2|AVX|AVX2|AVX512]
Thread count: 24 physical cores, 48 logical processors, using up to 24 threads

Non-default parameters:
TimeLimit  300
DisplayInterval  1

Optimize a model with 196705 rows, 66552 columns and 1923502 nonzeros (Min)
Model fingerprint: 0x21337db6
Model has 3879 linear objective coefficients
Model has 4386 simple general constraints
  4386 INDICATOR
Variable types: 0 continuous, 66552 integer (50605 binary)
Coefficient statistics:
  Matrix range     [2e-01, 4e+01]
  Objective range  [1e+00, 1e+02]
  Bounds range     [1e+00, 4e+01]
  RHS range        [1e+00, 8e+01]
  GenCon rhs range [1e+00, 1e+00]
  GenCon coe range [1e+00, 1e+00]

Presolve removed 47988 rows and 17150 columns (presolve time = 1s)...
Presolve removed 49838 rows and 18956 columns (presolve time = 2s)...
Presolve removed 60745 rows and 20600 columns (presolve time = 3s)...
Presolve removed 78084 rows and 28912 columns (presolve time = 4s)...
Presolve removed 87021 rows and 32139 columns (presolve time = 5s)...
Presolve removed 71480 rows and 22538 columns
Presolve time: 5.31s
Presolved: 125225 rows, 44014 columns, 578984 nonzeros
Variable types: 0 continuous, 44014 integer (34684 binary)

Deterministic concurrent LP optimizer: primal simplex, dual simplex, and barrier
Showing barrier log only...

Root barrier log...

Ordering time: 2.14s
Elapsed ordering time = 2s
Elapsed ordering time = 3s
Ordering time: 3.92s

Barrier statistics:
 Dense cols : 1054
 AA' NZ     : 4.951e+06
 Factor NZ  : 9.156e+07 (roughly 800 MB of memory)
 Factor Ops : 2.926e+11 (less than 1 second per iteration)
 Threads    : 21

                  Objective                Residual
Iter       Primal          Dual         Primal    Dual     Compl     Time
   0   4.98914050e+06 -9.87946911e+06  7.76e+03 1.00e+00  6.83e+03    10s
   1   4.14428684e+06 -1.14825590e+07  5.67e+03 1.80e+01  3.71e+03    10s
   2   3.12739518e+06 -1.14203776e+07  3.90e+03 1.03e+01  2.36e+03    10s
   3   2.72601239e+06 -1.13386697e+07  3.32e+03 6.23e+00  1.94e+03    10s
   4   1.23545157e+06 -1.11097350e+07  1.35e+03 2.17e+00  7.72e+02    10s
   5   2.81050980e+05 -1.00438136e+07  2.38e+02 1.34e+00  1.86e+02    10s
   6   2.09301301e+05 -8.12514063e+06  1.91e+02 8.39e-01  1.35e+02    10s
   7   1.14395555e+05 -3.70739039e+06  1.02e+02 4.36e-02  6.29e+01    11s
   8   3.72412662e+04 -1.24454106e+06  2.99e+01 2.01e-03  1.78e+01    11s
   9   1.49533514e+04 -7.59050880e+05  9.38e+00 1.34e-03  7.15e+00    11s
  10   8.46055738e+03 -5.21910206e+05  3.34e+00 1.43e-03  3.65e+00    11s
  11   6.54550886e+03 -2.18355404e+05  1.58e+00 1.56e-03  1.46e+00    11s
  12   4.68369815e+03 -1.03126024e+05  2.90e-01 7.38e-04  5.69e-01    11s
  13   3.37445925e+03 -2.51931223e+04  1.29e-01 3.10e-04  1.45e-01    12s
  14   2.20486412e+03 -1.26474259e+04  2.36e-02 2.56e-04  7.26e-02    12s
  15   4.09112909e+02 -2.40413248e+03  2.48e-03 7.53e-05  1.36e-02    12s
  16   2.47468902e+02 -1.69856774e+03  1.46e-03 5.20e-05  9.43e-03    12s
  17   5.19189004e+01 -1.04774033e+03  4.60e-04 3.01e-05  5.33e-03    12s
  18  -7.32426360e+01 -5.25509162e+02  1.62e-04 1.08e-05  2.19e-03    13s
  19  -1.45073707e+02 -3.33326209e+02  5.58e-05 4.31e-06  9.11e-04    13s
  20  -1.62711929e+02 -2.60248405e+02  3.39e-05 1.97e-06  4.72e-04    13s
  21  -1.79754727e+02 -2.18395685e+02  1.40e-05 7.06e-07  1.87e-04    13s
  22  -1.85422660e+02 -2.02815151e+02  7.91e-06 2.55e-07  8.42e-05    14s
  23  -1.87593060e+02 -1.97541079e+02  5.70e-06 1.09e-07  4.82e-05    14s
  24  -1.89298490e+02 -1.96295163e+02  3.98e-06 7.31e-08  3.39e-05    14s
  25  -1.90671724e+02 -1.95230176e+02  2.62e-06 4.51e-08  2.21e-05    14s
  26  -1.92020849e+02 -1.94389218e+02  1.30e-06 2.44e-08  1.15e-05    15s
  27  -1.92612982e+02 -1.93800547e+02  7.50e-07 8.92e-09  5.75e-06    15s
  28  -1.92704655e+02 -1.93760188e+02  6.61e-07 8.00e-09  5.11e-06    15s
  29  -1.92775218e+02 -1.93637343e+02  5.94e-07 5.22e-09  4.18e-06    15s
  30  -1.93064074e+02 -1.93494184e+02  3.06e-07 2.20e-09  2.08e-06    16s
  31  -1.93114392e+02 -1.93470014e+02  2.57e-07 1.74e-09  1.72e-06    16s
  32  -1.93196670e+02 -1.93434616e+02  1.77e-07 1.03e-09  1.15e-06    16s
  33  -1.93273134e+02 -1.93411254e+02  1.02e-07 5.39e-10  6.70e-07    16s
  34  -1.93332613e+02 -1.93396285e+02  4.39e-08 2.84e-10  3.09e-07    17s
  35  -1.93341933e+02 -1.93389476e+02  3.50e-08 1.49e-10  2.31e-07    17s
  36  -1.93357008e+02 -1.93381797e+02  2.06e-08 3.52e-11  1.20e-07    17s
  37  -1.93374542e+02 -1.93381235e+02  7.48e-09 2.35e-11  3.25e-08    18s
  38  -1.93379292e+02 -1.93379386e+02  5.39e-10 9.32e-13  4.57e-10    18s
  39  -1.93379318e+02 -1.93379344e+02  2.95e-08 9.79e-13  1.25e-10    18s
  40  -1.93379334e+02 -1.93379343e+02  2.18e-07 4.18e-13  4.75e-11    18s
  41  -1.93379343e+02 -1.93379343e+02  9.44e-09 1.69e-12  9.02e-13    19s

Barrier solved model in 41 iterations and 18.74 seconds (47.54 work units)
Optimal objective -1.93379343e+02


Root crossover log...

   45856 DPushes remaining with DInf 0.0000000e+00                19s
     348 DPushes remaining with DInf 0.0000000e+00                19s
       0 DPushes remaining with DInf 0.0000000e+00                19s

    8449 PPushes remaining with PInf 2.0070572e-05                19s
       0 PPushes remaining with PInf 0.0000000e+00                19s

  Push phase complete: Pinf 0.0000000e+00, Dinf 1.3230979e-12     19s


Root simplex log...

Iteration    Objective       Primal Inf.    Dual Inf.      Time
   25919   -1.9337934e+02   0.000000e+00   0.000000e+00     19s
Crossover time: 0.56 seconds (1.48 work units)
   25919   -1.9337934e+02   0.000000e+00   0.000000e+00     19s
Concurrent spin time: 2.42s (can be avoided by choosing Method=3)

Solved with barrier

Root relaxation: objective -1.933793e+02, 25919 iterations, 16.18 seconds (35.89 work units)

    Nodes    |    Current Node    |     Objective Bounds      |     Work
 Expl Unexpl |  Obj  Depth IntInf | Incumbent    BestBd   Gap | It/Node Time

     0     0 -193.37934    0 7980          - -193.37934      -     -   24s
     0     0   21.94481    0 9413          -   21.94481      -     -  181s
     0     0   21.98361    0 9414          -   21.98361      -     -  184s
     0     0   29.82230    0 9790          -   29.82230      -     -  214s
     0     0   29.91082    0 9651          -   29.91082      -     -  217s
     0     0   29.91399    0 9654          -   29.91399      -     -  217s

Gurobi 13.0.1 (linux64) logging started Mon Apr  6 16:40:22 2026

Set parameter LogFile to value "gurobi.log"
Set parameter LogToConsole to value 1
Set parameter DisplayInterval to value 1
Set parameter TimeLimit to value 300
Warning: variables 61361 and 61388 have the same name "one_pin_net_bin_A"
Warning: linear constraint 10933 and linear constraint 10936 have the same name "mar_constraint_D_pp_6_3_left_edge"
Warning: to let Gurobi read it back, use rlp format
Warning: variables 61361 and 61388 have the same name "one_pin_net_bin_A"
Warning: linear constraint 10933 and linear constraint 10936 have the same name "mar_constraint_D_pp_6_3_left_edge"
Warning: default variable names used to write mps file
Warning: default constraint names used to write mps file
Gurobi Optimizer version 13.0.1 build v13.0.1rc0 (linux64 - "Red Hat Enterprise Linux 8.10 (Ootpa)")

CPU model: AMD EPYC 9275F 24-Core Processor, instruction set [SSE2|AVX|AVX2|AVX512]
Thread count: 24 physical cores, 48 logical processors, using up to 24 threads

Non-default parameters:
TimeLimit  300
DisplayInterval  1

Optimize a model with 196705 rows, 66552 columns and 1923502 nonzeros (Min)
Model fingerprint: 0x56ebd741
Model has 3879 linear objective coefficients
Model has 4386 simple general constraints
  4386 INDICATOR
Variable types: 0 continuous, 66552 integer (50605 binary)
Coefficient statistics:
  Matrix range     [2e-01, 4e+01]
  Objective range  [1e+00, 1e+02]
  Bounds range     [1e+00, 4e+01]
  RHS range        [1e+00, 8e+01]
  GenCon rhs range [1e+00, 1e+00]
  GenCon coe range [1e+00, 1e+00]

Presolve removed 47989 rows and 17150 columns (presolve time = 1s)...
Presolve removed 50688 rows and 19332 columns (presolve time = 2s)...
Presolve removed 65411 rows and 20992 columns (presolve time = 3s)...
Presolve removed 77973 rows and 28739 columns (presolve time = 4s)...
Presolve removed 86905 rows and 31965 columns (presolve time = 5s)...
Presolve removed 71429 rows and 22353 columns
Presolve time: 5.22s
Presolved: 125276 rows, 44199 columns, 590043 nonzeros
Variable types: 0 continuous, 44199 integer (34740 binary)

Deterministic concurrent LP optimizer: primal simplex, dual simplex, and barrier
Showing barrier log only...

Root barrier log...


Cutting planes:
  Learned: 5
  Cover: 1796
  Implied bound: 235
  Clique: 1792
  MIR: 36
  StrongCG: 5
  Flow cover: 1
  GUB cover: 46
  Zero half: 339
  RLT: 896
  Relax-and-lift: 322
  BQP: 136
  PSD: 42

Explored 1 nodes (394740 simplex iterations) in 300.02 seconds (541.10 work units)
Thread count was 24 (of 48 available processors)

Solution count 0

Time limit reached
Best objective -, best bound 3.000000000000e+01, gap -
Ordering time: 2.53s
Elapsed ordering time = 3s
Elapsed ordering time = 3s
Elapsed ordering time = 4s
Ordering time: 4.37s

Barrier statistics:
 Dense cols : 1099
 AA' NZ     : 5.021e+06
 Factor NZ  : 9.316e+07 (roughly 800 MB of memory)
 Factor Ops : 3.018e+11 (less than 1 second per iteration)
 Threads    : 21

                  Objective                Residual
Iter       Primal          Dual         Primal    Dual     Compl     Time
   0   4.98881659e+06 -9.93730719e+06  7.76e+03 1.00e+00  6.84e+03    11s
   1   3.90949015e+06 -1.15963419e+07  5.41e+03 2.00e+01  3.73e+03    11s
   2   2.99541716e+06 -1.15358282e+07  3.78e+03 1.09e+01  2.38e+03    11s
   3   2.32853340e+06 -1.14333567e+07  2.79e+03 6.21e+00  1.72e+03    11s
   4   9.69978479e+05 -1.11258904e+07  1.05e+03 2.86e+00  6.39e+02    11s
   5   3.40430843e+05 -9.81379339e+06  3.19e+02 1.50e+00  2.24e+02    11s
   6   2.13632571e+05 -8.09773492e+06  1.97e+02 8.63e-01  1.44e+02    11s
   7   1.16227643e+05 -3.47112058e+06  1.06e+02 7.31e-02  6.40e+01    11s
   8   3.35867965e+04 -1.31785915e+06  2.70e+01 7.70e-02  1.70e+01    11s
   9   1.41866599e+04 -8.48730653e+05  8.82e+00 4.15e-02  7.36e+00    11s
  10   8.19305187e+03 -4.03871617e+05  3.14e+00 1.34e-02  2.92e+00    11s
  11   6.63709482e+03 -1.67154684e+05  1.69e+00 4.98e-03  1.17e+00    12s
  12   4.25744656e+03 -8.73439762e+04  3.30e-01 1.46e-03  4.86e-01    12s
  13   3.07058755e+03 -2.79091865e+04  1.39e-01 4.15e-04  1.57e-01    12s
  14   1.83197208e+03 -1.08391807e+04  3.01e-02 1.64e-04  6.20e-02    12s
  15   4.04263802e+02 -1.92821282e+03  3.70e-03 2.22e-05  1.13e-02    12s
  16   2.40050899e+02 -1.50212716e+03  2.24e-03 1.66e-05  8.44e-03    13s
  17  -8.52300695e+00 -8.90337640e+02  4.13e-04 9.05e-06  4.27e-03    13s
  18  -1.17027520e+02 -4.60024526e+02  1.26e-04 3.28e-06  1.66e-03    13s
  19  -1.54023189e+02 -3.08042526e+02  5.55e-05 1.34e-06  7.45e-04    13s
  20  -1.70417902e+02 -2.59369069e+02  3.15e-05 7.56e-07  4.30e-04    14s
  21  -1.84675187e+02 -2.24852904e+02  1.16e-05 3.48e-07  1.94e-04    14s
  22  -1.88216084e+02 -2.09163797e+02  6.98e-06 1.65e-07  1.01e-04    14s
  23  -1.90682780e+02 -2.01597619e+02  4.04e-06 7.78e-08  5.28e-05    14s
  24  -1.91790358e+02 -1.98473947e+02  2.80e-06 4.27e-08  3.23e-05    15s
  25  -1.92705472e+02 -1.96528397e+02  1.82e-06 2.05e-08  1.85e-05    15s
  26  -1.93538012e+02 -1.95331763e+02  9.52e-07 8.31e-09  8.68e-06    15s
  27  -1.93709954e+02 -1.95268820e+02  7.86e-07 7.65e-09  7.54e-06    15s
  28  -1.93778069e+02 -1.95150284e+02  7.13e-07 6.52e-09  6.64e-06    16s
  29  -1.93885319e+02 -1.94911058e+02  6.10e-07 4.24e-09  4.96e-06    16s
  30  -1.93987622e+02 -1.94768491e+02  5.12e-07 2.82e-09  3.78e-06    16s
  31  -1.94246219e+02 -1.94584653e+02  2.39e-07 1.02e-09  1.64e-06    16s
  32  -1.94283399e+02 -1.94495843e+02  2.05e-07 1.57e-10  1.03e-06    17s
  33  -1.94353145e+02 -1.94492671e+02  1.26e-07 1.38e-10  6.76e-07    17s
  34  -1.94392303e+02 -1.94481021e+02  8.33e-08 5.68e-11  4.30e-07    17s
  35  -1.94410479e+02 -1.94476598e+02  6.34e-08 2.94e-11  3.20e-07    17s
  36  -1.94416560e+02 -1.94474699e+02  5.68e-08 1.92e-11  2.82e-07    18s
  37  -1.94431121e+02 -1.94472182e+02  4.09e-08 9.65e-12  1.99e-07    18s
  38  -1.94463193e+02 -1.94470390e+02  8.00e-09 5.47e-12  3.48e-08    18s
  39  -1.94468243e+02 -1.94469934e+02  1.33e-08 3.44e-13  8.20e-09    18s
  40  -1.94469618e+02 -1.94469637e+02  4.72e-10 5.34e-13  9.08e-11    19s
  41  -1.94469622e+02 -1.94469622e+02  2.27e-10 6.86e-12  1.85e-13    19s

Barrier solved model in 41 iterations and 18.82 seconds (48.45 work units)
Optimal objective -1.94469622e+02


Root crossover log...

   46383 DPushes remaining with DInf 0.0000000e+00                19s
    1370 DPushes remaining with DInf 0.0000000e+00                19s
       0 DPushes remaining with DInf 0.0000000e+00                19s

    8336 PPushes remaining with PInf 0.0000000e+00                19s
       0 PPushes remaining with PInf 0.0000000e+00                19s

  Push phase complete: Pinf 0.0000000e+00, Dinf 5.3473892e-13     19s


Root simplex log...

Iteration    Objective       Primal Inf.    Dual Inf.      Time
   25632   -1.9446962e+02   0.000000e+00   0.000000e+00     19s
Crossover time: 0.60 seconds (1.64 work units)
   25632   -1.9446962e+02   0.000000e+00   0.000000e+00     19s
Concurrent spin time: 1.86s (can be avoided by choosing Method=3)

Solved with barrier

Root relaxation: objective -1.944696e+02, 25632 iterations, 15.85 seconds (36.75 work units)

    Nodes    |    Current Node    |     Objective Bounds      |     Work
 Expl Unexpl |  Obj  Depth IntInf | Incumbent    BestBd   Gap | It/Node Time

     0     0 -194.46962    0 7887          - -194.46962      -     -   24s
     0     0          -    0               - -194.46962      -     -   45s

Cutting planes:
  Learned: 3
  Cover: 1614
  Clique: 450
  MIR: 24
  Knapsack: 2
  StrongCG: 3
  GUB cover: 13
  Zero half: 270
  RLT: 1079
  Relax-and-lift: 517
  BQP: 229
  PSD: 88

Explored 1 nodes (89429 simplex iterations) in 45.17 seconds (97.21 work units)
Thread count was 24 (of 48 available processors)

Solution count 0

Solve interrupted
Best objective -, best bound -1.940000000000e+02, gap -

Gurobi 13.0.1 (linux64) logging started Mon Apr  6 16:41:09 2026

Set parameter LogFile to value "gurobi.log"
Set parameter LogToConsole to value 1
Set parameter DisplayInterval to value 1
Set parameter TimeLimit to value 300
Gurobi Optimizer version 13.0.1 build v13.0.1rc0 (linux64 - "Red Hat Enterprise Linux 8.10 (Ootpa)")

CPU model: AMD EPYC 9275F 24-Core Processor, instruction set [SSE2|AVX|AVX2|AVX512]
Thread count: 24 physical cores, 48 logical processors, using up to 24 threads

Non-default parameters:
TimeLimit  300
DisplayInterval  1

Optimize a model with 25143 rows, 18178 columns and 198158 nonzeros (Min)
Model fingerprint: 0xf4f64aaa
Model has 1 linear objective coefficients
Variable types: 0 continuous, 18178 integer (17671 binary)
Coefficient statistics:
  Matrix range     [1e+00, 4e+01]
  Objective range  [1e+00, 1e+00]
  Bounds range     [1e+00, 4e+01]
  RHS range        [1e+00, 8e+01]

Presolve removed 16525 rows and 12364 columns
Presolve time: 0.86s
Presolved: 8618 rows, 5814 columns, 105069 nonzeros
Variable types: 0 continuous, 5814 integer (5757 binary)

Root simplex log...

Iteration    Objective       Primal Inf.    Dual Inf.      Time
    2994    4.3374190e+00   4.687909e+03   0.000000e+00      1s
    5195    4.4005772e+00   0.000000e+00   0.000000e+00      1s

Root relaxation: objective 4.400577e+00, 5195 iterations, 0.35 seconds (0.94 work units)

    Nodes    |    Current Node    |     Objective Bounds      |     Work
 Expl Unexpl |  Obj  Depth IntInf | Incumbent    BestBd   Gap | It/Node Time

     0     0    4.40058    0  714          -    4.40058      -     -    1s
H    0     0                      21.0000000    4.40058  79.0%     -    1s
     0     0    6.72546    0  858   21.00000    6.72546  68.0%     -    3s
     0     0    6.72546    0  769   21.00000    6.72546  68.0%     -    4s
     0     0    7.01522    0  718   21.00000    7.01522  66.6%     -    4s
     0     0    7.01522    0  723   21.00000    7.01522  66.6%     -    4s
     0     0    7.01522    0  641   21.00000    7.01522  66.6%     -    4s
H    0     0                      20.0000000    7.87967  60.6%     -    6s
     0     0    7.97116    0 1003   20.00000    7.97116  60.1%     -    6s
     0     0    7.97116    0  937   20.00000    7.97116  60.1%     -    6s
     0     0    9.00000    0  873   20.00000    9.00000  55.0%     -    8s
     0     0    9.00000    0  816   20.00000    9.00000  55.0%     -    8s
     0     0    9.00000    0  720   20.00000    9.00000  55.0%     -    8s
     0     0    9.21341    0 1047   20.00000    9.21341  53.9%     -   10s
     0     0    9.65260    0 1050   20.00000    9.65260  51.7%     -   11s
     0     0    9.65260    0  984   20.00000    9.65260  51.7%     -   11s
     0     0    9.74303    0 1000   20.00000    9.74303  51.3%     -   11s
     0     0    9.76512    0  940   20.00000    9.76512  51.2%     -   11s
     0     0    9.77882    0  952   20.00000    9.77882  51.1%     -   12s
     0     0    9.77882    0  944   20.00000    9.77882  51.1%     -   12s
     0     0   10.18345    0 1206   20.00000   10.18345  49.1%     -   13s
     0     0   10.18345    0 1086   20.00000   10.18345  49.1%     -   13s
     0     0   10.18368    0 1154   20.00000   10.18368  49.1%     -   13s
     0     0   10.18368    0 1126   20.00000   10.18368  49.1%     -   13s
     0     0   10.29790    0 1242   20.00000   10.29790  48.5%     -   14s
     0     0   10.30342    0 1185   20.00000   10.30342  48.5%     -   14s
     0     0   10.30342    0 1168   20.00000   10.30342  48.5%     -   14s
     0     0   10.30682    0 1205   20.00000   10.30682  48.5%     -   15s
     0     0   10.30682    0 1181   20.00000   10.30682  48.5%     -   15s
     0     0   10.50333    0 1268   20.00000   10.50333  47.5%     -   16s
     0     0   10.52392    0 1264   20.00000   10.52392  47.4%     -   17s
     0     0   10.52392    0 1288   20.00000   10.52392  47.4%     -   17s
     0     0   10.52392    0 1219   20.00000   10.52392  47.4%     -   17s
     0     0   10.64492    0 1323   20.00000   10.64492  46.8%     -   18s
     0     0   10.65311    0 1230   20.00000   10.65311  46.7%     -   19s
     0     0   10.68578    0 1313   20.00000   10.68578  46.6%     -   20s
     0     0   10.68578    0 1258   20.00000   10.68578  46.6%     -   20s
     0     0   10.69574    0 1300   20.00000   10.69574  46.5%     -   20s
     0     0   10.69574    0 1264   20.00000   10.69574  46.5%     -   20s
     0     0   10.69662    0 1292   20.00000   10.69662  46.5%     -   20s
H    0     0                      19.0000000   10.78631  43.2%     -   21s
     0     0   10.78631    0 1255   19.00000   10.78631  43.2%     -   21s
     0     0   10.78631    0 1183   19.00000   10.78631  43.2%     -   22s
     0     0   10.78631    0 1143   19.00000   10.78631  43.2%     -   22s
     0     0   10.78635    0 1240   19.00000   10.78635  43.2%     -   22s
     0     0   10.88000    0 1171   19.00000   10.88000  42.7%     -   24s
     0     0   10.88000    0 1145   19.00000   10.88000  42.7%     -   24s
     0     0   10.88000    0 1131   19.00000   10.88000  42.7%     -   24s
     0     0   10.88510    0 1308   19.00000   10.88510  42.7%     -   25s
     0     0   10.88510    0 1292   19.00000   10.88510  42.7%     -   25s
     0     0   11.00000    0 1299   19.00000   11.00000  42.1%     -   25s
     0     0   11.00000    0 1290   19.00000   11.00000  42.1%     -   25s
     0     0   11.00000    0 1000   19.00000   11.00000  42.1%     -   26s
     0     0   11.00000    0 1045   19.00000   11.00000  42.1%     -   27s
     0     0   11.00000    0  937   19.00000   11.00000  42.1%     -   27s
     0     0          -    0        19.00000   11.00000  42.1%     -   28s

Cutting planes:
  Learned: 3
  Cover: 344
  Implied bound: 307
  Clique: 928
  MIR: 87
  StrongCG: 8
  GUB cover: 19
  Zero half: 17
  RLT: 81
  Relax-and-lift: 152
  BQP: 154
  PSD: 8

Explored 1 nodes (158339 simplex iterations) in 28.93 seconds (70.95 work units)
Thread count was 24 (of 48 available processors)

Solution count 3: 19 20 21 

Solve interrupted
Best objective 1.900000000000e+01, best bound 1.100000000000e+01, gap 42.1053%

Gurobi 13.0.1 (linux64) logging started Mon Apr  6 16:46:26 2026

Set parameter LogFile to value "gurobi.log"
Set parameter LogToConsole to value 1
Set parameter DisplayInterval to value 1
Set parameter TimeLimit to value 300

Gurobi 13.0.1 (linux64) logging started Mon Apr  6 16:46:47 2026

Set parameter LogFile to value "gurobi.log"
Set parameter LogToConsole to value 1
Set parameter DisplayInterval to value 1
Set parameter TimeLimit to value 300
Gurobi Optimizer version 13.0.1 build v13.0.1rc0 (linux64 - "Red Hat Enterprise Linux 8.10 (Ootpa)")

CPU model: AMD EPYC 9275F 24-Core Processor, instruction set [SSE2|AVX|AVX2|AVX512]
Thread count: 24 physical cores, 48 logical processors, using up to 24 threads

Non-default parameters:
TimeLimit  300
DisplayInterval  1

Optimize a model with 25143 rows, 18178 columns and 198158 nonzeros (Min)
Model fingerprint: 0xa22c63d4
Model has 1 linear objective coefficients
Variable types: 0 continuous, 18178 integer (17671 binary)
Coefficient statistics:
  Matrix range     [1e+00, 4e+01]
  Objective range  [1e+00, 1e+00]
  Bounds range     [1e+00, 4e+01]
  RHS range        [1e+00, 8e+01]

Presolve removed 16513 rows and 12358 columns
Presolve time: 0.86s
Presolved: 8630 rows, 5820 columns, 105339 nonzeros
Variable types: 0 continuous, 5820 integer (5763 binary)

Root simplex log...

Iteration    Objective       Primal Inf.    Dual Inf.      Time
    3066    4.3373724e+00   6.028242e+02   0.000000e+00      1s
    5413    4.4005772e+00   0.000000e+00   0.000000e+00      1s

Root relaxation: objective 4.400577e+00, 5413 iterations, 0.38 seconds (1.05 work units)

    Nodes    |    Current Node    |     Objective Bounds      |     Work
 Expl Unexpl |  Obj  Depth IntInf | Incumbent    BestBd   Gap | It/Node Time

     0     0    4.40058    0  978          -    4.40058      -     -    1s
     0     0    6.53916    0 1048          -    6.53916      -     -    3s
     0     0    7.00000    0  830          -    7.00000      -     -    4s
     0     0    7.00000    0  775          -    7.00000      -     -    4s
     0     0    7.94336    0 1165          -    7.94336      -     -    5s
     0     0    8.00000    0 1127          -    8.00000      -     -    5s
H    0     0                      20.0000000    8.00000  60.0%     -    6s
H    0     0                      19.0000000    8.00000  57.9%     -    6s
     0     0    9.00000    0  814   19.00000    9.00000  52.6%     -    7s
     0     0    9.00000    0  795   19.00000    9.00000  52.6%     -    7s
     0     0    9.00000    0  769   19.00000    9.00000  52.6%     -    7s
     0     0    9.18045    0 1051   19.00000    9.18045  51.7%     -    9s
     0     0    9.18045    0 1049   19.00000    9.18045  51.7%     -    9s
     0     0   10.00000    0  927   19.00000   10.00000  47.4%     -   10s
     0     0   10.00000    0  950   19.00000   10.00000  47.4%     -   11s
     0     0   10.00000    0  892   19.00000   10.00000  47.4%     -   11s
     0     0   10.00000    0 1174   19.00000   10.00000  47.4%     -   13s
     0     0   10.00000    0 1058   19.00000   10.00000  47.4%     -   13s
     0     0   10.44397    0 1092   19.00000   10.44397  45.0%     -   14s
     0     0   10.44397    0 1011   19.00000   10.44397  45.0%     -   14s
     0     0   11.00000    0 1046   19.00000   11.00000  42.1%     -   15s
     0     0   11.00000    0  975   19.00000   11.00000  42.1%     -   16s
     0     0   11.00000    0  949   19.00000   11.00000  42.1%     -   16s
     0     0   12.00000    0 1114   19.00000   12.00000  36.8%     -   17s
     0     0   12.00000    0  722   19.00000   12.00000  36.8%     -   19s
     0     0   13.00000    0  767   19.00000   13.00000  31.6%     -   20s
     0     0   13.00000    0  719   19.00000   13.00000  31.6%     -   21s
     0     0   13.00000    0  862   19.00000   13.00000  31.6%     -   21s
     0     0   13.00000    0  779   19.00000   13.00000  31.6%     -   22s
     0     0   13.00000    0  860   19.00000   13.00000  31.6%     -   22s
     0     0   13.00000    0  815   19.00000   13.00000  31.6%     -   22s
     0     0   13.00000    0  946   19.00000   13.00000  31.6%     -   23s
     0     0   13.00000    0  857   19.00000   13.00000  31.6%     -   23s
     0     0   13.00000    0  865   19.00000   13.00000  31.6%     -   24s
     0     0   13.00000    0  862   19.00000   13.00000  31.6%     -   24s
     0     0   13.00000    0  683   19.00000   13.00000  31.6%     -   26s
H    0     0                      18.0000000   13.00000  27.8%     -   27s
     0     0   13.00000    0  905   18.00000   13.00000  27.8%     -   27s
     0     0   13.00000    0  863   18.00000   13.00000  27.8%     -   27s
     0     0   13.00000    0  958   18.00000   13.00000  27.8%     -   28s
     0     0   13.00000    0  926   18.00000   13.00000  27.8%     -   28s
     0     0   13.00000    0  744   18.00000   13.00000  27.8%     -   29s
     0     0   13.00000    0  596   18.00000   13.00000  27.8%     -   30s
     0     0   13.00000    0  596   18.00000   13.00000  27.8%     -   30s

Gurobi 13.0.1 (linux64) logging started Mon Apr  6 16:47:18 2026

Set parameter LogFile to value "gurobi.log"
Set parameter LogToConsole to value 1
Set parameter DisplayInterval to value 1
Set parameter TimeLimit to value 300
Gurobi Optimizer version 13.0.1 build v13.0.1rc0 (linux64 - "Red Hat Enterprise Linux 8.10 (Ootpa)")

CPU model: AMD EPYC 9275F 24-Core Processor, instruction set [SSE2|AVX|AVX2|AVX512]
Thread count: 24 physical cores, 48 logical processors, using up to 24 threads

Non-default parameters:
TimeLimit  300
DisplayInterval  1

Optimize a model with 25143 rows, 18178 columns and 198158 nonzeros (Min)
Model fingerprint: 0x3d76c701
Model has 1 linear objective coefficients
Variable types: 0 continuous, 18178 integer (17671 binary)
Coefficient statistics:
  Matrix range     [1e+00, 4e+01]
  Objective range  [1e+00, 1e+00]
  Bounds range     [1e+00, 4e+01]
  RHS range        [1e+00, 8e+01]

Presolve removed 16521 rows and 12361 columns
Presolve time: 0.87s
Presolved: 8622 rows, 5817 columns, 105259 nonzeros
Variable types: 0 continuous, 5817 integer (5760 binary)

Root simplex log...

Iteration    Objective       Primal Inf.    Dual Inf.      Time
    2920    4.3373633e+00   5.354742e+03   0.000000e+00      1s
    5160    4.4005772e+00   0.000000e+00   0.000000e+00      1s

Root relaxation: objective 4.400577e+00, 5160 iterations, 0.35 seconds (0.95 work units)

    Nodes    |    Current Node    |     Objective Bounds      |     Work
 Expl Unexpl |  Obj  Depth IntInf | Incumbent    BestBd   Gap | It/Node Time

     0     0    4.40058    0  811          -    4.40058      -     -    1s
     0     0   13.00000    0  738   18.00000   13.00000  27.8%     -   34s
     0     0    6.51200    0  881          -    6.51200      -     -    3s
     0     0    7.00000    0  728          -    7.00000      -     -    3s
     0     0    7.00000    0  649          -    7.00000      -     -    3s
     0     0   13.00000    0  842   18.00000   13.00000  27.8%     -   35s
     0     0   13.00000    0  804   18.00000   13.00000  27.8%     -   35s
     0     0   13.00000    0  765   18.00000   13.00000  27.8%     -   36s
     0     0    7.93106    0  987          -    7.93106      -     -    5s
     0     0    8.00000    0  880          -    8.00000      -     -    5s
     0     0   13.00000    0  821   18.00000   13.00000  27.8%     -   37s
     0     0   13.00000    0  771   18.00000   13.00000  27.8%     -   37s
     0     0    8.00000    0  835          -    8.00000      -     -    6s
     0     0   13.00000    0  607   18.00000   13.00000  27.8%     -   39s
     0     0   13.00000    0  637   18.00000   13.00000  27.8%     -   39s
     0     0   13.00000    0  743   18.00000   13.00000  27.8%     -   39s
     0     0    9.00000    0  909          -    9.00000      -     -    9s
     0     0   13.00000    0  562   18.00000   13.00000  27.8%     -   41s
     0     0    9.00000    0  915          -    9.00000      -     -   10s
     0     0   13.00000    0  574   18.00000   13.00000  27.8%     -   41s
     0     0   13.00000    0  699   18.00000   13.00000  27.8%     -   42s
     0     0   13.00000    0  553   18.00000   13.00000  27.8%     -   43s
     0     0   13.00000    0  572   18.00000   13.00000  27.8%     -   43s
     0     0   13.00000    0  711   18.00000   13.00000  27.8%     -   44s
     0     0   13.00000    0  624   18.00000   13.00000  27.8%     -   45s
     0     0   13.00000    0  581   18.00000   13.00000  27.8%     -   45s
     0     0    9.34912    0 1139          -    9.34912      -     -   14s
     0     0   13.00000    0  581   18.00000   13.00000  27.8%     -   45s
     0     0   10.00000    0  963          -   10.00000      -     -   14s
     0     0   10.00000    0  977          -   10.00000      -     -   15s
     0     2   13.00000    0  581   18.00000   13.00000  27.8%     -   47s
     7    13   13.00000    3  616   18.00000   13.00000  27.8%  2572   48s
    27    44   13.00000    5  697   18.00000   13.00000  27.8%  4416   50s
    51    65   13.00000    6  756   18.00000   13.00000  27.8%  3896   51s
H    0     0                      21.0000000   10.01852  52.3%     -   20s
     0     0   10.02362    0 1125   21.00000   10.02362  52.3%     -   20s
     0     0   10.02362    0 1117   21.00000   10.02362  52.3%     -   20s
     0     0   10.02363    0 1093   21.00000   10.02363  52.3%     -   21s
     0     0   11.00000    0  803   21.00000   11.00000  47.6%     -   21s
     0     0   11.00000    0  907   21.00000   11.00000  47.6%     -   22s
    75   119   13.00000    7  755   18.00000   13.00000  27.8%  3672   54s
     0     0   11.00000    0 1003   21.00000   11.00000  47.6%     -   23s
     0     0   11.00000    0  982   21.00000   11.00000  47.6%     -   24s

Gurobi 13.0.1 (linux64) logging started Mon Apr  6 16:47:44 2026

Set parameter LogFile to value "gurobi.log"
Set parameter LogToConsole to value 1
Set parameter DisplayInterval to value 1
Set parameter TimeLimit to value 300
Gurobi Optimizer version 13.0.1 build v13.0.1rc0 (linux64 - "Red Hat Enterprise Linux 8.10 (Ootpa)")

CPU model: AMD EPYC 9275F 24-Core Processor, instruction set [SSE2|AVX|AVX2|AVX512]
Thread count: 24 physical cores, 48 logical processors, using up to 24 threads

Non-default parameters:
TimeLimit  300
DisplayInterval  1

Optimize a model with 25143 rows, 18178 columns and 198158 nonzeros (Min)
Model fingerprint: 0x895db91d
Model has 1 linear objective coefficients
Variable types: 0 continuous, 18178 integer (17671 binary)
Coefficient statistics:
  Matrix range     [1e+00, 4e+01]
  Objective range  [1e+00, 1e+00]
  Bounds range     [1e+00, 4e+01]
  RHS range        [1e+00, 8e+01]

   186   154   13.00000   14  682   18.00000   13.00000  27.8%  2647   57s
Presolve removed 16523 rows and 12363 columns
Presolve time: 0.88s
Presolved: 8620 rows, 5815 columns, 105154 nonzeros
Variable types: 0 continuous, 5815 integer (5758 binary)

Root simplex log...

Iteration    Objective       Primal Inf.    Dual Inf.      Time
    2677    4.3373340e+00   2.180243e+03   0.000000e+00      1s
    5454    4.4005772e+00   0.000000e+00   0.000000e+00      1s

Root relaxation: objective 4.400577e+00, 5454 iterations, 0.37 seconds (1.02 work units)
   218   165   13.05342   15  858   18.00000   13.00000  27.8%  2738   58s

    Nodes    |    Current Node    |     Objective Bounds      |     Work
 Expl Unexpl |  Obj  Depth IntInf | Incumbent    BestBd   Gap | It/Node Time

     0     0    4.40058    0  917          -    4.40058      -     -    1s
     0     0   12.00000    0 1089   21.00000   12.00000  42.9%     -   28s
   246   175   13.02577   15  872   18.00000   13.00000  27.8%  2885   60s
     0     0   12.00000    0 1018   21.00000   12.00000  42.9%     -   28s
     0     0    6.53916    0  870          -    6.53916      -     -    3s
     0     0    7.00000    0  777          -    7.00000      -     -    3s
H    0     0                      21.0000000    7.00000  66.7%     -    3s
     0     0    7.00000    0  770   21.00000    7.00000  66.7%     -    4s
     0     0    7.00000    0  719   21.00000    7.00000  66.7%     -    4s
     0     0   12.00000    0  638   21.00000   12.00000  42.9%     -   30s
   274   195   14.00000   16  796   18.00000   13.00000  27.8%  3054   61s
     0     0   12.00000    0  806   21.00000   12.00000  42.9%     -   31s
     0     0   12.00000    0  743   21.00000   12.00000  42.9%     -   31s
     0     0   12.00000    0  725   21.00000   12.00000  42.9%     -   31s
     0     0    7.85055    0 1012   21.00000    7.85055  62.6%     -    6s
   303   202   14.00000   17  570   18.00000   13.00000  27.8%  3025   63s
     0     0    7.85055    0  948   21.00000    7.85055  62.6%     -    6s
     0     0   12.00000    0  898   21.00000   12.00000  42.9%     -   32s
     0     0    7.85055    0  934   21.00000    7.85055  62.6%     -    6s
     0     0    7.85055    0  844   21.00000    7.85055  62.6%     -    7s
     0     0    7.85055    0  834   21.00000    7.85055  62.6%     -    7s
     0     0   12.00000    0  900   21.00000   12.00000  42.9%     -   33s
     0     0   12.00000    0  812   21.00000   12.00000  42.9%     -   33s
     0     0    8.00000    0  846   21.00000    8.00000  61.9%     -    8s
   347   221   14.00000   18  629   18.00000   13.00000  27.8%  2934   65s
H    0     0                      20.0000000    8.02391  59.9%     -    8s
     0     0   12.00000    0  978   21.00000   12.00000  42.9%     -   34s
     0     0   12.00000    0  857   21.00000   12.00000  42.9%     -   34s
     0     0    9.00000    0  820   20.00000    9.00000  55.0%     -    9s
     0     0    9.00000    0  795   20.00000    9.00000  55.0%     -    9s
     0     0    9.00000    0  701   20.00000    9.00000  55.0%     -    9s
     0     0    9.00000    0  685   20.00000    9.00000  55.0%     -    9s
     0     0   12.00000    0  764   21.00000   12.00000  42.9%     -   36s
     0     0   12.00000    0  693   21.00000   12.00000  42.9%     -   36s
   381   232   14.00000   20  577   18.00000   13.00000  27.8%  2904   67s
     0     0   12.00000    0  543   21.00000   12.00000  42.9%     -   37s
     0     0    9.19260    0 1081   20.00000    9.19260  54.0%     -   12s
     0     0    9.19260    0 1018   20.00000    9.19260  54.0%     -   12s
   411   246 infeasible   23        18.00000   13.00000  27.8%  2876   69s
     0     2   12.00000    0  540   21.00000   12.00000  42.9%     -   38s
     0     0    9.39494    0 1043   20.00000    9.39494  53.0%     -   13s
     0     0    9.39494    0 1042   20.00000    9.39494  53.0%     -   13s
     0     0    9.53902    0 1072   20.00000    9.53902  52.3%     -   13s
     0     0    9.53902    0 1072   20.00000    9.53902  52.3%     -   13s
     0     0    9.54341    0 1178   20.00000    9.54341  52.3%     -   14s
     0     0    9.54341    0 1159   20.00000    9.54341  52.3%     -   14s
   451   254   14.00000   24  671   18.00000   13.00000  27.8%  2875   71s
     0     0    9.54385    0 1147   20.00000    9.54385  52.3%     -   14s
     0     0    9.54385    0 1136   20.00000    9.54385  52.3%     -   14s
     3     6   12.00000    2  824   21.00000   12.00000  42.9%  3443   41s
   482   259   14.00000   25  637   18.00000   13.00000  27.8%  3017   73s
     0     0   10.21132    0 1310   20.00000   10.21132  48.9%     -   16s
     0     0   10.21132    0 1204   20.00000   10.21132  48.9%     -   16s
     0     0   10.30520    0 1251   20.00000   10.30520  48.5%     -   17s
   533   275   14.00000   13  595   18.00000   13.00000  27.8%  2977   74s
     0     0   10.30693    0 1254   20.00000   10.30693  48.5%     -   18s
     0     0   10.30719    0 1243   20.00000   10.30719  48.5%     -   18s
     0     0   10.30719    0 1224   20.00000   10.30719  48.5%     -   18s
   574   298   14.71429   14  528   18.00000   13.00000  27.8%  2930   76s
     7     8   12.04182    3 1327   21.00000   12.00000  42.9%  8854   45s
     0     0   10.37955    0 1284   20.00000   10.37955  48.1%     -   19s
     0     0   10.38497    0 1404   20.00000   10.38497  48.1%     -   20s
     0     0   10.38497    0 1393   20.00000   10.38497  48.1%     -   20s
     0     0   10.38629    0 1381   20.00000   10.38629  48.1%     -   21s
   627   321   15.00000   15  514   18.00000   13.00000  27.8%  2875   78s
    13    16   13.00000    4 1326   21.00000   13.00000  38.1% 12275   47s
   677   332   15.00000   14  524   18.00000   13.00000  27.8%  2837   79s
    21    29   20.00000    5  567   21.00000   13.00000  38.1% 12951   49s
H    0     0                      19.0000000   10.56292  44.4%     -   24s
     0     0   10.56292    0 1369   19.00000   10.56292  44.4%     -   24s
     0     0   10.56292    0 1247   19.00000   10.56292  44.4%     -   24s
   723   352   14.23077   14  525   18.00000   13.00000  27.8%  2846   82s
     0     0   11.00000    0 1278   19.00000   11.00000  42.1%     -   25s
     0     0   11.00000    0 1018   19.00000   11.00000  42.1%     -   26s
     0     0   11.00000    0 1019   19.00000   11.00000  42.1%     -   27s
   773   379 infeasible   16        18.00000   13.00000  27.8%  2823   84s
    37    50   20.00000    6  469   21.00000   13.00000  38.1%  9499   53s
     0     0   11.00000    0 1036   19.00000   11.00000  42.1%     -   28s
     0     0   11.00000    0  982   19.00000   11.00000  42.1%     -   29s
   828   406 infeasible   17        18.00000   13.00000  27.8%  2796   87s
     0     0   11.06948    0 1126   19.00000   11.06948  41.7%     -   30s
     0     0   12.00000    0 1089   19.00000   12.00000  36.8%     -   32s
   891   428 infeasible   18        18.00000   13.00000  27.8%  2747   89s
     0     0   12.00000    0  986   19.00000   12.00000  36.8%     -   32s
    61    94   20.00000    7  424   21.00000   13.00000  38.1%  8427   58s
H   74    94                      20.0000000   13.00000  35.0%  7323   58s
     0     0   12.00000    0 1004   19.00000   12.00000  36.8%     -   33s
   954   455   17.00000   19  599   18.00000   13.00000  27.8%  2746   91s
     0     0   12.00000    0  905   19.00000   12.00000  36.8%     -   35s
     0     0   12.00000    0  962   19.00000   12.00000  36.8%     -   35s
   109    97     cutoff   10        20.00000   13.00000  35.0%  5939   61s
  1023   476   17.00000   20  536   18.00000   13.00000  27.8%  2724   93s
     0     0   12.00000    0  988   19.00000   12.00000  36.8%     -   37s
     0     0   12.00000    0  989   19.00000   12.00000  36.8%     -   37s
   149   138   14.00000   10  884   20.00000   13.00000  35.0%  5195   63s
     0     0   12.00000    0  730   19.00000   12.00000  36.8%     -   39s
  1103   493   17.00000   21  465   18.00000   13.00000  27.8%  2682   96s
     0     0   12.00000    0  951   19.00000   12.00000  36.8%     -   39s
     0     0   12.00000    0  856   19.00000   12.00000  36.8%     -   40s
   197   181   14.00000   14  760   20.00000   13.00000  35.0%  4337   66s
     0     0   12.00000    0  999   19.00000   12.00000  36.8%     -   41s
  1180   521 infeasible   22        18.00000   13.00000  27.8%  2686   98s
   248   199   14.00000   19  607   20.00000   13.00000  35.0%  3795   68s
     0     0   12.00000    0  722   19.00000   12.00000  36.8%     -   43s
     0     0   12.00000    0  642   19.00000   12.00000  36.8%     -   43s
  1265   553   17.00000   23  462   18.00000   13.00000  27.8%  2648  101s
     0     0   12.00000    0  600   19.00000   12.00000  36.8%     -   44s
   282   235   14.00000   22  915   20.00000   13.00000  35.0%  3645   70s
H  325   235                      19.0000000   13.00000  31.6%  3371   70s
  1346   587 infeasible   25        18.00000   13.00000  27.8%  2649  103s
   330   290   14.00000   27  851   19.00000   13.00000  31.6%  3353   72s
  1446   620   14.00000   11  558   18.00000   13.00000  27.8%  2617  104s
     0     0   12.00000    0  714   19.00000   12.00000  36.8%     -   48s
   414   361   15.00000   30  847   19.00000   13.00000  31.6%  3058   75s
  1546   661 infeasible   16        18.00000   13.00000  27.8%  2591  107s
     0     0   12.00000    0  845   19.00000   12.00000  36.8%     -   50s
     0     0   12.00000    0  790   19.00000   12.00000  36.8%     -   50s
     0     0   12.00000    0  818   19.00000   12.00000  36.8%     -   51s
     0     0   12.00000    0  817   19.00000   12.00000  36.8%     -   51s
  1672   694 infeasible   17        18.00000   13.00000  27.8%  2545  110s
     0     0   12.00000    0  885   19.00000   12.00000  36.8%     -   53s
   500   408   16.00000   35  836   19.00000   13.00000  31.6%  2796   78s
     0     0   12.00000    0  446   19.00000   12.00000  36.8%     -   55s
     0     0   12.00000    0  481   19.00000   12.00000  36.8%     -   55s
  1800   734 infeasible   24        18.00000   13.00000  27.8%  2519  112s
  1815   734 infeasible   17        18.00000   13.00000  27.8%  2517  113s
     0     0   12.00000    0  697   19.00000   12.00000  36.8%     -   56s
   573   431 infeasible   37        19.00000   13.00000  31.6%  2749   81s
     0     0   12.00000    0  577   19.00000   12.00000  36.8%     -   57s
     0     0   12.00000    0  618   19.00000   12.00000  36.8%     -   58s
  1911   787   14.00000   13  506   18.00000   13.00000  27.8%  2518  115s
     0     0   12.00000    0  768   19.00000   12.00000  36.8%     -   59s
   625   435 infeasible   38        19.00000   13.00000  31.6%  2756   84s
  2036   829   14.00000   20  643   18.00000   13.00000  27.8%  2513  117s
     0     0   12.00000    0  630   19.00000   12.00000  36.8%     -   60s
     0     0   12.00000    0  650   19.00000   12.00000  36.8%     -   61s
     0     0   12.00000    0  772   19.00000   12.00000  36.8%     -   62s
  2175   871 infeasible   22        18.00000   13.00000  27.8%  2500  119s
     0     0   12.00000    0  474   19.00000   12.00000  36.8%     -   63s
     0     0   12.00000    0  458   19.00000   12.00000  36.8%     -   63s
     0     0   12.00000    0  458   19.00000   12.00000  36.8%     -   64s
   669   445   16.00000   38  607   19.00000   13.00000  31.6%  2809   89s
  2314   904   13.05146   14  820   18.00000   13.00000  27.8%  2501  121s
     0     2   12.00000    0  304   19.00000   12.00000  36.8%     -   66s
     7    15   12.00000    3  757   19.00000   12.00000  36.8%  2799   67s
  2451   917   13.06108   15  877   18.00000   13.00000  27.8%  2498  124s
    15    28   12.00000    4  764   19.00000   12.00000  36.8%  3980   68s
   718   460   16.00000   40  586   19.00000   13.00000  31.6%  2838   94s
    30    47   12.00000    5  785   19.00000   12.00000  36.8%  6541   71s
  2490   950   14.00000   16  542   18.00000   13.00000  27.8%  2504  128s
   744   496   16.00000   41  590   19.00000   13.00000  31.6%  3077   97s
H  766   496                      18.0000000   13.00000  27.8%  3054   97s
    54    98   12.00000    6  882   19.00000   12.00000  36.8%  4847   73s
   114   142   12.00000    7  861   19.00000   12.00000  36.8%  3581   75s
   803   501   16.00000   42  573   18.00000   13.00000  27.8%  3021  101s
  2559   973 infeasible   22        18.00000   13.00000  27.8%  2501  133s
   169   164   12.00000    7  963   19.00000   12.00000  36.8%  3061   79s
  2631  1011   15.00000   24  355   18.00000   13.00000  27.8%  2505  136s
   871   498   16.00000   43  430   18.00000   13.00000  27.8%  2995  105s
   200   178   12.00659    8 1062   19.00000   12.00000  36.8%  3065   80s
   228   200   13.00000    9 1017   19.00000   12.00000  36.8%  2916   83s
  2703  1031   15.00000   30  552   18.00000   13.00000  27.8%  2501  140s
   921   506 infeasible   44        18.00000   13.00000  27.8%  3050  109s
   255   221   13.00000   10 1010   19.00000   12.00000  36.8%  2938   85s
  2799  1070 infeasible   14        18.00000   13.00000  27.8%  2498  144s
   288   245   13.00000   11  772   19.00000   12.00000  36.8%  2863   87s
   978   509 infeasible   14        18.00000   13.00000  27.8%  3062  115s
   319   262   13.00000   11  786   19.00000   12.00000  36.8%  2871   89s
  2880  1098   14.00000   19  606   18.00000   13.00000  27.8%  2501  148s
   365   282   13.00000   12  714   19.00000   12.00000  36.8%  2844   92s
H  377   282                      18.0000000   12.00000  33.3%  2867   92s
  1051   530 infeasible   22        18.00000   13.00000  27.8%  3034  118s
  2971  1122   14.00000   22  547   18.00000   13.00000  27.8%  2504  152s
   404   283   15.00000   12  768   18.00000   12.00000  33.3%  2892   95s
   482   317   13.00000   13  688   18.00000   12.00000  33.3%  2920   97s
  3065  1160   14.00000   24  704   18.00000   13.00000  27.8%  2509  155s
   570   336   13.00000   14  791   18.00000   12.00000  33.3%  2982   99s
  1118   556   14.00000    8 1210   18.00000   13.00000  27.8%  3004  126s
   610   355   13.10664   15  865   18.00000   12.00000  33.3%  3042  102s
  3167  1180 infeasible   14        18.00000   13.00000  27.8%  2512  159s
   670   392   14.00000   16  864   18.00000   12.00000  33.3%  3148  104s
  1209   585   16.00000   11  834   18.00000   13.00000  27.8%  2938  131s
   735   423   14.00000   17  738   18.00000   12.00000  33.3%  3060  106s
  3275  1226   17.00000   16  457   18.00000   13.00000  27.8%  2516  165s
   810   459   14.00000   18  792   18.00000   12.00000  33.3%  3030  108s
  1305   607   16.00000   16  694   18.00000   13.00000  27.8%  2882  135s
   893   479 infeasible   19        18.00000   12.00000  33.3%  3005  111s
  3386  1262   17.00000   22  611   18.00000   13.00000  27.8%  2534  169s
  1018   497 infeasible   18        18.00000   12.00000  33.3%  2903  113s
  1391   627   16.00000   21  563   18.00000   13.00000  27.8%  2869  140s
  1114   535   13.00000   10  552   18.00000   12.00000  33.3%  2861  115s
  1206   570   13.00000   11  500   18.00000   12.00000  33.3%  2833  117s
  3506  1310 infeasible   24        18.00000   13.00000  27.8%  2553  174s
  1302   593   14.00000   13  726   18.00000   12.00000  33.3%  2801  119s
  3661  1388   14.00000   16  559   18.00000   13.00000  27.8%  2544  177s
  1402   636 infeasible   15        18.00000   12.00000  33.3%  2781  120s
  1425   654 infeasible   24        18.00000   13.00000  27.8%  2878  148s
  1506   639   14.00000   16  670   18.00000   12.00000  33.3%  2744  123s
  1489   677   16.00000   30  417   18.00000   13.00000  27.8%  2860  151s
  1549   658 infeasible   17        18.00000   12.00000  33.3%  2758  126s
  1596   687 infeasible   18        18.00000   12.00000  33.3%  2760  130s
  1678   719   14.00000   19  633   18.00000   12.00000  33.3%  2725  131s
  1558   687 infeasible   12        18.00000   13.00000  27.8%  2814  159s
  3875  1581   15.00000   26  467   18.00000   14.00000  22.2%  2517  191s
  1760   749   14.00000   20  662   18.00000   12.00000  33.3%  2711  134s
  1637   694   14.00000    9  999   18.00000   13.00000  27.8%  2786  163s
  1854   762 infeasible   21        18.00000   12.00000  33.3%  2704  138s
  1947   790 infeasible   22        18.00000   12.00000  33.3%  2718  142s
  1718   705   15.00000   12  841   18.00000   13.00000  27.8%  2769  169s
  2049   825   14.00000   23  683   18.00000   12.00000  33.3%  2721  145s
  4813  1747   14.00000   12  421   18.00000   14.00000  22.2%  2370  202s
  2147   846 infeasible   24        18.00000   12.00000  33.3%  2726  148s
  1789   729   15.00000   13  830   18.00000   13.00000  27.8%  2752  175s
  2239   872   17.00000   24  525   18.00000   12.00000  33.3%  2744  151s
  2332   902 infeasible   26        18.00000   12.00000  33.3%  2772  154s
  1887   744 infeasible   14        18.00000   13.00000  27.8%  2717  182s
  2462   944   13.00000   15  660   18.00000   12.00000  33.3%  2772  157s
  5635  1873   15.64000   14  622   18.00000   14.00000  22.2%  2312  215s
  2016   788   15.00000   24  911   18.00000   13.00000  27.8%  2678  186s
  2598   964   13.00000   16  746   18.00000   12.00000  33.3%  2778  163s
  2141   811 infeasible   31        18.00000   13.00000  27.8%  2648  192s
  2683   989 infeasible   18        18.00000   12.00000  33.3%  2792  167s
  6446  2050 infeasible   19        18.00000   14.00000  22.2%  2277  224s
  2286   831   14.00000   11  866   18.00000   13.00000  27.8%  2619  195s
  2793  1047   13.00000   17  617   18.00000   12.00000  33.3%  2811  171s
  7181  2051   16.00000   16  596   18.00000   14.00000  22.2%  2254  230s
  2929  1070 infeasible   21        18.00000   12.00000  33.3%  2816  175s
  7183  2052   14.00000   22  635   18.00000   14.00000  22.2%  2253  232s
  2441   849 infeasible   17        18.00000   13.00000  27.8%  2575  201s
  7184  2053   14.00000   13  680   18.00000   14.00000  22.2%  2253  233s
  3069  1126   13.00000   22  614   18.00000   12.00000  33.3%  2837  178s
  7185  2054   16.00000   26  825   18.00000   14.00000  22.2%  2253  237s
  2588   859   16.00000   19  824   18.00000   14.00000  22.2%  2564  206s
  3208  1187   13.00000   22  574   18.00000   12.00000  33.3%  2857  182s
  7186  2054   15.00000   34  680   18.00000   14.00000  22.2%  2252  240s
  2645   875   16.00000   21  704   18.00000   14.00000  22.2%  2571  209s
  3381  1250   13.00000   23  675   18.00000   12.00000  33.3%  2853  185s
  7187  2055   15.00000   11  713   18.00000   14.00000  22.2%  2252  244s
  7188  2056   17.00000   23  433   18.00000   14.00000  22.2%  2252  246s
  3575  1263   13.00000   23  702   18.00000   12.00000  33.3%  2841  189s
  2756   887 infeasible   20        18.00000   14.00000  22.2%  2561  214s
  7189  2056   16.00000   15  598   18.00000   14.00000  22.2%  2251  248s
  3630  1279 infeasible   24        18.00000   12.00000  33.3%  2840  193s
  2880   935   15.00000   14  740   18.00000   14.00000  22.2%  2557  219s
  7190  2057   15.00000   22  623   18.00000   14.00000  22.2%  2251  251s
  7191  2058   16.00000   50  738   18.00000   14.00000  22.2%  2251  253s
  3712  1299   12.00000   10  799   18.00000   12.00000  33.3%  2847  198s
  7192  2058   15.00000   21  586   18.00000   14.00000  22.2%  2250  256s
  7193  2059   14.00000   24  615   18.00000   14.00000  22.2%  2250  257s
  3812  1301   12.00000   11  760   18.00000   12.00000  33.3%  2862  201s
  3066   972 infeasible   18        18.00000   14.00000  22.2%  2522  227s
  7194  2060   14.00000   18  571   18.00000   14.00000  22.2%  2250  260s
  7195  2060   15.00000   19  665   18.00000   14.00000  22.2%  2249  262s
  3940  1350   12.17920   12  834   18.00000   12.00000  33.3%  2879  206s
  7196  2061   15.00000   16  431   18.00000   14.00000  22.2%  2249  264s
  3235  1015 infeasible   19        18.00000   14.00000  22.2%  2517  232s
  4033  1377   13.00000   13  585   18.00000   12.00000  33.3%  2876  209s
  7197  2062   16.00000   16  431   18.00000   14.00000  22.2%  2249  268s
  7198  2062   15.00000   27  431   18.00000   14.00000  22.2%  2249  269s
  7199  2065   14.00000   12  430   18.00000   14.00000  22.2%  2265  270s
  7201  2066   14.00000   13  394   18.00000   14.00000  22.2%  2266  271s
  4105  1424   13.00000   15  568   18.00000   12.00000  33.3%  2877  214s
  7204  2068   14.00000   14  382   18.00000   14.00000  22.2%  2266  272s
  3409  1048 infeasible   14        18.00000   14.00000  22.2%  2511  240s
  7209  2074   14.00000   15  407   18.00000   14.00000  22.2%  2267  273s
  7217  2082   14.00000   16  372   18.00000   14.00000  22.2%  2266  275s
  7232  2090   14.00000   17  574   18.00000   14.00000  22.2%  2267  276s
  4220  1447   15.00000   20  411   18.00000   12.00000  33.3%  2862  220s
  7256  2111   14.00000   18  531   18.00000   14.00000  22.2%  2271  277s
  7300  2123   14.00000   20  583   18.00000   14.00000  22.2%  2269  279s
  7342  2126   14.00000   20  731   18.00000   14.00000  22.2%  2269  280s
  4315  1468 infeasible   26        18.00000   12.00000  33.3%  2864  224s
  3608  1052 infeasible   20        18.00000   14.00000  22.2%  2505  250s
  7383  2127   14.00000   21  668   18.00000   14.00000  22.2%  2267  282s
  7423  2128   14.00000   21  513   18.00000   14.00000  22.2%  2266  284s
  7466  2125   14.00000   22  806   18.00000   14.00000  22.2%  2267  286s
  7510  2118   14.00000   23  485   18.00000   14.00000  22.2%  2270  287s
  3788  1109   15.00000   13  874   18.00000   14.00000  22.2%  2512  256s
  4436  1480   17.00000   13  516   18.00000   12.00000  33.3%  2862  231s
  7549  2120   14.00000   24  487   18.00000   14.00000  22.2%  2271  289s
  7596  2116   16.00000   24  435   18.00000   14.00000  22.2%  2271  292s
  4020  1144 infeasible   20        18.00000   14.00000  22.2%  2488  262s
  7640  2106   14.00000   25  419   18.00000   14.00000  22.2%  2272  293s
  4507  1523   17.00000   14  399   18.00000   12.00000  33.3%  2863  237s
  7672  2108   14.00000   25  565   18.00000   14.00000  22.2%  2273  295s
  7707  2110   14.00000   26  342   18.00000   14.00000  22.2%  2273  298s
  7750  2115   14.00000   26  378   18.00000   14.00000  22.2%  2271  300s

Cutting planes:
  Lift-and-project: 1
  Cover: 92
  Implied bound: 132
  Clique: 351
  MIR: 7
  Flow cover: 18
  GUB cover: 12
  Zero half: 5
  RLT: 20
  Relax-and-lift: 87
  BQP: 86
  PSD: 5

Explored 7790 nodes (17993237 simplex iterations) in 300.01 seconds (783.09 work units)
Thread count was 24 (of 48 available processors)

Solution count 3: 18 19 20 

Time limit reached
Best objective 1.800000000000e+01, best bound 1.400000000000e+01, gap 22.2222%
  4675  1596   17.00000   17  489   18.00000   12.00000  33.3%  2860  243s
  4280  1138   16.00000   14  751   18.00000   14.00000  22.2%  2460  270s
  4920  1693   15.00000   17  533   18.00000   12.00000  33.3%  2848  247s
  4513  1157   15.00000    9  672   18.00000   14.00000  22.2%  2460  276s
  5209  1694   15.00000   15  600   18.00000   12.00000  33.3%  2845  251s
  5211  1695   16.00000   35  724   18.00000   12.00000  33.3%  2843  253s
  5212  1696   15.00000   13  902   18.00000   12.00000  33.3%  2843  254s
  4779  1179   16.00000   16  733   18.00000   14.00000  22.2%  2447  283s
  5213  1697   17.00000   23  881   18.00000   12.00000  33.3%  2842  257s
  5214  1697   13.00000   16  635   18.00000   12.00000  33.3%  2842  262s
  5215  1698   14.00000   12  802   18.00000   12.00000  33.3%  2841  264s
  5051  1192   15.00000   13 1027   18.00000   15.00000  16.7%  2431  290s
  5216  1699   17.00000   19  651   18.00000   12.00000  33.3%  2841  267s
  5217  1699   17.00000   22  760   18.00000   12.00000  33.3%  2840  269s
  5269  1193 infeasible   20        18.00000   15.00000  16.7%  2444  297s
  5218  1700   17.00000   23  577   18.00000   12.00000  33.3%  2840  272s
  5352  1192   17.00000   18  807   18.00000   15.00000  16.7%  2449  300s

Cutting planes:
  Learned: 5
  Gomory: 3
  Cover: 2931
  Implied bound: 4211
  Clique: 2202
  MIR: 660
  Knapsack: 2
  StrongCG: 189
  GUB cover: 101
  Inf proof: 2
  Zero half: 79
  RLT: 305
  Relax-and-lift: 395
  BQP: 440
  PSD: 22

Explored 5467 nodes (13568828 simplex iterations) in 300.01 seconds (830.76 work units)
Thread count was 24 (of 48 available processors)

Solution count 4: 18 19 20 21 

Time limit reached
Best objective 1.800000000000e+01, best bound 1.500000000000e+01, gap 16.6667%
  5219  1701   13.00000   14  794   18.00000   12.00000  33.3%  2839  276s
  5220  1701   15.00000   15  646   18.00000   12.00000  33.3%  2839  279s
  5221  1702   15.00000   19  749   18.00000   12.00000  33.3%  2838  281s
  5222  1703   13.00000   15  647   18.00000   12.00000  33.3%  2837  284s
  5223  1703   13.00000   12  879   18.00000   12.00000  33.3%  2837  285s
  5224  1704   16.00000   26  720   18.00000   12.00000  33.3%  2836  286s
  5225  1705   14.00000   13  859   18.00000   12.00000  33.3%  2836  290s
  5226  1705   13.00000   15  746   18.00000   12.00000  33.3%  2835  293s
  5227  1706   17.00000   16  880   18.00000   12.00000  33.3%  2835  297s
  5228  1707   15.00000   21  650   18.00000   12.00000  33.3%  2834  299s

Cutting planes:
  Lift-and-project: 1
  Cover: 72
  Implied bound: 308
  Clique: 410
  MIR: 14
  StrongCG: 1
  Flow cover: 66
  GUB cover: 22
  Zero half: 13
  RLT: 59
  Relax-and-lift: 109
  BQP: 117

Explored 5228 nodes (15315711 simplex iterations) in 300.01 seconds (733.41 work units)
Thread count was 24 (of 48 available processors)

Solution count 4: 18 19 20 21 

Time limit reached
Best objective 1.800000000000e+01, best bound 1.200000000000e+01, gap 33.3333%

Gurobi 13.0.1 (linux64) logging started Mon Apr  6 16:56:09 2026

Set parameter LogFile to value "gurobi.log"
Set parameter LogToConsole to value 1
Set parameter DisplayInterval to value 1
Set parameter TimeLimit to value 300
Gurobi Optimizer version 13.0.1 build v13.0.1rc0 (linux64 - "Red Hat Enterprise Linux 8.10 (Ootpa)")

CPU model: AMD EPYC 9275F 24-Core Processor, instruction set [SSE2|AVX|AVX2|AVX512]
Thread count: 24 physical cores, 48 logical processors, using up to 24 threads

Non-default parameters:
TimeLimit  300
DisplayInterval  1

Optimize a model with 25143 rows, 18178 columns and 198158 nonzeros (Min)
Model fingerprint: 0x7d091ba6
Model has 1 linear objective coefficients
Variable types: 0 continuous, 18178 integer (17671 binary)
Coefficient statistics:
  Matrix range     [1e+00, 4e+01]
  Objective range  [1e+00, 1e+00]
  Bounds range     [1e+00, 4e+01]
  RHS range        [1e+00, 8e+01]

Presolve removed 16516 rows and 12360 columns
Presolve time: 0.87s
Presolved: 8627 rows, 5818 columns, 105252 nonzeros
Variable types: 0 continuous, 5818 integer (5761 binary)

Root simplex log...

Iteration    Objective       Primal Inf.    Dual Inf.      Time
    3086    4.3373839e+00   9.718211e+02   0.000000e+00      1s
    5632    4.4005772e+00   0.000000e+00   0.000000e+00      1s

Root relaxation: objective 4.400577e+00, 5632 iterations, 0.39 seconds (1.07 work units)

    Nodes    |    Current Node    |     Objective Bounds      |     Work
 Expl Unexpl |  Obj  Depth IntInf | Incumbent    BestBd   Gap | It/Node Time

     0     0    4.40058    0  755          -    4.40058      -     -    1s
     0     0    5.91055    0  920          -    5.91055      -     -    3s
     0     0    6.23819    0  814          -    6.23819      -     -    3s
H    0     0                      21.0000000    6.23819  70.3%     -    3s
     0     0    7.00000    0  817   21.00000    7.00000  66.7%     -    4s
     0     0    7.00000    0  752   21.00000    7.00000  66.7%     -    4s
     0     0    7.91176    0  743   21.00000    7.91176  62.3%     -    5s
     0     0    7.95478    0 1001   21.00000    7.95478  62.1%     -    6s
     0     0    7.95478    0  960   21.00000    7.95478  62.1%     -    6s
     0     0    7.95478    0  851   21.00000    7.95478  62.1%     -    7s
     0     0    8.06814    0  852   21.00000    8.06814  61.6%     -    7s
     0     0    9.00000    0  772   21.00000    9.00000  57.1%     -    7s
     0     0    9.00000    0  763   21.00000    9.00000  57.1%     -    8s
     0     0    9.15416    0 1014   21.00000    9.15416  56.4%     -   10s
     0     0    9.15416    0  981   21.00000    9.15416  56.4%     -   10s
     0     0    9.46218    0 1152   21.00000    9.46218  54.9%     -   10s
     0     0    9.46218    0 1105   21.00000    9.46218  54.9%     -   11s
     0     0    9.65265    0 1125   21.00000    9.65265  54.0%     -   11s
     0     0    9.66522    0 1196   21.00000    9.66522  54.0%     -   12s
     0     0    9.66566    0 1185   21.00000    9.66566  54.0%     -   12s
     0     0   10.12595    0 1094   21.00000   10.12595  51.8%     -   13s
     0     0   10.12595    0  978   21.00000   10.12595  51.8%     -   13s
     0     0   10.43615    0 1000   21.00000   10.43615  50.3%     -   14s
     0     0   11.00000    0 1016   21.00000   11.00000  47.6%     -   15s
     0     0   11.00000    0  894   21.00000   11.00000  47.6%     -   15s
     0     0   12.00000    0  844   21.00000   12.00000  42.9%     -   17s
     0     0   12.06645    0  889   21.00000   12.06645  42.5%     -   18s
     0     0   13.00000    0  943   21.00000   13.00000  38.1%     -   19s
     0     0   13.00000    0  923   21.00000   13.00000  38.1%     -   20s
     0     0   13.00000    0  866   21.00000   13.00000  38.1%     -   21s
     0     0   13.00000    0  855   21.00000   13.00000  38.1%     -   21s
     0     0   13.00000    0  889   21.00000   13.00000  38.1%     -   22s
     0     0   13.00000    0  767   21.00000   13.00000  38.1%     -   24s
     0     0   13.00000    0  855   21.00000   13.00000  38.1%     -   25s
     0     0   13.00000    0  939   21.00000   13.00000  38.1%     -   25s
     0     0   13.00000    0  866   21.00000   13.00000  38.1%     -   25s
     0     0   13.00000    0  657   21.00000   13.00000  38.1%     -   26s
     0     0   13.00000    0  807   21.00000   13.00000  38.1%     -   27s
     0     0   13.00000    0  832   21.00000   13.00000  38.1%     -   28s
     0     0   13.00000    0  786   21.00000   13.00000  38.1%     -   28s
     0     0   13.00000    0  641   21.00000   13.00000  38.1%     -   29s
     0     0   13.00000    0  577   21.00000   13.00000  38.1%     -   30s
     0     0   13.00000    0  577   21.00000   13.00000  38.1%     -   31s
     0     2   13.00000    0  495   21.00000   13.00000  38.1%     -   33s
     3     7   13.00000    2  756   21.00000   13.00000  38.1%  2954   34s
     7    12   13.00000    3  709   21.00000   13.00000  38.1%  4291   35s
    14    21   13.00000    4  699   21.00000   13.00000  38.1%  5184   37s
    26    36   13.00000    5  670   21.00000   13.00000  38.1%  7627   40s
H   27    36                      20.0000000   13.00000  35.0%  7345   40s
    47    55   13.00000    6  690   20.00000   13.00000  35.0%  6638   44s
H   57    55                      19.0000000   13.00000  31.6%  6349   44s
    71    76   13.00000    7  683   19.00000   13.00000  31.6%  6359   46s
    96    97   13.15305    8  945   19.00000   13.00000  31.6%  7090   48s
   120   122   13.47619    8  856   19.00000   13.00000  31.6%  6227   50s
H  148   122                      18.0000000   13.00000  27.8%  5495   50s
   152   144   14.00000    9  805   18.00000   13.00000  27.8%  5374   51s
   188   182   14.00000   11  734   18.00000   13.00000  27.8%  4877   53s
   242   206   14.00000   12  686   18.00000   13.00000  27.8%  4304   55s
   281   228 infeasible   13        18.00000   13.00000  27.8%  4039   57s
   341   251   14.00000   14  589   18.00000   13.00000  27.8%  3647   58s
   401   279   14.00000   14  619   18.00000   13.00000  27.8%  3371   60s
   464   291   14.17308   15  550   18.00000   13.00000  27.8%  3162   61s
   520   318   14.18653   15  593   18.00000   13.00000  27.8%  3075   63s
   571   329   15.00000   16  588   18.00000   13.00000  27.8%  2962   65s
   623   349   15.00000   17  567   18.00000   13.00000  27.8%  2899   66s
   682   355   14.51366   13  728   18.00000   13.00000  27.8%  2817   67s
   737   375   15.00000   14  669   18.00000   13.00000  27.8%  2759   70s
   817   376   17.00000   17  580   18.00000   13.00000  27.8%  2669   71s
   894   399   15.00000   19  794   18.00000   13.00000  27.8%  2579   74s
   961   404 infeasible   23        18.00000   13.00000  27.8%  2548   76s
  1036   414 infeasible   16        18.00000   13.00000  27.8%  2522   78s
  1120   448   14.00000   10  738   18.00000   13.00000  27.8%  2484   80s
  1209   465   16.00000   13  531   18.00000   13.00000  27.8%  2433   81s
  1267   487 infeasible   14        18.00000   13.00000  27.8%  2428   83s
  1371   512 infeasible   16        18.00000   13.00000  27.8%  2373   85s
  1471   520 infeasible   16        18.00000   13.00000  27.8%  2334   88s
  1554   528   17.00000   17  506   18.00000   13.00000  27.8%  2307   90s
  1656   549   14.00000   12  674   18.00000   13.00000  27.8%  2283   92s
  1768   549   16.00000   18  526   18.00000   14.00000  22.2%  2266   94s
  1883   580   14.00000   14  653   18.00000   14.00000  22.2%  2254   96s
  1996   602 infeasible   17        18.00000   14.00000  22.2%  2234   98s
  2112   626   14.00000   12  812   18.00000   14.00000  22.2%  2224  100s
  2227   638   16.00000   14  687   18.00000   14.00000  22.2%  2211  103s
  2367   660   17.00000   20  736   18.00000   14.00000  22.2%  2188  107s
  2514   671 infeasible   19        18.00000   14.00000  22.2%  2165  110s
  2643   703   14.00000   12  725   18.00000   14.00000  22.2%  2163  114s
  2775   723   15.00000   16  627   18.00000   14.00000  22.2%  2160  117s
  2926   762   15.00000   13  762   18.00000   14.00000  22.2%  2152  122s
  3075   793   17.00000   18  664   18.00000   14.00000  22.2%  2152  124s
  3262   818   14.00000   13  739   18.00000   14.00000  22.2%  2136  126s
  3433   843   15.00000   15  736   18.00000   14.00000  22.2%  2126  129s
  3628   837   15.00000   18  653   18.00000   14.00000  22.2%  2110  132s
  3817   851 infeasible   17        18.00000   14.00000  22.2%  2103  134s
  4028   855   15.00000   16  700   18.00000   14.00000  22.2%  2089  137s
  4238   885   15.00000   12  658   18.00000   14.00000  22.2%  2083  140s
  4282   885   15.00000   14  721   18.00000   14.00000  22.2%  2084  141s
  4469   913   15.00000   11  770   18.00000   14.00000  22.2%  2071  143s
  4704   933 infeasible   14        18.00000   15.00000  16.7%  2063  146s
  4953   943 infeasible   16        18.00000   15.00000  16.7%  2053  150s
  5203   935 infeasible   17        18.00000   15.00000  16.7%  2044  153s
  5438   923   17.00000   12  878   18.00000   15.00000  16.7%  2043  158s
  5665   930 infeasible   28        18.00000   15.00000  16.7%  2053  162s
  5881   935 infeasible   22        18.00000   15.00000  16.7%  2062  165s
  6171   929   15.00000   19  743   18.00000   15.00000  16.7%  2056  170s
  6405   917   15.00000    9  702   18.00000   15.00000  16.7%  2066  176s
  6735   882 infeasible   15        18.00000   15.00000  16.7%  2059  180s
  7027   911   17.00000   18  716   18.00000   15.00000  16.7%  2055  184s
  7201   918   16.00000   16  851   18.00000   15.00000  16.7%  2049  190s
  7442   915 infeasible   22        18.00000   15.00000  16.7%  2047  195s
  7765   918   16.00000   18  436   18.00000   15.00000  16.7%  2043  201s
  8068   946   17.00000   15  691   18.00000   16.00000  11.1%  2050  208s
  8218   957 infeasible   17        18.00000   16.00000  11.1%  2049  213s
  8356   961 infeasible   18        18.00000   16.00000  11.1%  2052  219s
  8527   960   16.00000   15  592   18.00000   16.00000  11.1%  2054  226s
  8775   967   17.00000   16  653   18.00000   16.00000  11.1%  2060  233s
  8993  1017   16.00000   12  923   18.00000   16.00000  11.1%  2069  240s
  9303  1092   16.72222   19  757   18.00000   16.00000  11.1%  2068  246s
H 9400  1092                      17.0000000   16.00000  5.88%  2065  246s
  9640   449   16.00000   17  577   17.00000   16.00000  5.88%  2067  252s
  9642   450   16.00000   11  667   17.00000   16.00000  5.88%  2067  254s
  9643   451   16.00000   12  424   17.00000   16.00000  5.88%  2067  257s
  9644   452   16.00000   19  753   17.00000   16.00000  5.88%  2067  258s
  9645   452   16.00000   18  649   17.00000   16.00000  5.88%  2066  261s
  9646   453   16.00000    7  744   17.00000   16.00000  5.88%  2066  263s
  9647   454   16.00000   20  644   17.00000   16.00000  5.88%  2066  265s

Gurobi 13.0.1 (linux64) logging started Mon Apr  6 17:00:37 2026

Set parameter LogFile to value "gurobi.log"
Set parameter LogToConsole to value 1
Set parameter DisplayInterval to value 1
Set parameter TimeLimit to value 300
Gurobi Optimizer version 13.0.1 build v13.0.1rc0 (linux64 - "Red Hat Enterprise Linux 8.10 (Ootpa)")

CPU model: AMD EPYC 9275F 24-Core Processor, instruction set [SSE2|AVX|AVX2|AVX512]
Thread count: 24 physical cores, 48 logical processors, using up to 24 threads

Non-default parameters:
TimeLimit  300
DisplayInterval  1

Optimize a model with 5329 rows, 4017 columns and 25138 nonzeros (Min)
Model fingerprint: 0x79d94e85
Model has 1 linear objective coefficients
Variable types: 0 continuous, 4017 integer (3792 binary)
Coefficient statistics:
  Matrix range     [1e+00, 2e+01]
  Objective range  [1e+00, 1e+00]
  Bounds range     [1e+00, 2e+01]
  RHS range        [1e+00, 4e+01]

Presolve removed 3634 rows and 2935 columns
Presolve time: 0.12s
Presolved: 1695 rows, 1082 columns, 10698 nonzeros
Variable types: 0 continuous, 1082 integer (1055 binary)
Found heuristic solution: objective 9.0000000
Found heuristic solution: objective 8.0000000

Root relaxation: objective 2.379310e+00, 823 iterations, 0.01 seconds (0.03 work units)

    Nodes    |    Current Node    |     Objective Bounds      |     Work
 Expl Unexpl |  Obj  Depth IntInf | Incumbent    BestBd   Gap | It/Node Time

     0     0    2.37931    0  189    8.00000    2.37931  70.3%     -    0s
     0     0    2.37931    0  176    8.00000    2.37931  70.3%     -    0s
     0     0    2.37931    0  175    8.00000    2.37931  70.3%     -    0s
H    0     0                       7.0000000    2.37931  66.0%     -    0s
H    0     0                       6.0000000    2.37931  60.3%     -    0s
H    0     0                       5.0000000    2.37931  52.4%     -    0s
     0     0    4.00000    0  170    5.00000    4.00000  20.0%     -    0s
H    0     0                       4.0000000    4.00000  0.00%     -    0s

Explored 1 nodes (1981 simplex iterations) in 0.24 seconds (0.40 work units)
Thread count was 24 (of 48 available processors)

Solution count 8: 4 4 4 ... 9

Optimal solution found (tolerance 1.00e-04)
Best objective 4.000000000000e+00, best bound 4.000000000000e+00, gap 0.0000%
  9648   454   16.00000   14  575   17.00000   16.00000  5.88%  2066  268s
  9649   455   16.00000   16  575   17.00000   16.00000  5.88%  2066  269s
  9652   459   16.00000   13  563   17.00000   16.00000  5.88%  2074  270s
  9661   466   16.00000   15  542   17.00000   16.00000  5.88%  2074  271s
  9671   472   16.00000   16  501   17.00000   16.00000  5.88%  2074  272s
  9710   498   16.00000   18  504   17.00000   16.00000  5.88%  2076  273s
  9747   509   16.00000   20  484   17.00000   16.00000  5.88%  2078  274s
  9795   498   16.00000   21  604   17.00000   16.00000  5.88%  2077  275s
  9872   504   16.00000   22  769   17.00000   16.00000  5.88%  2085  276s
  9909   499   16.00000   22  666   17.00000   16.00000  5.88%  2087  277s
  9953   498   16.00000   23  654   17.00000   16.00000  5.88%  2087  278s
  9993   490   16.00000   23  629   17.00000   16.00000  5.88%  2089  279s
 10034   496   16.00000   24  554   17.00000   16.00000  5.88%  2094  280s
 10101   504   16.00000   25  435   17.00000   16.00000  5.88%  2096  281s
 10144   502   16.00000   26  500   17.00000   16.00000  5.88%  2095  282s
 10185   506   16.00000   27  529   17.00000   16.00000  5.88%  2095  283s
 10212   513   16.00000   27  371   17.00000   16.00000  5.88%  2095  284s
 10247   514 infeasible   28        17.00000   16.00000  5.88%  2097  285s
 10317   520 infeasible   30        17.00000   16.00000  5.88%  2099  286s
 10359   512   16.00000   31  521   17.00000   16.00000  5.88%  2100  287s
 10408   515 infeasible   32        17.00000   16.00000  5.88%  2104  288s
 10464   508 infeasible   32        17.00000   16.00000  5.88%  2105  290s
 10515   503 infeasible   33        17.00000   16.00000  5.88%  2108  291s
 10578   489   16.00000   26  677   17.00000   16.00000  5.88%  2109  292s
 10623   491   16.00000   27  550   17.00000   16.00000  5.88%  2109  293s
 10671   472   16.00000   28  599   17.00000   16.00000  5.88%  2112  294s
 10726   467 infeasible   29        17.00000   16.00000  5.88%  2114  295s
 10798   447   16.00000   30  363   17.00000   16.00000  5.88%  2114  297s
 10869   443 infeasible   33        17.00000   16.00000  5.88%  2116  298s
 10950   429   16.00000   32  520   17.00000   16.00000  5.88%  2115  299s
 11034   418   16.00000   34  512   17.00000   16.00000  5.88%  2113  300s

Cutting planes:
  Cover: 129
  Implied bound: 71
  Clique: 322
  MIR: 24
  StrongCG: 1
  Flow cover: 21
  GUB cover: 4
  Inf proof: 1
  Zero half: 2
  RLT: 16
  Relax-and-lift: 53
  BQP: 46
  PSD: 1

Explored 11131 nodes (23659533 simplex iterations) in 300.01 seconds (1150.97 work units)
Thread count was 24 (of 48 available processors)

Solution count 5: 17 18 19 ... 21

Time limit reached
Best objective 1.700000000000e+01, best bound 1.600000000000e+01, gap 5.8824%

Gurobi 13.0.1 (linux64) logging started Mon Apr  6 17:03:21 2026

Set parameter LogFile to value "gurobi.log"
Set parameter LogToConsole to value 1
Set parameter DisplayInterval to value 1
Set parameter TimeLimit to value 300
Gurobi Optimizer version 13.0.1 build v13.0.1rc0 (linux64 - "Red Hat Enterprise Linux 8.10 (Ootpa)")

CPU model: AMD EPYC 9275F 24-Core Processor, instruction set [SSE2|AVX|AVX2|AVX512]
Thread count: 24 physical cores, 48 logical processors, using up to 24 threads

Non-default parameters:
TimeLimit  300
DisplayInterval  1

Optimize a model with 25185 rows, 18199 columns and 198662 nonzeros (Min)
Model fingerprint: 0xabfbf2a9
Model has 43 linear objective coefficients
Variable types: 0 continuous, 18199 integer (17692 binary)
Coefficient statistics:
  Matrix range     [1e+00, 4e+01]
  Objective range  [1e+00, 1e+00]
  Bounds range     [1e+00, 4e+01]
  RHS range        [1e+00, 8e+01]

Presolve removed 16490 rows and 12320 columns
Presolve time: 0.81s
Presolved: 8695 rows, 5879 columns, 103334 nonzeros
Variable types: 0 continuous, 5879 integer (5822 binary)
Found heuristic solution: objective 28.0000000

Root simplex log...

Iteration    Objective       Primal Inf.    Dual Inf.      Time
    3693    4.4010431e+00   2.908040e+03   0.000000e+00      1s
    5146    4.4005772e+00   0.000000e+00   0.000000e+00      1s

Root relaxation: objective 4.400577e+00, 5146 iterations, 0.34 seconds (0.89 work units)

    Nodes    |    Current Node    |     Objective Bounds      |     Work
 Expl Unexpl |  Obj  Depth IntInf | Incumbent    BestBd   Gap | It/Node Time

     0     0    4.40058    0  870   28.00000    4.40058  84.3%     -    1s
     0     0    6.53916    0  934   28.00000    6.53916  76.6%     -    2s
     0     0    7.00000    0  774   28.00000    7.00000  75.0%     -    3s
H    0     0                      23.0000000    7.00000  69.6%     -    3s
     0     0    7.00000    0  678   23.00000    7.00000  69.6%     -    3s
     0     0    7.96691    0 1084   23.00000    7.96691  65.4%     -    4s
     0     0    8.08262    0  978   23.00000    8.08262  64.9%     -    5s
     0     0    9.00000    0 1041   23.00000    9.00000  60.9%     -    6s
     0     0    9.00000    0 1021   23.00000    9.00000  60.9%     -    7s
     0     0    9.00000    0  964   23.00000    9.00000  60.9%     -    7s
     0     0    9.00000    0  988   23.00000    9.00000  60.9%     -    8s
     0     0    9.00000    0  947   23.00000    9.00000  60.9%     -    9s
H    0     0                      22.0000000    9.00000  59.1%     -    9s
     0     0    9.00000    0 1169   22.00000    9.00000  59.1%     -   11s
     0     0    9.00000    0 1170   22.00000    9.00000  59.1%     -   11s
     0     0    9.00000    0 1162   22.00000    9.00000  59.1%     -   12s
     0     0    9.00000    0 1089   22.00000    9.00000  59.1%     -   13s
     0     0    9.05422    0 1219   22.00000    9.05422  58.8%     -   14s
     0     0    9.05729    0 1131   22.00000    9.05729  58.8%     -   15s
H    0     0                      20.0000000    9.05729  54.7%     -   15s
     0     0    9.05729    0 1105   20.00000    9.05729  54.7%     -   15s
     0     0    9.05729    0 1048   20.00000    9.05729  54.7%     -   15s
     0     0    9.17819    0 1181   20.00000    9.17819  54.1%     -   16s
     0     0    9.23009    0 1228   20.00000    9.23009  53.8%     -   17s
     0     0    9.23009    0 1250   20.00000    9.23009  53.8%     -   17s
     0     0    9.23009    0 1177   20.00000    9.23009  53.8%     -   18s
     0     0    9.25000    0 1041   20.00000    9.25000  53.7%     -   19s
H    0     0                      19.0000000    9.30074  51.0%     -   20s
     0     0    9.30090    0 1154   19.00000    9.30090  51.0%     -   20s
     0     0    9.30090    0 1092   19.00000    9.30090  51.0%     -   20s
     0     0    9.30090    0 1160   19.00000    9.30090  51.0%     -   20s
     0     0    9.35088    0 1142   19.00000    9.35088  50.8%     -   21s
     0     0    9.35088    0 1101   19.00000    9.35088  50.8%     -   21s
     0     0    9.35088    0 1067   19.00000    9.35088  50.8%     -   22s
     0     0    9.35088    0 1108   19.00000    9.35088  50.8%     -   23s
     0     0    9.35088    0 1065   19.00000    9.35088  50.8%     -   23s
     0     0    9.45854    0 1122   19.00000    9.45854  50.2%     -   24s
     0     0    9.45854    0 1079   19.00000    9.45854  50.2%     -   24s
H    0     0                      18.0000000    9.46226  47.4%     -   24s
     0     0    9.46226    0 1107   18.00000    9.46226  47.4%     -   24s
     0     0    9.46226    0 1091   18.00000    9.46226  47.4%     -   24s
     0     0    9.46226    0 1103   18.00000    9.46226  47.4%     -   25s
     0     0    9.47500    0 1084   18.00000    9.47500  47.4%     -   25s
     0     0    9.47500    0 1082   18.00000    9.47500  47.4%     -   25s
     0     0    9.47500    0  976   18.00000    9.47500  47.4%     -   27s
     0     0    9.47500    0  933   18.00000    9.47500  47.4%     -   31s
     0     0    9.47626    0  840   18.00000    9.47626  47.4%     -   33s
     0     0    9.47626    0  801   18.00000    9.47626  47.4%     -   33s
H    0     0                      17.0000000    9.54063  43.9%     -   33s
     0     0    9.54063    0  843   17.00000    9.54063  43.9%     -   34s
     0     0    9.54063    0  826   17.00000    9.54063  43.9%     -   34s
     0     0   10.00000    0  878   17.00000   10.00000  41.2%     -   34s
     0     0   10.00000    0  935   17.00000   10.00000  41.2%     -   36s
     0     0   10.00000    0  844   17.00000   10.00000  41.2%     -   36s
     0     0   10.00000    0  911   17.00000   10.00000  41.2%     -   37s
     0     0   10.00000    0  850   17.00000   10.00000  41.2%     -   37s
     0     0   10.00000    0  747   17.00000   10.00000  41.2%     -   38s
     0     0   10.00000    0  881   17.00000   10.00000  41.2%     -   38s
     0     0   10.00000    0  790   17.00000   10.00000  41.2%     -   40s
     0     0   10.00000    0  793   17.00000   10.00000  41.2%     -   41s
     0     0   10.00000    0  854   17.00000   10.00000  41.2%     -   42s
     0     0   10.00000    0  811   17.00000   10.00000  41.2%     -   42s
     0     0   10.00000    0  647   17.00000   10.00000  41.2%     -   43s
     0     0   10.00000    0  685   17.00000   10.00000  41.2%     -   44s
     0     0   10.00000    0  635   17.00000   10.00000  41.2%     -   44s
H    0     0                      16.0000000   10.00000  37.5%     -   44s
     0     0   10.00000    0  788   16.00000   10.00000  37.5%     -   45s
     0     0   10.00000    0  781   16.00000   10.00000  37.5%     -   45s
     0     0   10.00000    0  776   16.00000   10.00000  37.5%     -   46s
     0     0   10.00000    0  759   16.00000   10.00000  37.5%     -   46s
     0     0   10.00000    0  737   16.00000   10.00000  37.5%     -   46s
     0     0   10.00000    0  885   16.00000   10.00000  37.5%     -   47s
     0     0   10.00000    0  729   16.00000   10.00000  37.5%     -   48s
     0     0   10.00000    0  648   16.00000   10.00000  37.5%     -   49s
     0     0   10.00000    0  614   16.00000   10.00000  37.5%     -   50s
     0     2   10.00000    0  613   16.00000   10.00000  37.5%     -   51s
     3     8   11.00000    2  565   16.00000   10.00000  37.5%  2115   52s
    15    30   11.00000    4  795   16.00000   10.02376  37.4%  3386   53s
    31    50   12.00000    5  692   16.00000   10.03551  37.3%  5792   54s
    55    86     cutoff    6        16.00000   10.04109  37.2%  5171   55s
    97   133   11.49905    9  594   16.00000   10.04648  37.2%  3969   56s
   177   175   14.00000   12  490   16.00000   10.04648  37.2%  3268   58s
   240   217   12.75109   12  601   16.00000   10.04648  37.2%  2989   59s
   277   242   12.83714   13  599   16.00000   10.04648  37.2%  2766   60s
H  303   242                      15.0000000   10.04648  33.0%  2680   60s
   326   248   13.67737   14  626   15.00000   10.04648  33.0%  2584   61s
   490   326     cutoff   17        15.00000   10.06231  32.9%  2052   62s
   570   339     cutoff   20        15.00000   10.06231  32.9%  1908   63s
   634   377   11.00000   11  858   15.00000   10.07460  32.8%  1850   64s
   705   414   11.00000   12  783   15.00000   10.08276  32.8%  1808   65s
*  830   459              27      14.0000000   10.22487  27.0%  1716   65s
   869   466   12.37500   14  480   14.00000   10.22487  27.0%  1692   66s
   981   500     cutoff   16        14.00000   10.22487  27.0%  1635   67s
  1072   550   12.71439   14  557   14.00000   10.22487  27.0%  1606   68s
  1286   590 infeasible   21        14.00000   10.31063  26.4%  1523   69s
  1397   646     cutoff   25        14.00000   10.31063  26.4%  1504   70s
  1535   686   11.00000   13  783   14.00000   10.31063  26.4%  1480   71s
  1671   723   11.00000   14  812   14.00000   11.00000  21.4%  1444   72s
  1883   786   12.00000   16  541   14.00000   11.00000  21.4%  1406   74s
  1907   822   12.00000   17  484   14.00000   11.00000  21.4%  1414   75s
  1955   851   12.15126   18  592   14.00000   11.00000  21.4%  1407   76s
  2008   876   12.17491   19  609   14.00000   11.00000  21.4%  1400   77s
  2059   901   12.20222   20  624   14.00000   11.00000  21.4%  1401   78s
  2124   919   12.21043   21  623   14.00000   11.00000  21.4%  1397   80s
  2156   933   12.21529   22  598   14.00000   11.00000  21.4%  1407   81s
  2192   954   12.22656   23  625   14.00000   11.00000  21.4%  1408   82s
  2223   973   12.23070   24  602   14.00000   11.00000  21.4%  1408   83s
  2260   996   12.23441   25  578   14.00000   11.00000  21.4%  1398   85s
  2312  1023   12.33162   26  562   14.00000   11.00000  21.4%  1387   87s
  2387  1056   12.38967   27  581   14.00000   11.00000  21.4%  1374   88s
  2436  1080   12.39328   28  564   14.00000   11.00000  21.4%  1373   89s
  2502  1108     cutoff   29        14.00000   11.00000  21.4%  1370   90s
  2562  1149   12.54074   30  536   14.00000   11.00000  21.4%  1373   92s
  2637  1156 infeasible   31        14.00000   11.00000  21.4%  1371   93s
  2685  1161     cutoff   32        14.00000   11.00000  21.4%  1368   95s
* 2728  1161              22      13.0000000   11.00000  15.4%  1362   95s
  2743  1225     cutoff   33        13.00000   11.00000  15.4%  1365   96s
  3029  1280   11.11094   11  897   13.00000   11.00000  15.4%  1338   97s
  3253  1344   11.25024   16  788   13.00000   11.00000  15.4%  1347   98s
  3506  1290   11.84789   26  594   13.00000   11.00000  15.4%  1347  100s
  3568  1326   11.85811   21  648   13.00000   11.00000  15.4%  1350  102s
  3667  1335   11.69353   17  572   13.00000   11.00000  15.4%  1360  104s
  3825  1308     cutoff   20        13.00000   11.00000  15.4%  1367  106s
  4039  1318   12.00000   17  584   13.00000   11.00000  15.4%  1364  108s
  4329  1311   11.50000   19  618   13.00000   11.00000  15.4%  1349  109s
  4594  1296   11.77459   19  628   13.00000   11.02095  15.2%  1350  111s
  4862  1257   12.00000   18  730   13.00000   11.03623  15.1%  1355  113s
  5016  1259 infeasible   17        13.00000   11.08052  14.8%  1379  115s
  5341  1250     cutoff   18        13.00000   11.08070  14.8%  1381  116s
  5660  1235 infeasible   26        13.00000   11.10129  14.6%  1385  118s
  6046  1193     cutoff   19        13.00000   11.15287  14.2%  1377  119s
  6506  1126   11.68580   32  703   13.00000   11.25181  13.4%  1357  121s
  6883  1021   11.65073   34  770   13.00000   11.35567  12.6%  1364  123s
  7258   945     cutoff   29        13.00000   11.41771  12.2%  1360  125s
  7556   795   12.00000   18  533   13.00000   11.48130  11.7%  1377  126s
  7975   524     cutoff   19        13.00000   11.50000  11.5%  1380  128s
  8457   365   11.90643   20  608   13.00000   11.50000  11.5%  1370  130s
  8776   260   11.55961   17  643   13.00000   11.50000  11.5%  1386  133s
  9046   143     cutoff   21        13.00000   11.50000  11.5%  1411  135s
  9093   143     cutoff   32        13.00000   11.65207  10.4%  1410  136s
  9295    69   12.00000    9  798   13.00000   12.00000  7.69%  1430  138s
  9417    46   12.00000   11  698   13.00000   12.00000  7.69%  1440  140s
  9506    21   12.00000   13  676   13.00000   12.00000  7.69%  1461  142s
  9575     9 infeasible   16        13.00000   12.00000  7.69%  1487  144s
  9621     1 infeasible   23        13.00000   12.00000  7.69%  1506  146s
  9643     1   12.00000   21  682   13.00000   12.00000  7.69%  1516  148s

Cutting planes:
  Gomory: 8
  Cover: 856
  Implied bound: 1456
  Clique: 830
  MIR: 119
  Knapsack: 3
  StrongCG: 23
  GUB cover: 53
  Inf proof: 2
  Zero half: 54
  RLT: 291
  Relax-and-lift: 252
  BQP: 197
  PSD: 18

Explored 9652 nodes (14948900 simplex iterations) in 148.87 seconds (522.85 work units)
Thread count was 24 (of 48 available processors)

Solution count 10: 13 14 15 ... 23

Optimal solution found (tolerance 1.00e-04)
Best objective 1.300000000000e+01, best bound 1.300000000000e+01, gap 0.0000%

Gurobi 13.0.1 (linux64) logging started Mon Apr  6 17:13:33 2026

Set parameter LogFile to value "gurobi.log"
Set parameter LogToConsole to value 1
Set parameter DisplayInterval to value 1
Set parameter TimeLimit to value 300
Warning: variables 61361 and 61388 have the same name "one_pin_net_bin_A"
Warning: linear constraint 10933 and linear constraint 10936 have the same name "mar_constraint_B_pp_6_3_left_edge"
Warning: to let Gurobi read it back, use rlp format
Warning: variables 61361 and 61388 have the same name "one_pin_net_bin_A"
Warning: linear constraint 10933 and linear constraint 10936 have the same name "mar_constraint_B_pp_6_3_left_edge"
Warning: default variable names used to write mps file
Warning: default constraint names used to write mps file
Gurobi Optimizer version 13.0.1 build v13.0.1rc0 (linux64 - "Red Hat Enterprise Linux 8.10 (Ootpa)")

CPU model: AMD EPYC 9275F 24-Core Processor, instruction set [SSE2|AVX|AVX2|AVX512]
Thread count: 24 physical cores, 48 logical processors, using up to 24 threads

Non-default parameters:
TimeLimit  300
DisplayInterval  1

Optimize a model with 196705 rows, 66552 columns and 1923502 nonzeros (Min)
Model fingerprint: 0x29b5a097
Model has 3879 linear objective coefficients
Model has 4386 simple general constraints
  4386 INDICATOR
Variable types: 0 continuous, 66552 integer (50605 binary)
Coefficient statistics:
  Matrix range     [2e-01, 4e+01]
  Objective range  [1e+00, 1e+02]
  Bounds range     [1e+00, 4e+01]
  RHS range        [1e+00, 8e+01]
  GenCon rhs range [1e+00, 1e+00]
  GenCon coe range [1e+00, 1e+00]

Presolve removed 47943 rows and 17150 columns (presolve time = 1s)...
Presolve removed 50671 rows and 19361 columns (presolve time = 2s)...
Presolve removed 65399 rows and 21031 columns (presolve time = 3s)...
Presolve removed 77937 rows and 28752 columns (presolve time = 4s)...
Presolve removed 86901 rows and 31987 columns (presolve time = 5s)...
Presolve removed 71469 rows and 22397 columns
Presolve time: 5.33s
Presolved: 125236 rows, 44155 columns, 589999 nonzeros
Variable types: 0 continuous, 44155 integer (34696 binary)

Deterministic concurrent LP optimizer: primal simplex, dual simplex, and barrier
Showing barrier log only...

Root barrier log...

Ordering time: 2.09s
Elapsed ordering time = 2s
Elapsed ordering time = 3s
Ordering time: 3.90s

Barrier statistics:
 Dense cols : 1069
 AA' NZ     : 5.074e+06
 Factor NZ  : 9.680e+07 (roughly 800 MB of memory)
 Factor Ops : 3.227e+11 (less than 1 second per iteration)
 Threads    : 21

                  Objective                Residual
Iter       Primal          Dual         Primal    Dual     Compl     Time
   0   4.99129288e+06 -9.97958274e+06  7.76e+03 1.00e+00  6.84e+03    10s
   1   4.14413030e+06 -1.15717990e+07  5.66e+03 1.80e+01  3.72e+03    10s
   2   3.13782804e+06 -1.15082740e+07  3.91e+03 1.02e+01  2.37e+03    10s
   3   2.73031078e+06 -1.14195210e+07  3.32e+03 6.58e+00  1.95e+03    10s
   4   1.29721637e+06 -1.12103719e+07  1.42e+03 3.12e+00  8.18e+02    10s
   5   3.85625359e+05 -1.00495244e+07  3.36e+02 1.35e+00  2.47e+02    10s
   6   2.35610650e+05 -7.95011848e+06  1.99e+02 6.25e-01  1.48e+02    10s
   7   9.35495403e+04 -4.82174406e+06  1.00e+02 9.05e-02  6.09e+01    10s
   8   4.44340951e+04 -1.71428431e+06  4.45e+01 5.94e-03  2.26e+01    11s
   9   1.45764541e+04 -8.91122158e+05  1.10e+01 2.99e-05  7.63e+00    11s
  10   7.89113961e+03 -4.42622251e+05  3.40e+00 2.62e-05  3.01e+00    11s
  11   6.60309392e+03 -2.71123567e+05  1.94e+00 1.82e-04  1.73e+00    11s
  12   5.15853629e+03 -1.49019353e+05  4.45e-01 2.03e-04  8.11e-01    12s
  13   4.21377469e+03 -4.88730442e+04  2.22e-01 4.48e-04  2.72e-01    12s
  14   2.38052695e+03 -1.85862587e+04  4.45e-02 9.32e-05  1.03e-01    12s
  15   3.79595846e+02 -3.57772744e+03  1.20e-03 7.67e-06  1.92e-02    12s
  16   1.60887204e+02 -2.34428647e+03  4.13e-04 4.90e-06  1.21e-02    13s
  17   7.33824642e+01 -1.58408348e+03  2.46e-04 3.10e-06  8.02e-03    13s
  18  -1.33801966e+01 -9.71019485e+02  1.36e-04 1.68e-06  4.63e-03    13s
  19  -8.91042303e+01 -6.69967463e+02  6.33e-05 9.97e-07  2.81e-03    14s
  20  -1.36946740e+02 -4.17975278e+02  3.05e-05 4.54e-07  1.36e-03    14s
  21  -1.62048851e+02 -2.61558376e+02  1.57e-05 1.34e-07  4.81e-04    14s
  22  -1.79665625e+02 -2.15505356e+02  6.05e-06 4.26e-08  1.73e-04    15s
  23  -1.83060428e+02 -2.07346895e+02  4.28e-06 2.75e-08  1.18e-04    15s
  24  -1.86793567e+02 -1.99057584e+02  2.43e-06 1.23e-08  5.93e-05    15s
  25  -1.89459273e+02 -1.95144836e+02  1.12e-06 5.36e-09  2.75e-05    16s
  26  -1.90519921e+02 -1.93307065e+02  6.38e-07 2.13e-09  1.35e-05    16s
  27  -1.90929709e+02 -1.92714087e+02  4.53e-07 1.19e-09  8.64e-06    16s
  28  -1.91123863e+02 -1.92517891e+02  3.74e-07 8.63e-10  6.75e-06    17s
  29  -1.91382923e+02 -1.92418486e+02  2.56e-07 7.02e-10  5.01e-06    17s
  30  -1.91575552e+02 -1.92298100e+02  1.68e-07 5.08e-10  3.50e-06    17s
  31  -1.91750989e+02 -1.92130914e+02  8.89e-08 2.51e-10  1.84e-06    18s
  32  -1.91797951e+02 -1.92050678e+02  6.90e-08 1.31e-10  1.22e-06    18s
  33  -1.91833558e+02 -1.92028181e+02  5.35e-08 9.74e-11  9.42e-07    18s
  34  -1.91907967e+02 -1.91985894e+02  2.07e-08 3.67e-11  3.77e-07    19s
  35  -1.91924509e+02 -1.91981009e+02  1.36e-08 3.02e-11  2.74e-07    19s
  36  -1.91946082e+02 -1.91961353e+02  4.68e-09 4.68e-12  7.40e-08    20s
  37  -1.91956538e+02 -1.91957991e+02  5.67e-09 8.14e-13  7.04e-09    20s
  38  -1.91957205e+02 -1.91957214e+02  1.76e-10 2.12e-12  4.28e-11    20s
  39  -1.91957208e+02 -1.91957209e+02  1.55e-08 3.88e-12  3.22e-12    21s

Barrier solved model in 39 iterations and 20.82 seconds (49.23 work units)
Optimal objective -1.91957208e+02


Root crossover log...

   45413 DPushes remaining with DInf 0.0000000e+00                21s
    1170 DPushes remaining with DInf 0.0000000e+00                21s
       0 DPushes remaining with DInf 0.0000000e+00                21s

    8479 PPushes remaining with PInf 1.0598854e-06                21s
       0 PPushes remaining with PInf 0.0000000e+00                21s

  Push phase complete: Pinf 0.0000000e+00, Dinf 7.1942279e-13     21s


Root simplex log...

Iteration    Objective       Primal Inf.    Dual Inf.      Time
   24005   -1.9195721e+02   0.000000e+00   0.000000e+00     21s
Crossover time: 0.56 seconds (1.50 work units)
   24005   -1.9195721e+02   0.000000e+00   0.000000e+00     21s
Concurrent spin time: 0.46s

Solved with barrier

Root relaxation: objective -1.919572e+02, 24005 iterations, 16.27 seconds (37.19 work units)

    Nodes    |    Current Node    |     Objective Bounds      |     Work
 Expl Unexpl |  Obj  Depth IntInf | Incumbent    BestBd   Gap | It/Node Time

     0     0 -191.95721    0 8208          - -191.95721      -     -   24s
     0     0    8.14634    0 8823          -    8.14634      -     -  169s
     0     0    8.14643    0 8776          -    8.14643      -     -  171s
     0     0   15.29904    0 9176          -   15.29904      -     -  211s
     0     0   15.29904    0 9124          -   15.29904      -     -  211s
     0     0   22.45890    0 9544          -   22.45890      -     -  221s
     0     0   22.48568    0 9471          -   22.48568      -     -  223s
     0     0   22.48862    0 9493          -   22.48862      -     -  223s
     0     0          -    0               -   50.18817      -     -  300s

Cutting planes:
  Learned: 2
  Gomory: 3
  Cover: 1778
  Implied bound: 277
  Clique: 1808
  MIR: 76
  StrongCG: 7
  Flow cover: 1
  GUB cover: 42
  Zero half: 308
  RLT: 977
  Relax-and-lift: 315
  BQP: 178
  PSD: 45

Explored 1 nodes (549892 simplex iterations) in 300.02 seconds (555.26 work units)
Thread count was 24 (of 48 available processors)

Solution count 0

Time limit reached
Best objective -, best bound 5.100000000000e+01, gap -

Gurobi 13.0.1 (linux64) logging started Mon Apr  6 17:27:51 2026

Set parameter LogFile to value "gurobi.log"
Set parameter LogToConsole to value 1
Set parameter DisplayInterval to value 1
Set parameter TimeLimit to value 300
Warning: variables 61382 and 61409 have the same name "one_pin_net_bin_A"
Warning: linear constraint 10889 and linear constraint 10892 have the same name "mar_constraint_n3_pp_6_3_left_edge"
Warning: to let Gurobi read it back, use rlp format
Warning: variables 61382 and 61409 have the same name "one_pin_net_bin_A"
Warning: linear constraint 10889 and linear constraint 10892 have the same name "mar_constraint_n3_pp_6_3_left_edge"
Warning: default variable names used to write mps file
Warning: default constraint names used to write mps file
Gurobi Optimizer version 13.0.1 build v13.0.1rc0 (linux64 - "Red Hat Enterprise Linux 8.10 (Ootpa)")

CPU model: AMD EPYC 9275F 24-Core Processor, instruction set [SSE2|AVX|AVX2|AVX512]
Thread count: 24 physical cores, 48 logical processors, using up to 24 threads

Non-default parameters:
TimeLimit  300
DisplayInterval  1

Optimize a model with 196747 rows, 66573 columns and 1924006 nonzeros (Min)
Model fingerprint: 0x1bc7aed8
Model has 3879 linear objective coefficients
Model has 4386 simple general constraints
  4386 INDICATOR
Variable types: 0 continuous, 66573 integer (50626 binary)
Coefficient statistics:
  Matrix range     [2e-01, 4e+01]
  Objective range  [1e+00, 1e+02]
  Bounds range     [1e+00, 4e+01]
  RHS range        [1e+00, 8e+01]
  GenCon rhs range [1e+00, 1e+00]
  GenCon coe range [1e+00, 1e+00]

Presolve removed 47966 rows and 17150 columns (presolve time = 1s)...
Presolve removed 49827 rows and 18967 columns (presolve time = 2s)...
Presolve removed 64723 rows and 20635 columns (presolve time = 3s)...
Presolve removed 78047 rows and 28878 columns (presolve time = 4s)...
Presolve removed 86999 rows and 32202 columns (presolve time = 5s)...
Presolve removed 71508 rows and 22599 columns
Presolve time: 5.26s
Presolved: 125239 rows, 43974 columns, 571177 nonzeros
Variable types: 0 continuous, 43974 integer (34707 binary)

Deterministic concurrent LP optimizer: primal simplex, dual simplex, and barrier
Showing barrier log only...

Root barrier log...

Ordering time: 2.12s
Elapsed ordering time = 2s
Elapsed ordering time = 3s
Ordering time: 3.86s

Barrier statistics:
 Dense cols : 988
 AA' NZ     : 4.926e+06
 Factor NZ  : 9.390e+07 (roughly 800 MB of memory)
 Factor Ops : 3.139e+11 (less than 1 second per iteration)
 Threads    : 21

                  Objective                Residual
Iter       Primal          Dual         Primal    Dual     Compl     Time
   0   4.98637786e+06 -9.80917939e+06  7.75e+03 1.00e+00  6.82e+03    10s
   1   4.10824632e+06 -1.13306057e+07  5.55e+03 1.63e+01  3.56e+03    10s
   2   3.15043103e+06 -1.12677946e+07  3.91e+03 9.28e+00  2.31e+03    10s
   3   2.75741048e+06 -1.11622807e+07  3.35e+03 6.16e+00  1.91e+03    10s
   4   1.34842948e+06 -1.09271669e+07  1.51e+03 1.91e+00  8.17e+02    10s
   5   3.31744861e+05 -9.70123817e+06  2.32e+02 7.03e-01  2.01e+02    10s
   6   2.00737918e+05 -7.41750814e+06  1.64e+02 3.36e-01  1.22e+02    10s
   7   9.00450911e+04 -2.77104687e+06  7.15e+01 9.67e-03  4.49e+01    10s
   8   3.15651092e+04 -1.06417808e+06  2.23e+01 4.85e-02  1.40e+01    11s
   9   1.10371533e+04 -6.05583455e+05  5.18e+00 2.38e-02  4.82e+00    11s
  10   7.43187432e+03 -3.00567804e+05  2.14e+00 1.06e-02  2.09e+00    11s
  11   5.75228388e+03 -1.45054493e+05  7.86e-01 4.16e-03  8.87e-01    11s
  12   4.21945805e+03 -7.81602240e+04  2.60e-01 2.01e-03  4.33e-01    11s
  13   2.77299384e+03 -2.17411476e+04  7.27e-02 4.59e-04  1.22e-01    12s
  14   1.28298213e+03 -3.45521993e+03  9.02e-03 1.60e-04  2.31e-02    12s
  15   4.37515734e+02 -1.62656199e+03  2.56e-03 7.14e-05  1.00e-02    12s
  16   2.14263550e+02 -9.27128422e+02  1.43e-03 3.77e-05  5.54e-03    12s
  17   3.56835523e+01 -5.78610412e+02  7.42e-04 1.99e-05  2.98e-03    13s
  18  -7.20004450e+01 -3.68873265e+02  3.65e-04 9.07e-06  1.44e-03    13s
  19  -1.32034618e+02 -2.63060147e+02  1.71e-04 3.41e-06  6.36e-04    13s
  20  -1.65517545e+02 -2.11243260e+02  6.89e-05 9.15e-07  2.22e-04    13s
  21  -1.74701288e+02 -2.01168512e+02  4.25e-05 4.59e-07  1.29e-04    14s
  22  -1.77910516e+02 -1.97801425e+02  3.36e-05 3.13e-07  9.66e-05    14s
  23  -1.82056420e+02 -1.95129662e+02  2.23e-05 1.99e-07  6.35e-05    14s
  24  -1.85092972e+02 -1.93268672e+02  1.39e-05 1.23e-07  3.97e-05    14s
  25  -1.87131902e+02 -1.92153903e+02  8.15e-06 7.77e-08  2.44e-05    15s
  26  -1.88692695e+02 -1.91051567e+02  3.73e-06 3.47e-08  1.15e-05    15s
  27  -1.89127863e+02 -1.90467051e+02  2.52e-06 1.31e-08  6.51e-06    15s
  28  -1.89408825e+02 -1.90330149e+02  1.75e-06 8.38e-09  4.48e-06    15s
  29  -1.89541352e+02 -1.90253683e+02  1.39e-06 5.78e-09  3.46e-06    16s
  30  -1.89709050e+02 -1.90211144e+02  9.32e-07 4.37e-09  2.44e-06    16s
  31  -1.89967661e+02 -1.90114795e+02  2.47e-07 1.40e-09  7.15e-07    16s
  32  -1.90033690e+02 -1.90083617e+02  7.52e-08 4.98e-10  2.43e-07    17s
  33  -1.90049982e+02 -1.90069997e+02  4.11e-08 1.34e-10  9.73e-08    17s
  34  -1.90058305e+02 -1.90067988e+02  1.69e-08 8.61e-11  4.70e-08    17s
  35  -1.90062434e+02 -1.90064716e+02  4.79e-09 9.93e-12  1.11e-08    17s
  36  -1.90064112e+02 -1.90064137e+02  9.49e-10 4.19e-13  1.21e-10    18s
  37  -1.90064130e+02 -1.90064134e+02  8.94e-08 1.42e-10  2.02e-11    18s
  38  -1.90064131e+02 -1.90064134e+02  1.48e-07 9.17e-09  1.82e-11    18s
  39  -1.90064133e+02 -1.90064134e+02  5.74e-08 1.65e-09  5.32e-12    18s

Barrier solved model in 39 iterations and 18.50 seconds (47.46 work units)
Optimal objective -1.90064133e+02


Root crossover log...

   45203 DPushes remaining with DInf 0.0000000e+00                19s
       0 DPushes remaining with DInf 0.0000000e+00                19s

    8655 PPushes remaining with PInf 4.4788816e-06                19s
      16 PPushes remaining with PInf 0.0000000e+00                19s
       0 PPushes remaining with PInf 0.0000000e+00                19s

  Push phase complete: Pinf 0.0000000e+00, Dinf 2.1738884e-12     19s


Root simplex log...

Iteration    Objective       Primal Inf.    Dual Inf.      Time
   25293   -1.9006413e+02   0.000000e+00   0.000000e+00     19s
Crossover time: 0.54 seconds (1.49 work units)
   25293   -1.9006413e+02   0.000000e+00   0.000000e+00     19s
Concurrent spin time: 2.15s (can be avoided by choosing Method=3)

Solved with barrier

Root relaxation: objective -1.900641e+02, 25293 iterations, 15.68 seconds (35.73 work units)

    Nodes    |    Current Node    |     Objective Bounds      |     Work
 Expl Unexpl |  Obj  Depth IntInf | Incumbent    BestBd   Gap | It/Node Time

     0     0 -190.06413    0 7858          - -190.06413      -     -   25s
     0     0    6.56721    0 8692          -    6.56721      -     -  157s
     0     0    6.58354    0 8672          -    6.58354      -     -  159s
     0     0    6.58354    0 8785          -    6.58354      -     -  162s
     0     0   29.83065    0 9349          -   29.83065      -     -  203s
     0     0   29.89432    0 9438          -   29.89432      -     -  206s
     0     0   29.90032    0 9470          -   29.90032      -     -  207s

Cutting planes:
  Learned: 5
  Cover: 1605
  Implied bound: 317
  Clique: 1785
  MIR: 34
  StrongCG: 2
  GUB cover: 72
  Zero half: 318
  RLT: 952
  Relax-and-lift: 322
  BQP: 138
  PSD: 44

Explored 1 nodes (388694 simplex iterations) in 300.02 seconds (549.54 work units)
Thread count was 24 (of 48 available processors)

Solution count 0

Time limit reached
Best objective -, best bound 3.000000000000e+01, gap -
